month,year,month_num,dewpoint_2m_c,temperature_2m_c,skin_temperature_c,soil_temperature_layer_1_c,soil_temperature_layer_2_c,soil_temperature_layer_3_c,soil_temperature_layer_4_c
1950-01-01,1950,1,16.68564326944255,20.762312602474083,21.07766237550169,21.661654397819632,21.67995653264489,21.83522519057118,22.45846841045909
1950-02-01,1950,2,15.781275847934635,21.051057165231043,21.518683583043757,22.132758051096346,22.062957156666016,21.96404789362276,22.21606105006856
1950-03-01,1950,3,17.330138768231222,23.197593541993,23.83888596166554,24.374884181369907,24.100145681406616,23.304599211714503,22.380270378572845
1950-04-01,1950,4,16.499825679387754,23.66160029304524,24.452372542152037,25.059721576448737,24.75223095206053,24.059085893145607,22.955560900181126
1950-05-01,1950,5,19.01117716694404,24.804520826705694,25.50173712650502,26.15437663652608,25.94116405944112,25.252761675925058,23.687375004588432
1950-06-01,1950,6,20.11232900597105,23.300547280307853,23.6838620179131,24.44995465140471,24.521240463794584,24.615165205009305,24.22365273376323
1950-07-01,1950,7,19.68238914447926,23.01796779408528,23.304977371586237,24.00289015086633,23.99058982233754,24.036732018096643,24.194166970010315
1950-08-01,1950,8,19.95380010522712,23.25068045834968,23.653126682409948,24.370907384861997,24.35955608848866,24.277649298588017,24.16702243264245
1950-09-01,1950,9,20.582794108200403,23.20200355906178,23.57901633314168,24.263621823304163,24.26597452066613,24.304096018194517,24.239210054999543
1950-10-01,1950,10,19.49949818299729,21.813657842171608,22.008986019173392,22.74105210270659,22.912496367524,23.392492322092835,24.0687329847176
1950-11-01,1950,11,16.399569532473606,20.230367078908102,20.372036702537685,21.16530484503477,21.44761743986152,22.235121416466825,23.47034144509837
1950-12-01,1950,12,14.85020628640126,19.766597203528818,19.92962043302174,20.589263165622583,20.695612695465456,21.21601382788032,22.666105710405247
1951-01-01,1951,1,15.04790972035289,20.52233957456445,20.88052197533284,21.480529966780068,21.48120331312407,21.55918129343678,22.10387546954536
1951-02-01,1951,2,14.198655945636744,20.31872992579042,20.84924081251228,21.49337803445576,21.46182348001912,21.47894792788276,21.838264808266445
1951-03-01,1951,3,15.950673308107412,22.989943815155183,23.71364698298015,24.256902698585577,23.944498098876807,23.081438429913877,22.048351352963493
1951-04-01,1951,4,17.720029625709685,24.76496679534557,25.51103129435444,26.033343873886565,25.629382142594977,24.569825404084327,22.807363717147155
1951-05-01,1951,5,18.58660247253084,25.20877793565245,25.939793277701654,26.615769343125976,26.389878086457543,25.53583097286122,23.727831228281616
1951-06-01,1951,6,20.491426630102296,23.935826422707063,24.31012420773789,24.993560040622583,24.96339863633028,24.947616292763826,24.343664197092835
1951-07-01,1951,7,20.465467044648108,23.40379639627793,23.709544770458137,24.42855802937794,24.431369374632936,24.45020433633516,24.465189064641265
1951-08-01,1951,8,20.5937875100945,24.181571455009305,24.53258200983754,25.190612687818145,25.104411355349495,24.87041145629405,24.542970126517275
1951-09-01,1951,9,20.913722806137457,23.441887878083435,23.76575293962901,24.48188927754262,24.542768619689756,24.688193076424284,24.676166521877462
1951-10-01,1951,10,19.4635083753426,22.533233178959502,22.7754809015882,23.4829205183658,23.574458722836766,23.897319691537803,24.48745939274181
1951-11-01,1951,11,18.299459258149,21.67539796642524,21.820200887394776,22.50841897054869,22.67905778160485,23.17943613265959,24.062681662037505
1951-12-01,1951,12,17.78005074760182,21.90250113180309,22.090384071248536,22.695084648162208,22.755703981499607,22.9893148232552,23.588966640869728
1952-01-01,1952,1,16.15059197888121,21.24030725393993,21.595185248629605,22.29117874229155,22.40784545994029,22.67877616912199,23.24971823457082
1952-02-01,1952,2,15.509880564188563,21.9584672633614,22.496065301977296,23.10716018378037,22.9922770118564,22.817434661315588,22.981999016554937
1952-03-01,1952,3,16.985984798661434,24.846897291931786,25.68060215746135,26.204176926818263,25.740929936802612,24.61278306547331,23.290363920565824
1952-04-01,1952,4,18.208997031311185,23.98748214351264,24.659386776869667,25.346557177466764,25.240770681406616,24.97256757934861,24.00890381050561
1952-05-01,1952,5,19.94716815993297,24.24575233549092,24.75603816929328,25.42688995815388,25.338271308486696,25.008019971735564,24.370687333288515
1952-06-01,1952,6,20.8340085022881,23.33139847267768,23.69789809642964,24.45153821976561,24.52386942051686,24.714234488180352,24.609826803543456
1952-07-01,1952,7,20.27030806455565,22.995086445281917,23.335147952660066,24.070820128964385,24.107498004050058,24.23553609228173,24.504164385216825
1952-08-01,1952,8,20.346842040059755,23.249933506570585,23.595481008650665,24.298232628352597,24.26843064800317,24.24428634464323,24.37034301279857
1952-09-01,1952,9,20.64899598362865,22.9364483408379,23.377904489587426,24.11084829403632,24.16854405772807,24.28595619769237,24.354419193850333
1952-10-01,1952,10,18.23561696266887,20.89348857643648,21.071861120118,21.87730398394677,22.160703836200582,22.946419105141445,24.031878074221822
1952-11-01,1952,11,18.241999987764306,21.23839695392036,21.383457780687195,21.97562650652168,22.044870485023523,22.32205172951745,23.28679549083546
1952-12-01,1952,12,16.213500345658815,20.21062743949443,20.386111591192787,21.038151933853783,21.160941285422386,21.643697921764897,22.733150320269715
1953-01-01,1953,1,14.579222619542918,20.161854566366515,20.50793661597009,21.172542266726225,21.253127408905183,21.54047251248045,22.19368595371236
1953-02-01,1953,2,16.50199751768065,22.336814494420537,22.863578577721228,23.33606027768945,23.081195054020668,22.46301474097009,22.07051232441762
1953-03-01,1953,3,16.222341601103665,23.903438119432792,24.6692998039228,25.210475257867586,24.844414207799048,23.89378624828703,22.553114293754906
1953-04-01,1953,4,18.04464756570576,26.6988800120522,27.692382659553687,28.17435812236937,27.58105835821266,25.95403583380238,23.537369039680414
1953-05-01,1953,5,20.0613363076302,25.008864235635315,25.61859713011455,26.397401517839683,26.373627918216528,26.11204395219511,24.626204681993958
1953-06-01,1953,6,20.74525048025157,23.92183737519582,24.384524199172915,25.14659376988305,25.1660464436913,25.20074442816417,25.00849563491096
1953-07-01,1953,7,20.32279982839418,23.44996956367464,23.78721647568767,24.54492822227388,24.57530432501716,24.69611187414353,24.931991292763826
1953-08-01,1953,8,20.39576537416798,23.99850097273884,24.364636392974266,25.044421205094977,24.98692809532844,24.875246473057015,24.856658902089865
1953-09-01,1953,9,20.77535051481749,23.16584742224211,23.529343561875976,24.299998394063262,24.421565704226225,24.710390755004426,24.865764754735267
1953-10-01,1953,10,19.82161946487128,22.09733968927418,22.300111956734558,22.979957373849857,23.109435069682377,23.54094702855815,24.467578660312256
1953-11-01,1953,11,18.157963611002344,21.16399581538764,21.300448247540658,22.017635326938148,22.23061408727733,22.83750237066857,23.89217553194743
1953-12-01,1953,12,17.34286027279512,20.92987833881904,21.08992943819743,21.689373822313087,21.80748703014882,22.261934824968197,23.289369769234558
1954-01-01,1954,1,16.648990248140194,20.818990125783102,21.12037035196016,21.74616471711045,21.810776523957543,22.01840980906178,22.71574177454488
1954-02-01,1954,2,15.268947606695406,20.853544340678862,21.346584134262457,21.973692882182377,21.907398474207127,21.930172760559454,22.388917009776375
1954-03-01,1954,3,17.657058742108006,23.277647195575582,23.87167727859486,24.357451928959502,24.049862462986997,23.24970695477685,22.4738152392693
1954-04-01,1954,4,18.54150929760914,23.72660555440001,24.39842339069844,25.04619538285533,24.89559751553935,24.40167522146635,23.139081044746035
1954-05-01,1954,5,20.4804328458423,23.4448812295052,23.947872860280484,24.636065516102235,24.59041160159313,24.37993714669392,23.650697511868657
1954-06-01,1954,6,20.69143477449592,22.808890121806485,23.198438570624543,23.922400408978604,23.967172205364136,24.027863805856043,23.881779194400963
1954-07-01,1954,7,20.075530876810888,22.8042954220096,23.10540799205904,23.787681050252104,23.750698620729736,23.73453008760771,23.84412341853465
1954-08-01,1954,8,20.15498383356993,23.282921933119667,23.665876673233186,24.3750241272881,24.339538469068145,24.212891619151375,23.92645272275109
1954-09-01,1954,9,20.64597816078947,22.703373002520607,23.10082648388561,23.79237631227977,23.842372947459864,23.97660440730232,24.004163238119133
1954-10-01,1954,10,19.08780921930065,21.378831726886744,21.58784363223134,22.29547710851853,22.449685465813445,22.92298887009349,23.746364312108483
1954-11-01,1954,11,17.12031433535634,20.72777157920177,20.87621118221421,21.58559933560105,21.73932304412199,22.241985457860267,23.180583230349495
1954-12-01,1954,12,15.306332476323917,19.73745537789989,19.982952637101164,20.683152346808924,20.86947198328602,21.42426119261455,22.558847488009008
1955-01-01,1955,1,15.009052742022334,20.34549592092065,20.696438032253354,21.35581062334819,21.43361252416554,21.602968880004426,22.03914933529512
1955-02-01,1955,2,15.513968629172382,21.021886853342835,21.47233815981059,22.00053152683296,21.857983991104675,21.66962080009301,21.861815297388944
1955-03-01,1955,3,15.819602293583614,22.93733715036467,23.72874814170177,24.26703252710212,23.921445450151737,23.028730820526675,22.051805837656616
1955-04-01,1955,4,16.4325950485146,25.4881604606133,26.53026888734587,27.037892689775845,26.43419505860908,24.882783860794348,22.86785897275109
1955-05-01,1955,5,16.74321686723033,25.80421130151234,26.80167545088591,27.483030639744072,27.15472516304084,26.0917814274178,23.969538667898405
1955-06-01,1955,6,19.34783370601264,24.55599503842012,25.147728823047203,25.951964366557377,25.96404273168315,25.924533245949988,24.853676830462064
1955-07-01,1955,7,20.239826620007875,22.69354562542827,22.989055005628472,23.785704600932377,23.927995377961054,24.378451081636683,24.89524956257344
1955-08-01,1955,8,20.33612604462365,23.53690847995796,23.936265952305234,24.667200232784356,24.646224404426903,24.561650612397216,24.64676201087758
1955-09-01,1955,9,20.62005451772956,23.13122304320433,23.44322768818523,24.12519389774621,24.143540960564337,24.289033860794348,24.56269389774621
1955-10-01,1955,10,19.62526272360759,21.670804222543097,21.917865358261565,22.68086675466185,22.8974720643476,23.475031162820585,24.29360676573515
1955-11-01,1955,11,18.84066377190192,21.51121922719267,21.6566970239698,22.31882284070332,22.439818513850867,22.80631278448027,23.68278986393892
1955-12-01,1955,12,17.332606940093967,20.17587210013704,20.31258626174628,21.03518458331297,21.27248755016643,21.971842995974495,23.12736133883129
1956-01-01,1956,1,14.480215088464206,18.970145864942253,19.145766138899774,19.837590697190706,19.96014642319648,20.486905535740505,22.14619477106993
1956-02-01,1956,2,16.93702647807362,21.848963406054224,22.28304486375538,22.76907130206297,22.554074223338432,22.07742741165822,21.77823087711681
1956-03-01,1956,3,16.69381748758076,22.73782225797771,23.37940967293952,23.94882017178935,23.713353517154477,23.13513483750984,22.18783135828602
1956-04-01,1956,4,17.770611854260494,25.1846802809319,26.063400701106104,26.57913544011848,26.10489523939168,24.767633988657508,22.90685360280446
1956-05-01,1956,5,19.227312931308745,23.647762471246097,24.182213638532744,24.932094913921787,24.93968640643357,24.81425203877501,23.77027537227144
1956-06-01,1956,6,20.14756230269921,22.55791145629405,22.88866426591869,23.58397485408921,23.622184869322663,23.7715880343946,23.91248394063234
1956-07-01,1956,7,19.644607379050058,22.80687352406767,23.10968150450276,23.841540919268823,23.844841692871512,23.85849617022319,23.871175232172614
1956-08-01,1956,8,19.764970236638646,23.49053801175853,23.84624000495546,24.51276857380583,24.417825401025368,24.180783016530484,23.918100130922085
1956-09-01,1956,9,20.17578797963978,22.55763634403144,22.941271313075102,23.691018760400368,23.79003183578459,24.029956112042385,24.04986571309712
1956-10-01,1956,10,19.452233169782744,21.86503615651918,22.190994288983006,22.886211579874725,22.968699565938262,23.24331513526579,23.811929930684755
1956-11-01,1956,11,17.213181261318027,20.652503617181424,20.81014122302031,21.55917632268012,21.80324410697682,22.482048150572663,23.399779451350867
1956-12-01,1956,12,17.1652476813332,20.680057286058684,20.901269340067078,21.49984690069499,21.59466255444892,21.893295481658697,22.771215801194217
1957-01-01,1957,1,16.592218280454688,20.780076366116877,21.09579818116191,21.630680657179937,21.600258861712064,21.68177124119029,22.32286502177959
1957-02-01,1957,2,16.712446162881804,21.639793010045537,22.17156092465251,22.78026869616292,22.69678980887824,22.4183823169538,22.21504433914941
1957-03-01,1957,3,17.004008762296905,23.33905229083058,24.00993141885283,24.54722624131267,24.227228428445585,23.47144992383272,22.50048143690049
1957-04-01,1957,4,18.09361659253869,24.773650898406917,25.645433480569693,26.217258046507936,25.85933221325621,24.884638717758943,23.262091403802856
1957-05-01,1957,5,19.710224043473488,25.2700040836678,25.954429097127104,26.570866777603783,26.33169174732041,25.56723774287883,24.070750729554163
1957-06-01,1957,6,20.93501198334724,24.250292356964565,24.697487817822548,25.438724565020607,25.444862684759244,25.38717953914204,24.69253828247361
1957-07-01,1957,7,20.261628549885017,23.43098777346813,23.75807981199836,24.51476108249318,24.57129885106696,24.75032772581005,24.818037843517573
1957-08-01,1957,8,20.36701757659557,23.65466895525401,24.025648760216825,24.745091224855628,24.721810877239136,24.659150092379605,24.71939986907796
1957-09-01,1957,9,20.86701623831493,23.19251209040965,23.580048721062557,24.31641928867708,24.38646164717113,24.53365397262877,24.680500065766974
1957-10-01,1957,10,18.92761492389394,21.920025725577545,22.129276609607476,22.898815698108365,23.107089254906555,23.71942242866584,24.428514822031616
1957-11-01,1957,11,18.93882742144677,22.28913843786711,22.451737623580694,23.00708910196016,23.016117907877344,23.15122135314704,23.90391320905934
1957-12-01,1957,12,16.440490139548274,20.083227328761268,20.297166209866877,20.987824743356043,21.200997172021857,21.915082881631804,23.316892848840094
1958-01-01,1958,1,15.75276530840108,19.880506489514005,20.17938814573955,20.819951584830164,20.951540322778044,21.406441412367883,22.55941243362128
1958-02-01,1958,2,15.339711489636386,21.02630853257148,21.472611551426724,22.03857597763317,21.93384595854542,21.809182822900368,22.138159542935117
1958-03-01,1958,3,18.70725707529857,24.204287239379426,24.79211171507933,25.204151308303157,24.83027661113698,23.84031237764293,22.480982114452843
1958-04-01,1958,4,19.04276116355476,25.94099295070237,26.74356099653733,27.23917812744719,26.79084053965596,25.490270164447963,23.41104280356797
1958-05-01,1958,5,19.778067415696,24.57233200371968,25.20193282137092,25.94601991514537,25.91307737250395,25.696817339222832,24.379690711873536
1958-06-01,1958,6,21.388789681932792,23.71963750948271,24.04588432819844,24.709271187659112,24.71057964375734,24.684312444939337,24.61747220964668
1958-07-01,1958,7,20.898915304424463,23.33163668663127,23.613188755689634,24.32935950653388,24.36784138391988,24.484003952133943,24.618445522036552
1958-08-01,1958,8,20.72637938497212,23.782830738853303,24.10650480863353,24.77790223362865,24.7203047379723,24.60640501113454,24.546288488951177
1958-09-01,1958,9,21.01612784939067,23.443513889058863,23.772030240554045,24.488110561863778,24.535169097494133,24.649785378022216,24.6315434658257
1958-10-01,1958,10,20.20284055800954,22.68323034945189,22.912413585307377,23.58561960099354,23.674553893708435,23.96608399202233,24.46112336806237
1958-11-01,1958,11,19.46919472977441,22.29947914117565,22.480147027334624,23.14640755769136,23.26959820226853,23.595071877141265,24.15309093119862
1958-12-01,1958,12,17.778855089443027,20.851396017888646,21.077282877349266,21.72123293118642,21.8883664028852,22.4682728455976,23.630283761379246
1959-01-01,1959,1,17.106206754417087,20.66250898559861,20.934701884605037,21.5329768026258,21.636042382965456,22.005118196946,22.9605853792458
1959-02-01,1959,2,17.464105822056126,22.297742435273108,22.76582616269826,23.289367283856222,23.11534854945677,22.75333426885527,22.665208871194693
1959-03-01,1959,3,17.978750244714206,23.164069803188625,23.76238792855571,24.28402276453602,24.07696991086289,23.547108472616515,22.891072215152747
1959-04-01,1959,4,18.85737239685301,23.84273390086633,24.506439462301785,25.134892991080164,24.98350324399229,24.504154252520607,23.41244646877448
1959-05-01,1959,5,19.371257249657447,24.09928019619963,24.670830223424048,25.360032898761744,25.252240702390907,24.831720233579688,23.92789194798604
1959-06-01,1959,6,20.76467772672771,23.92615046250984,24.326833406237768,25.00587776679964,24.95839212846272,24.82909529169933,24.334565800582425
1959-07-01,1959,7,20.106819686949397,23.388577660043097,23.70500608726508,24.43779560707469,24.458917499204688,24.506324370166908,24.45867488804328
1959-08-01,1959,8,20.24784865651918,23.209381117854377,23.57879914931237,24.29098105912294,24.283122484032447,24.332924877337064,24.43540849678203
1959-09-01,1959,9,20.46702881815293,23.40045165059712,23.74439053935004,24.412041160924048,24.38523712038716,24.335049684624607,24.390035430024
1959-10-01,1959,10,20.73313617273152,22.84926681339323,23.15710118472253,23.842428581697845,23.928858760155663,24.14174728214323,24.344905739159174
1959-11-01,1959,11,18.298176229382875,21.23510918075817,21.39164461690001,22.183716910055352,22.45326804308195,23.115872581918097,24.00950584560985
1959-12-01,1959,12,16.48516710919148,20.280153795210992,20.4844719679914,21.088336884238004,21.19543088048164,21.749432607246035,23.19738362311574
1960-01-01,1960,1,16.579966703577725,20.995470531825102,21.368711648700582,22.024668374057853,22.14064817137336,22.36818321903144,22.74660214369618
1960-02-01,1960,2,15.727924907926308,21.43317433284801,21.911856478196,22.41087590085408,22.230717134886447,22.017507807911613,22.42341310505583
1960-03-01,1960,3,15.96900756166798,22.831023754098965,23.589732328577725,24.15694384115608,23.891171247919942,23.284268816990505,22.57015653295076
1960-04-01,1960,4,17.83506153796742,24.146874426451177,24.927019006644,25.506011212497583,25.21052477425121,24.36576896076008,23.103344172131983
1960-05-01,1960,5,19.63008416638121,25.082977261464865,25.740513157975272,26.3921535459084,26.20520052032356,25.497471070196298,23.89087816446016
1960-06-01,1960,6,20.78817296397807,23.716309587901375,24.1435725057508,24.884304721148222,24.92078204532106,24.976096243025665,24.456671864293757
1960-07-01,1960,7,20.30039223093678,23.311362499694155,23.63657693048896,24.34209401153828,24.32977322643404,24.35831607588591,24.49066400132148
1960-08-01,1960,8,20.71609966902412,23.26648784688234,23.571926504686303,24.296155425619133,24.335943464907984,24.405305212106043,24.443590171055234
1960-09-01,1960,9,20.50121596178792,22.73408099886211,23.112203781139897,23.823655945636744,23.87369406751668,24.042248984436185,24.32873204409753
1960-10-01,1960,10,20.51181380616191,22.758955429901675,23.035863473962426,23.694726371317078,23.75279283874562,23.89643049964519,24.168923747063445
1960-11-01,1960,11,18.6873662101728,21.3433519953382,21.482810588170537,22.171638353746573,22.33961876590644,22.87108384672331,23.799884066660184
1960-12-01,1960,12,16.263662545272155,19.990043803837125,20.18426617866584,20.8676274502007,21.075965818018343,21.78510811013365,23.10863573377549
1961-01-01,1961,1,16.857734114991217,20.434538232001277,20.757703372773108,21.34671872705809,21.42726257372016,21.645786404292323,22.44834967055357
1961-02-01,1961,2,16.93843358457326,21.188547338427497,21.57143841461925,22.073296904059816,21.98350477345588,21.88796893353566,22.1173957364673
1961-03-01,1961,3,18.113543017692848,23.407555244224795,23.953227894662803,24.399152562463318,24.06189265000984,23.24767276820677,22.32724349366191
1961-04-01,1961,4,18.96007702378625,24.31603004019433,24.877689408770607,25.44657759580565,25.21908919678691,24.465963929130798,23.03539450219023
1961-05-01,1961,5,18.95479521247313,25.19477091694404,25.856233137663992,26.481909351752165,26.23268058376567,25.432683948585577,23.842916862947845
1961-06-01,1961,6,20.17684885381999,23.64845225932362,24.002134787037505,24.74217855263805,24.76817752177959,24.84586758057219,24.41233386201793
1961-07-01,1961,7,20.063473732992406,23.11335145237865,23.419111679901675,24.168776345010315,24.23227929075716,24.398325696211828,24.46767329587169
1961-08-01,1961,8,20.239379634274712,23.27264584964763,23.64563460503132,24.331072696933745,24.29851003481059,24.24973964706101,24.362739858126982
1961-09-01,1961,9,20.220763194682377,22.91535206722301,23.23025275150502,23.9663130291944,24.0320065491631,24.2036177166944,24.332766577855864
1961-10-01,1961,10,19.282681424970637,21.80384977455708,22.014222137761863,22.72885463060396,22.885211884238004,23.30918263171742,24.062358371671905
1961-11-01,1961,11,18.44854601544148,21.20257366661366,21.307456249694155,21.973781399887457,22.13969283018065,22.66440972647075,23.54624394332421
1961-12-01,1961,12,17.27945330088835,20.720258662881804,20.863061619029,21.498769584781257,21.63106053769826,22.08049570679572,22.97351278784509
1962-01-01,1962,1,15.855230191917087,19.951277446224083,20.204699429816003,20.848851564029477,20.97513918118642,21.33698636789109,22.359897923600272
1962-02-01,1962,2,16.24533785085896,22.155337522024297,22.621254573096166,23.063947484338318,22.731141752214683,22.13162165965156,22.06233982692595
1962-03-01,1962,3,16.855366314176308,23.435715536597,24.089051908464683,24.65032069027751,24.38842547841625,23.69696397654417,22.493035816978303
1962-04-01,1962,4,18.3544767399178,23.6882502401258,24.312109069107294,24.9127800830193,24.73816485782106,24.208310493343788,23.15408431779809
1962-05-01,1962,5,18.36996122045076,23.74195926579631,24.278027076093903,24.935762949968197,24.796607955657805,24.37321286003578,23.607642729541908
1962-06-01,1962,6,20.321931857808863,23.672674182960577,24.092810756411552,24.849202767105567,24.86707684330952,24.769870829152808,24.050650710282923
1962-07-01,1962,7,20.00224165830565,23.51903708031523,23.82152310866536,24.488277082211766,24.433087726972417,24.334031253058924,24.18631221857873
1962-08-01,1962,8,20.1344798447289,23.82050850075865,24.22265017038228,24.903624713990325,24.837362998299284,24.655452422976225,24.33895803763704
1962-09-01,1962,9,20.60720530295617,23.263146542494667,23.631063023076592,24.341103875048987,24.37694417763805,24.48425019577138,24.4539536251346
1962-10-01,1962,10,19.938826274349083,22.60391714742809,22.844942637468197,23.563524778839565,23.692078869848785,24.01060610347741,24.34975777120451
1962-11-01,1962,11,16.715238198658994,20.67952292971813,20.802552215886863,21.55674218138216,21.77621026453602,22.46409339516447,23.799882346013646
1962-12-01,1962,12,15.690719750269182,20.422739758711828,20.653783969386268,21.32566661670421,21.45698062475532,21.917161805011744,23.081620818446595
1963-01-01,1963,1,15.964338109338314,20.92489324344166,21.30122406794493,21.894317545700403,21.914996658122107,22.059941436839267,22.57396202953703
1963-02-01,1963,2,15.349555499645192,20.994143530980864,21.409646212130497,22.019663778019776,21.99375332658332,22.011742494922203,22.354977448059454
1963-03-01,1963,3,17.220123496537326,23.41221341676049,24.020883334047085,24.54810071211824,24.279797812561185,23.56918149991435,22.56471451032695
1963-04-01,1963,4,16.895294108200403,24.739778059538992,25.55211306865459,26.083470131105628,25.64485897581005,24.537777980006865,23.16027768940881
1963-05-01,1963,5,18.003421065913813,24.882034997185823,25.68858232490703,26.399443160544763,26.23782722873437,25.60919475271635,24.01458366471712
1963-06-01,1963,6,20.21140899538716,24.83523302907207,25.30740099782207,25.9878700537148,25.907413577660066,25.58936602204875,24.63177154708302
1963-07-01,1963,7,20.057223388863065,23.63904280815632,23.976339045370025,24.728186828565526,24.76276685315929,24.90024211408576,24.86225540053596
1963-08-01,1963,8,20.40118254300853,23.79719201956493,24.182031058817078,24.86676158262776,24.82952717397956,24.773724312659112,24.830350025389123
1963-09-01,1963,9,20.769439711604377,23.012922284896263,23.34379305440001,24.07778205602733,24.209304644675058,24.533969615676423,24.78931203198414
1963-10-01,1963,10,19.172116502300355,22.095755356181485,22.31243465366828,23.029782709108304,23.169982518231222,23.58117153851805,24.41602235463978
1963-11-01,1963,11,18.253632896620505,21.330598372038992,21.44582777628233,22.13462992334331,22.31380333239531,22.82508867065144,23.870164256741877
1963-12-01,1963,12,15.403238906800652,19.66442635938728,19.831842399483666,20.616349201008237,20.916185242511744,21.81077308266447,23.16320871518945
1964-01-01,1964,1,15.941712945685708,20.282891343847893,20.57648029133225,21.08500055060693,21.04902125801442,21.172169459977,22.323618091412985
1964-02-01,1964,2,16.408499114440588,21.977745195954924,22.47310690644582,22.997683092085992,22.840228639511565,22.43406448065537,22.1543410764977
1964-03-01,1964,3,18.049391197019418,24.353280125844265,25.08359535593678,25.53412906225532,25.12390130983266,24.013364108689814,22.59657285446849
1964-04-01,1964,4,18.401989908599266,25.45291072215156,26.27670485482332,26.764471440326474,26.33249987764293,25.266585159003057,23.48417104603078
1964-05-01,1964,5,19.25143161615358,25.22738061007243,25.971397730887876,26.711587751443854,26.611966905466943,26.149265742768705,24.47410813154613
1964-06-01,1964,6,20.35380607013508,23.403026120179163,23.81855250801442,24.608613938919348,24.692287259262457,24.890767087167205,24.82503838953602
1964-07-01,1964,7,20.164054126186898,23.25752079305749,23.579032010143408,24.30466994940537,24.329890612764306,24.439342850675416,24.72551313503328
1964-08-01,1964,8,20.08360682691369,23.76096399795665,24.1119126095096,24.813140883479377,24.77357882243541,24.65284105508516,24.616526236418395
1964-09-01,1964,9,20.37589420088591,23.205778084010376,23.59853936227489,24.334036988547386,24.38053994652995,24.53349624669636,24.62981345132636
1964-10-01,1964,10,17.893294334561006,21.452971327146145,21.63650829581053,22.408998484301605,22.63622190375395,23.31332059545076,24.32719741857136
1964-11-01,1964,11,18.107886296618062,21.44400044966233,21.605276649373536,22.2244027444695,22.33949029096516,22.70333744249217,23.67148598093678
1964-12-01,1964,12,17.623951208582127,20.53094357197045,20.636327819107294,21.29483377789745,21.475118342245025,22.047362172388944,23.1237172006534
1965-01-01,1965,1,15.82507184655202,19.84866707248437,20.098523111724266,20.748036206991515,20.855876772648344,21.290267181993958,22.44476231371135
1965-02-01,1965,2,16.796226928041847,21.579775902995323,22.003819299995143,22.58247139138365,22.52384189017232,22.330819188344265,22.15085791436229
1965-03-01,1965,3,16.283615353673156,23.149669138789648,23.81884406201061,24.28205549199788,23.87174954574931,22.96418363351609,22.30830873446069
1965-04-01,1965,4,16.4866168494886,25.07737560107921,26.06277801824348,26.68207063368737,26.269810032975272,25.06697314567839,23.09277710821266
1965-05-01,1965,5,18.54663873611247,25.01573764499318,25.770107322459864,26.425750125416016,26.218763994591825,25.62207245374907,24.0409867946114
1965-06-01,1965,6,20.11882635846956,23.83927406305065,24.24991343236104,25.036528217073737,25.118722163762754,25.20897695710164,24.63233190430452
1965-07-01,1965,7,19.880388720817848,23.44205057477245,23.71084577042143,24.37086876590644,24.326525601691003,24.32415416840007,24.57870833741191
1965-08-01,1965,8,19.843524824723488,23.55131679167482,23.84959105967357,24.547582988694217,24.54171061325377,24.551010898957543,24.5494988330193
1965-09-01,1965,9,20.230170160471346,23.38942785061425,23.714466393096643,24.407201938136268,24.439706098277213,24.523316328247404,24.54481504196849
1965-10-01,1965,10,19.56480857233754,22.107554403019776,22.338651762553862,23.095828388067787,23.287982928127462,23.797498677014005,24.387371678005135
1965-11-01,1965,11,18.44972829079387,21.642447202917023,21.79356432312062,22.412250506252462,22.497486938380973,22.811001546287685,23.818837179424463
1965-12-01,1965,12,17.317927722139302,20.98013517399181,21.15633129098967,21.794732833300717,21.960183130322548,22.46010398058195,23.31912796868886
1966-01-01,1966,1,16.059325063013944,20.300606929387754,20.60671893353566,21.264031145996512,21.42075910336729,21.848624821052795,22.78065240034016
1966-02-01,1966,2,16.729838458056008,21.7099196802198,22.15562028160485,22.58411231462901,22.373846057960577,22.111828680195288,22.390273643977597
1966-03-01,1966,3,16.607591492511744,21.950729133528284,22.582233559795952,23.163819544709327,23.040969588146083,22.703627275841825,22.46159788414008
1966-04-01,1966,4,19.29408663493541,24.346700373495025,24.891677691550058,25.387819619653044,25.09719764034361,24.224678047915063,22.866374819523344
1966-05-01,1966,5,19.65786993135771,24.48825624327037,25.017367097261683,25.61931884574443,25.421257517313563,24.80740558621284,23.567217859852235
1966-06-01,1966,6,20.35257944033873,23.574070047902808,23.951412994934454,24.68455218835652,24.7353626893476,24.81223888232921,24.130025282033102
1966-07-01,1966,7,20.58557199643945,23.85106393310741,24.174801666809454,24.8094361403069,24.72477536003578,24.51407645635527,24.29910461377989
1966-08-01,1966,8,20.212753011513826,23.946295983322727,24.263317651233365,24.95609793308296,24.91670908379018,24.81353491153584,24.475268229676487
1966-09-01,1966,9,20.70479177118005,23.10885368233653,23.470960877850928,24.18230559753084,24.24237814763609,24.406445427209803,24.529944641065526
1966-10-01,1966,10,19.64666661058635,22.495722510951,22.71259260902019,23.46296790114775,23.624233968162685,24.02418869604054,24.399308376566182
1966-11-01,1966,11,16.266541951656734,20.31715037227144,20.459921783232232,21.253157998176903,21.5284239718946,22.31993533427959,23.785463136868657
1966-12-01,1966,12,15.549564408770609,19.684284149863004,19.84355197270213,20.465465897550416,20.61335623195237,21.27085867144677,22.89202545333302
1967-01-01,1967,1,15.897455431431126,20.419889220952427,20.76479453950913,21.36513595401823,21.4144695667336,21.572727178873837,22.23128513942595
1967-02-01,1967,2,15.730209735341646,20.832087687206357,21.32094688325913,21.92067574760182,21.902991324882574,21.88179200365852,22.031632404133237
1967-03-01,1967,3,16.27156987201448,22.349384199723488,23.04632404897956,23.583546604284948,23.318185054387754,22.682660624265907,22.11739305990608
1967-04-01,1967,4,18.355484274055414,23.25380897611592,23.82723737580756,24.41477737128037,24.20062876248045,23.589255900670537,22.56862974592553
1967-05-01,1967,5,18.336184355422915,25.28371018041554,26.04983722683784,26.580883043449035,26.18587689500538,25.111340398945288,23.317039103795537
1967-06-01,1967,6,20.17768547040185,23.77111218003625,24.251508662881804,25.00961042268256,25.040043689127344,24.976633849476343,24.080490736039053
1967-07-01,1967,7,19.52708951491536,23.55621203106648,23.851866519124428,24.54423136042732,24.505419310089565,24.414197704581056,24.261791246574035
1967-08-01,1967,8,19.753877610794348,23.830295538248837,24.22273582034313,24.93457398321266,24.897601304020668,24.749985508332543,24.39731319131755
1967-09-01,1967,9,19.982668921605864,23.43691578314656,23.76089153961925,24.482535475907923,24.53438658568672,24.62091445863109,24.513195102963493
1967-10-01,1967,10,19.55064459242857,21.94083790133129,22.16450589149377,22.84256852761604,22.966047093713318,23.447634072778044,24.305552641077725
1967-11-01,1967,11,17.738487001089027,20.994934646020965,21.08806062487764,21.75551776930797,21.9244196832787,22.470483494029,23.686013590813445
1967-12-01,1967,12,17.597809043412326,21.30706929540673,21.46602223993005,22.086645679877165,22.18970667182606,22.524834320857,23.1553770968946
1968-01-01,1968,1,15.934038288591466,19.908590691072845,20.187220528766147,20.88633183394921,21.07689171703703,21.634004946285245,22.69304529965251
1968-02-01,1968,2,14.90486510895903,19.901660500379307,20.322471376089027,20.9837787386208,21.014582899985328,21.23560950653388,22.08446256179036
1968-03-01,1968,3,15.28769405069255,21.478487176977296,22.209495062891563,22.799484876664053,22.62278518378037,22.239916667176487,21.97129410972985
1968-04-01,1968,4,17.434430022452545,23.972812102339503,24.84217297009593,25.340201491532923,24.8885638948708,23.69991392943672,22.3643744723351
1968-05-01,1968,5,19.611575362788813,24.068680218223903,24.70549303023444,25.387340897550416,25.26504001841477,24.77044514272956,23.22421500281422
1968-06-01,1968,6,20.590567415696,23.36164457101609,23.698180664827248,24.35320957933635,24.306253135400368,24.16230193446557,23.700756090324035
1968-07-01,1968,7,19.89942117450568,23.312140423110804,23.58116350883421,24.25665263128917,24.212768306149712,24.125832257610625,23.87486926909997
1968-08-01,1968,8,19.985982122100157,23.590876940889306,23.92840489183635,24.59980690522224,24.548244672878354,24.384029035336766,24.041963548294348
1968-09-01,1968,9,20.42887634898693,23.27612346747753,23.614067241337125,24.28790014591084,24.298008753120143,24.311084328504307,24.172202534627104
1968-10-01,1968,10,19.704782594398523,22.10621841657695,22.32296768702281,23.040093779059816,23.19972293767131,23.643524136464865,24.103272669709327
1968-11-01,1968,11,18.05963420584135,21.08106103477388,21.18001426989531,21.839191854382875,21.982750556724795,22.48298991777608,23.60209135027168
1968-12-01,1968,12,17.111904388642813,20.715160004833137,20.820046602755497,21.42700524147176,21.541629551683684,21.944317430990623,22.961964955400845
1969-01-01,1969,1,16.59170208649425,20.70955528552031,20.966716042849495,21.57115833159997,21.61758940479399,21.807096634568325,22.453014916858365
1969-02-01,1969,2,17.054018015551605,22.207315194914884,22.715696655369072,23.220280648920838,23.02615252728566,22.58473404157695,22.320045838023702
1969-03-01,1969,3,18.063219077305234,23.34391005836437,23.933231305366636,24.46176956642768,24.30447322215156,23.77509490321557,22.716916020213432
1969-04-01,1969,4,19.42881325861396,25.12386288206005,25.803698931210874,26.24309259831392,25.813108573561124,24.71426909229399,23.31064250471076
1969-05-01,1969,5,20.393645346454093,25.19222493362128,25.79938947637288,26.486378061986105,26.38151192063924,25.93079047266542,24.27636034315049
1969-06-01,1969,6,21.256188439090693,24.41050806486152,24.77746346876228,25.405648767864136,25.328412959756804,25.07662845811717,24.677787944462125
1969-07-01,1969,7,20.58195978581392,23.81852249229155,24.0706803742292,24.769414093089267,24.76214799395558,24.77866849488549,24.775077505567253
1969-08-01,1969,8,20.99659583465888,23.36240471441857,23.71006631754113,24.425694299995143,24.48221390618886,24.675265094276146,24.77838554412199
1969-09-01,1969,9,20.853424660153223,22.676791881301423,22.947079259861997,23.63442822533284,23.743453360537387,24.039230779231104,24.55190314977733
1969-10-01,1969,10,20.292351458496512,22.6006829054914,22.86603432269237,23.52449936833159,23.584399471417385,23.78859949313579,24.25703480600288
1969-11-01,1969,11,18.067089576093903,21.07950595267232,21.192584548747107,21.919173049628057,22.14500809850972,22.812351871451654,23.85780752924336
1969-12-01,1969,12,16.95559703375835,20.865686560909356,20.98990634329732,21.593234417824988,21.67145061209135,22.016544437035066,23.12481153184956
1970-01-01,1970,1,16.40341403038127,20.468453131117883,20.740052024703918,21.374107978599795,21.4849202920052,21.8026531604836,22.57426467214418
1970-02-01,1970,2,15.109954704935888,20.08424193666798,20.52624773639394,21.19139367016203,21.26249154971373,21.557051133026675,22.171848081440885
1970-03-01,1970,3,17.296497260730746,23.262112051561303,23.90771411725484,24.31456443171254,23.896098606046905,22.94745761091673,22.18881595046986
1970-04-01,1970,4,18.836918306761447,25.548595493588493,26.35654017747896,26.85551065730232,26.393371190106222,25.0786440999413,23.00759267784605
1970-05-01,1970,5,18.280500218713318,24.385360433388826,25.09077064317006,25.808052740492883,25.69790211127156,25.284756715874607,23.971809730141445
1970-06-01,1970,6,20.457572144797386,24.056069026221166,24.464904966780068,25.18375380836437,25.18556163432362,25.08250026000883,24.447018654867406
1970-07-01,1970,7,20.33118950971516,23.28754836928596,23.64415198126716,24.378640543938445,24.419479133528284,24.54777512755726,24.566534954360804
1970-08-01,1970,8,20.56282676989531,23.2878196578896,23.612898539974083,24.3322140591352,24.35680362758177,24.41626171569112,24.50473028674384
1970-09-01,1970,9,20.4663394124413,22.73241866312651,23.04118638960944,23.755023561386565,23.82661717832326,24.049962642851938,24.396399910373475
1970-10-01,1970,10,20.310104133528284,22.54318807507832,22.79348364391643,23.44696818256904,23.52065888526579,23.740278002948852,24.152824995717538
1970-11-01,1970,11,16.856446689017275,20.10244771528733,20.185136634629544,20.986236968970275,21.297265625000023,22.221677240358304,23.63607392815192
1970-12-01,1970,12,17.024101707799048,20.661430331404176,20.81516876101216,21.38562025101561,21.44094630206297,21.69885554063484,22.758754114257044
1971-01-01,1971,1,16.529699353342835,20.901015449111696,21.159685978183745,21.75878221815049,21.79163452244029,21.960382725320585,22.39870003242464
1971-02-01,1971,2,16.112996043277747,21.71807038285533,22.152834746047915,22.679312819657923,22.502443738682015,22.17178059386015,22.223856534786137
1971-03-01,1971,3,16.54563196670665,22.997609104284948,23.6471088167458,24.242051607160363,24.022350471992468,23.360248361944517,22.46556588623241
1971-04-01,1971,4,16.126953163236635,23.57308774991435,24.279244146742883,24.851471535153223,24.48802032351216,23.74566936209135,22.913791823181786
1971-05-01,1971,5,18.95014315779173,25.090717111944517,25.833550045578026,26.50356885033284,26.290887379478303,25.531360924346643,23.71616887725139
1971-06-01,1971,6,19.492294409504723,23.74384566794737,24.11379652628233,24.86782991294297,24.89710480190388,24.896525135204627,24.325761252263646
1971-07-01,1971,7,19.323362097445223,23.39599020531523,23.72412438209676,24.462230699699035,24.48926301267619,24.53115788805553,24.439347439066182
1971-08-01,1971,8,19.60776030705512,23.44113194070576,23.85011413622016,24.56419908109831,24.548805603648702,24.52763018029321,24.44379072196801
1971-09-01,1971,9,20.445133782179937,22.955695110610804,23.239719175190885,23.92779272403584,23.97538064525014,24.14899196878673,24.40911395880238
1971-10-01,1971,10,19.76008207101609,22.32330436019481,22.56974759262431,23.262703571603367,23.35970176989531,23.64056500679084,24.17243214534801
1971-11-01,1971,11,18.53604605367809,21.20890621941078,21.30926350210456,21.98086663995207,22.14748659425169,22.70779927014001,23.728327730398405
1971-12-01,1971,12,17.90059905265025,21.208609885840872,21.31835845732189,21.97088975779417,22.11491896137187,22.50255959554869,23.2186882861443
1972-01-01,1972,1,17.575386533684934,21.063180649532622,21.26524171642524,21.826847171410066,21.85611058939412,22.03709717752793,22.749014107772155
1972-02-01,1972,2,15.946428090740028,20.968156797547977,21.278647464761207,21.9201972166822,21.91856986742613,22.026380034994133,22.45636711867417
1972-03-01,1972,3,16.727082555856043,23.24001952360271,23.886591651576,24.38788825433147,24.005447413983006,23.157838768537147,22.477266473852296
1972-04-01,1972,4,17.82854219942982,24.82341486393892,25.599850877300355,26.19467914912883,25.864563743453918,24.854262232649774,23.154611026820703
1972-05-01,1972,5,18.99417545853322,25.52085733316613,26.29168270054328,26.91783075414793,26.66438774043172,25.827453986088017,24.086174987458435
1972-06-01,1972,6,20.937111554485625,23.533184427307678,23.8759869246158,24.60605896999806,24.67726735329387,24.86268747399913,24.60905882164008
1972-07-01,1972,7,20.4020640875832,23.503139835796787,23.765420663664884,24.48761711867417,24.52192604584724,24.61288458361884,24.63651345775014
1972-08-01,1972,8,20.12606244188038,23.219796000146857,23.53056636801341,24.24331112042387,24.257857848595336,24.34123732074687,24.553224032767275
1972-09-01,1972,9,20.435310993478367,23.079084203088318,23.41092427014001,24.10615188491096,24.142075160899594,24.253883155099857,24.437975127863183
1972-10-01,1972,10,19.98618879086729,22.680000122357114,22.914717148651675,23.568027710821298,23.61320137376424,23.795487623580694,24.24312051102441
1972-11-01,1972,11,20.013330842856817,22.852949570526675,23.03022223870647,23.619476571676785,23.673900239208137,23.81438376382636,24.042709544158697
1972-12-01,1972,12,17.19717121886015,20.99315377685741,21.144439711604377,21.888899994493958,22.13795134470439,22.88419058492809,23.78126858298259
1973-01-01,1973,1,16.347580770972,21.0026171416161,21.335909434343197,21.957851080718967,22.03428009678447,22.239319602828918,23.12440087087657
1973-02-01,1973,2,15.865144366067966,21.284817129686303,21.793862186154115,22.37837919684813,22.298928916650368,22.24868221417387,22.72851776624907
1973-03-01,1973,3,18.42566485782106,24.946989021510376,25.7131659666822,26.07167318727977,25.52005914435693,24.241826202464267,22.935483058131865
1973-04-01,1973,4,19.407193143720637,24.931782329801308,25.658158617609672,26.312820460858006,26.15724093945772,25.519433402567078,23.871200659504723
1973-05-01,1973,5,20.219482460111635,24.6719645118564,25.24484020164448,25.92871900542042,25.86677018586045,25.55610210087121,24.55601893628869
1973-06-01,1973,6,20.64935846649865,23.82951780601508,24.17417133662883,24.868622366263708,24.85369499284212,24.89607203161711,24.797581459230628
1973-07-01,1973,7,20.267005187940526,23.769022550411137,24.11181720921843,24.85400585631612,24.867507004943263,24.92221744689704,24.852341608750976
1973-08-01,1973,8,20.66381361803792,23.182760804130798,23.486888520458137,24.230070936521145,24.31037714277852,24.49814747546742,24.76398774746724
1973-09-01,1973,9,20.84949451228465,23.304585637725157,23.63233209548747,24.29033466957469,24.29035627324788,24.34053854707082,24.581059505310293
1973-10-01,1973,10,20.1332987164742,22.12637407008617,22.351394488425058,23.048299351201592,23.19135428647468,23.65345914955708,24.342587263544942
1973-11-01,1973,11,19.036352328761268,21.941981175362173,22.07502710974211,22.76165340366828,22.903402368221464,23.204228928580164,23.88002814977733
1973-12-01,1973,12,15.225133445697963,19.24517534535289,19.256005859375023,20.041746364465094,20.315070110610804,21.328722484950102,23.156955120949988
1974-01-01,1974,1,17.41453915732677,21.17136305030101,21.40029449821361,21.919393865933387,21.88233725742708,21.832536584769,22.35826292702626
1974-02-01,1974,2,15.777841819816956,21.05487432397712,21.466566346600928,22.15837197777995,22.196186053127462,22.23109701540477,22.243438639450403
1974-03-01,1974,3,17.15777739881071,22.915695814164053,23.50916133393696,23.96035175368297,23.60290827500984,22.832764666026375,22.28946421361104
1974-04-01,1974,4,17.50781330296843,24.190215983200403,24.953991288175416,25.55870218896831,25.304765158513646,24.506789518280183,22.9707339436913
1974-05-01,1974,5,19.339622971931306,24.908020201155068,25.608428491459502,26.23004550918904,25.974548234693145,25.270163147880798,23.78486683725288
1974-06-01,1974,6,20.194502687267573,23.67994601758272,24.06770786174877,24.802782782522517,24.843900499216943,24.87501992126323,24.355737591461946
1974-07-01,1974,7,19.687024375061185,23.251657212032622,23.514296507928748,24.209700775743958,24.178189237470637,24.16221035783332,24.346261417445703
1974-08-01,1974,8,19.85434061765858,23.62228696101704,23.94186971570332,24.653059003646263,24.640675319352,24.57034465697194,24.35921769467012
1974-09-01,1974,9,20.431391169489075,22.75636681278144,23.01426018316857,23.69905590036467,23.76172586200568,23.96636407504161,24.32211443752448
1974-10-01,1974,10,18.808300513593903,21.43601760565537,21.593255256766383,22.31391823334724,22.492582904573737,23.04177638018797,23.943907534749428
1974-11-01,1974,11,17.63986776257832,20.928241621598488,21.098507817088432,21.796871214577664,21.96893223558635,22.47785608206493,23.38382924915578
1974-12-01,1974,12,16.955607166454627,20.93603442975484,21.13769573310253,21.709063371794286,21.75939935670766,21.963327516273523,22.784936619029
1975-01-01,1975,1,16.547765950775783,20.67810530815632,20.955728567626807,21.53599711084331,21.60403243074592,21.882876584524297,22.450315795994072
1975-02-01,1975,2,16.664875639315824,22.034096369971166,22.50693233194255,23.05844791564704,22.93052606664793,22.599110425741515,22.307348613694217
1975-03-01,1975,3,17.391936553262042,23.99645340336241,24.707283649728367,25.157643188380973,24.733526759494907,23.69049530148789,22.643699833594383
1975-04-01,1975,4,17.115566115651916,25.719065298918395,26.75063380971028,27.34962107539644,26.909040735733186,25.6811764710381,23.559351255077843
1975-05-01,1975,5,19.040516675741515,26.004688991227,26.832574438992765,27.49159506227977,27.23828625899324,26.4328657635694,24.612370683853783
1975-06-01,1975,6,20.068583670834983,24.51432747956636,24.92505383711824,25.71568556675805,25.753277678702545,25.76588351758272,25.20019573310253
1975-07-01,1975,7,19.174531907669348,23.842184249889897,24.167138098326177,24.919645653876277,24.937642087167205,25.06999708637187,25.232718246806485
1975-08-01,1975,8,19.84333402414109,23.728280317027213,24.063679637027747,24.821504946285245,24.863265420051903,24.975836998947727,25.136895058914945
1975-09-01,1975,9,19.88524648835164,22.34799927044588,22.616233344141563,23.405962499082364,23.598939699368657,24.16411683419392,24.904992436802612
1975-10-01,1975,10,19.458603959169466,21.64902083741191,21.866123796312195,22.577712083068263,22.738022426524594,23.21894179473378,24.315622055782622
1975-11-01,1975,11,18.084087269662803,20.883032589810117,20.995911017338017,21.657713161340094,21.81334449331933,22.388400815815885,23.65005073995451
1975-12-01,1975,12,15.872670856377283,19.71126752000538,19.842944010926487,20.5810988889977,20.81884444437651,21.533328579250732,22.87550820251323
1976-01-01,1976,1,15.16382776557606,19.32880507598378,19.58914157326745,20.256327429094085,20.42987432397712,20.962230699699035,22.12560092624318
1976-02-01,1976,2,14.712866765368062,19.9445512477364,20.35871851599211,20.97104251296986,20.95664261330268,21.032533449368657,21.566859200641147
1976-03-01,1976,3,16.985952871109077,23.31721862458403,24.038242554571298,24.42992536982433,23.936728232674284,22.73458476593089,21.688167457909174
1976-04-01,1976,4,17.09109125697438,23.96109526416899,24.833169973876807,25.44182058168559,25.142705108714267,24.245082430439997,22.53687444939311
1976-05-01,1976,5,19.50007995270903,24.36588443526091,24.964007554020668,25.56622772336289,25.354755675839385,24.697826020458137,23.332709605337243
1976-06-01,1976,6,20.54193315020558,22.771608873335992,23.1063044489037,23.85449260810253,23.977589381852,24.243868609901146,23.866179812916016
1976-07-01,1976,7,19.846569413175416,23.24366805898836,23.480833374119072,24.13925846252204,24.07302121824836,23.924755974084803,23.87200553971712
1976-08-01,1976,8,19.89834577042143,23.27492952996528,23.638530629037803,24.35451880016643,24.32677949264638,24.21482428757588,23.98367511746284
1976-09-01,1976,9,20.388554909272216,23.04729850846712,23.348761516860804,24.015836868943325,24.00460104707082,24.00979357594707,24.032772619236997
1976-10-01,1976,10,19.68363986332713,22.38196273003132,22.60647230753233,23.24916361283772,23.325015829948143,23.566387743490623,23.94660780271147
1976-11-01,1976,11,17.966390267105567,21.033877465495323,21.156225949185117,21.84394925086877,22.056148367144715,22.62291384990459,23.5229133145923
1976-12-01,1976,12,17.564124710931424,20.655403671324397,20.8011948169538,21.38920493129649,21.52151863498437,22.013549556149712,22.95136386091673
1977-01-01,1977,1,15.938244122271442,20.47064829373045,20.784561900450285,21.422041558584624,21.486239263165658,21.75877896804036,22.49683959291798
1977-02-01,1977,2,16.79224688142375,21.26911756833647,21.80354674958403,22.363204241508413,22.293585544427856,22.10443391493737,22.21748039227685
1977-03-01,1977,3,17.724628340348488,23.78369794470683,24.480882508136744,24.89931545033528,24.457112732172614,23.417390842183863,22.39222466596516
1977-04-01,1977,4,17.953384855863362,23.43647223870647,24.198326728599795,24.893960033587064,24.809816785557015,24.44656306590156,23.161460347127104
1977-05-01,1977,5,19.463098670284356,24.403868663432377,25.06851828626668,25.680983376260315,25.46112413279417,24.79451450237377,23.70868999149621
1977-06-01,1977,6,20.316277048563563,23.38330120185253,23.691372257671787,24.38451827250151,24.410289160385677,24.468631504808684,24.1347042935102
1977-07-01,1977,7,19.66602369292042,23.67748339002549,24.009409107037985,24.71132869854887,24.65959535746623,24.519186585380798,24.251723170149774
1977-08-01,1977,8,20.44854601544148,23.927552215886863,24.31143706104399,24.971424496500617,24.888917200959327,24.698145295981817,24.41307737250395
1977-09-01,1977,9,20.65664827231797,23.68853739691417,24.084629655687195,24.814568064188563,24.853358128487173,24.89167750036711,24.615288900376868
1977-10-01,1977,10,19.674955186716943,22.833580252483895,23.11694244169689,23.787041352107,23.862357301047386,24.11225501817006,24.53392545241536
1977-11-01,1977,11,18.56741076344707,21.83639427430012,21.990139204128354,22.683265335931424,22.844375206477597,23.36330040653144,24.181608544501277
1977-12-01,1977,12,18.10158261244618,21.378704590226164,21.548067637468197,22.186158316305352,22.337794307030663,22.81764266836336,23.6966435539228
1978-01-01,1978,1,15.774747714981402,20.334440002202427,20.6399958551537,21.34290405369029,21.518924473558684,22.02682931492268,23.09983730331101
1978-02-01,1978,2,15.766900802050714,20.892905468444155,21.39801024434712,21.970701633773047,21.892702049787147,21.93997298967309,22.577328952439814
1978-03-01,1978,3,17.24896688558391,22.62413417066369,23.256714956930352,23.843889410605925,23.68732606175365,23.18567749119029,22.61792626914888
1978-04-01,1978,4,18.585524009519418,24.298881885645077,25.05106462136604,25.535885651184454,25.168824140747404,24.228817349929045,23.025722174468967
1978-05-01,1978,5,19.8724181125196,25.501969987336054,26.28193963513121,26.917272117572963,26.667905889046608,25.85844569792482,23.957089216669942
1978-06-01,1978,6,20.765371720830103,23.773840934257574,24.14633509935396,24.858369033562557,24.84847837491435,24.8125178182508,24.497920541307792
1978-07-01,1978,7,20.303113529023108,23.286773695979377,23.602250414484672,24.327173138336946,24.34617175264293,24.444285503438262,24.542793091107114
1978-08-01,1978,8,20.53752160367316,23.574391044073025,23.928670253768644,24.638009273137754,24.634079698818027,24.592184249889897,24.513986791552497
1978-09-01,1978,9,20.591552772611635,22.93039357686473,23.220842726788877,23.90642439708546,23.967919921875023,24.185779009335874,24.46283579373045
1978-10-01,1978,10,19.464401964443027,21.950891447851404,22.177890992071298,22.914482949539945,23.07265797064656,23.51943952042143,24.215633564996097
1978-11-01,1978,11,19.25465381356452,22.180873446064997,22.32636080198955,22.876972090348488,22.90099824264638,23.051322718346228,23.706500946738004
1978-12-01,1978,12,18.087850132451592,21.67022417347789,21.78307449711241,22.400564448536613,22.510135602241636,22.840137254062256,23.410281895433684
1979-01-01,1979,1,16.568840620717538,20.761829674346643,20.997389817443263,21.61145874119029,21.680477888544942,21.99526271596028,22.887263277273405
1979-02-01,1979,2,16.419191976739967,21.59185235629161,22.06944456765126,22.694902068446595,22.682139077182853,22.626349216302856,22.6456372815926
1979-03-01,1979,3,17.704457392203437,23.05900196383129,23.685502176426724,24.19509019246772,23.960602203345275,23.3914610812696,22.778353425386683
1979-04-01,1979,4,19.001256110207063,24.69216891701745,25.357636611687557,25.91114068923747,25.59757216773937,24.74347840550365,23.355439154879605
1979-05-01,1979,5,20.41674196725728,24.68881862703114,25.183329764584983,25.815351914276675,25.676474326424284,25.202713421348903,24.07386796752644
1979-06-01,1979,6,20.770781051169763,23.66238739324348,24.0166461463636,24.73124269681142,24.764483676035184,24.7956851155663,24.4586922856916
1979-07-01,1979,7,20.977439494420537,23.806294239734257,24.11362503517768,24.78522912893993,24.752302836849083,24.677168894075464,24.539087200836946
1979-08-01,1979,8,20.62123641071605,23.46352997901579,23.76335569664008,24.452953355949035,24.46740984576894,24.51987809410485,24.579873406298987
1979-09-01,1979,9,20.809936274899712,22.906634889511565,23.19093922829387,23.885920025878534,23.98198525138264,24.23605763936473,24.49872637743493
1979-10-01,1979,10,20.465394012761863,22.566776227241636,22.779923228575285,23.375567469227235,23.4204080914742,23.622633384519418,24.177059728611997
1979-11-01,1979,11,18.433466651576,21.39720421703703,21.489951844839027,22.209723717697727,22.41876774177763,22.949591403802856,23.802978171495734
1979-12-01,1979,12,17.42893829226216,20.53049830688383,20.71674720567006,21.36461880414305,21.541727628536137,22.12976909688234,23.178641385143408
1980-01-01,1980,1,17.492302248005615,21.30743407247212,21.54369165096421,22.057945678041847,22.011181372968903,22.006625100944632,22.60241368472253
1980-02-01,1980,2,16.973578363596346,21.508542283550355,21.948188120962243,22.5293076194817,22.471414363804342,22.357563579801308,22.417321251590693
1980-03-01,1980,3,17.835941553078555,23.89407646400258,24.621205630261382,25.091877401257875,24.670791986834388,23.69062167341673,22.673276026881865
1980-04-01,1980,4,18.571665922327725,24.250756166797203,25.0263651227242,25.668596250672977,25.508904192871512,24.970983246255912,23.51507213715007
1980-05-01,1980,5,20.96430312285878,25.69688176787639,26.30730827409212,26.86129795633076,26.577593358457364,25.69209970879018,24.211193914570288
1980-06-01,1980,6,20.87974366955024,23.66576158109831,23.98449108628625,24.71768017845784,24.796369550521263,24.99703842318422,24.738352025927497
1980-07-01,1980,7,20.490203632781917,23.84522730887824,24.174079759996573,24.912498470536438,24.912530015722893,24.873336364220336,24.769507199185117
1980-08-01,1980,8,20.69781894668904,23.918099939739136,24.250261767692848,24.952038545541317,24.925078882084502,24.88136012137824,24.802951597065885
1980-09-01,1980,9,20.89683255738549,23.211952146143343,23.51358052778733,24.22871277285634,24.31655445502156,24.562137173000732,24.79438124785878
1980-10-01,1980,10,20.175170458716764,22.51580914741584,22.7013680669416,23.350711774116636,23.44648659272224,23.73420679724211,24.43237251156279
1980-11-01,1980,11,18.599367949172915,21.3297856533257,21.490105364746512,22.235507223656555,22.47966352565828,23.13131328155589,24.001743626725272
1980-12-01,1980,12,16.272703969263944,19.648350549995143,19.837355924530183,20.60044373562306,20.900736895556008,21.78334616808195,23.27816969857332
1981-01-01,1981,1,15.022564979260494,19.41333546948414,19.723928228391745,20.33752703326894,20.39777833943083,20.802818724916847,22.265789646755135
1981-02-01,1981,2,16.735233640857473,21.01487961592113,21.47627021950865,22.018517827427612,21.931729754490505,21.75197801701989,21.84918728128673
1981-03-01,1981,3,18.12795821199592,23.102764123066777,23.655592751260315,24.104515550056306,23.791359218994728,23.050990251199096,22.123619506166847
1981-04-01,1981,4,18.238833615774297,23.96942988480083,24.71978070551097,25.273921804644715,24.976346119139123,24.09398423734831,22.76460431247557
1981-05-01,1981,5,20.255170772256804,25.15367308327626,25.68912757867565,26.25321267650014,25.99379901930797,25.145261033550355,23.553266475381804
1981-06-01,1981,6,21.376929265368062,23.28543426824348,23.61595861424485,24.313936969276146,24.400240584622168,24.605765312989437,24.180548626235804
1981-07-01,1981,7,20.682594666148702,23.25703652664941,23.57678828706196,24.269790914680414,24.255507827794645,24.21200300080756,24.20591019142768
1981-08-01,1981,8,20.91123245705268,23.22020589638805,23.578658438662387,24.244418069694632,24.223529611944517,24.203896843798987,24.211624840935823
1981-09-01,1981,9,20.753417624620734,22.887581214516445,23.25850767943672,23.954538453773523,23.995328674077427,24.10551065730232,24.20138183211384
1981-10-01,1981,10,20.337450560089565,22.516810754882044,22.75075807862669,23.409624608457364,23.496290706673392,23.747547543375617,24.07010873721373
1981-11-01,1981,11,17.753613204776855,21.17399697777995,21.29079905295617,21.99466316623437,22.152810465813445,22.665513999180234,23.651938862752104
1981-12-01,1981,12,17.750181853220454,21.297169651159948,21.47363992450568,22.04824639352489,22.11209289502989,22.35030092196069,23.092746327757936
1982-01-01,1982,1,17.44760482178691,21.561052209769,21.883839764217896,22.48080775560396,22.50447677815441,22.600138416454627,22.81988371488353
1982-02-01,1982,2,17.794753289876212,22.24077010785777,22.69781875550609,23.252276071236334,23.163380397477,22.92338710417482,22.75156640013216
1982-03-01,1982,3,17.646719377080103,23.272817340752283,23.85794001902656,24.373792144369133,24.095291355165955,23.46472047523497,22.90787031372361
1982-04-01,1982,4,18.65361037526918,25.137494991006804,25.937636351678748,26.52005015875835,26.19689553304869,25.25003961310693,23.600530532681603
1982-05-01,1982,5,20.226682983494072,24.52292822686229,25.100782894173392,25.764988590201654,25.69973020262336,25.41579331746772,24.350943870215872
1982-06-01,1982,6,21.18306554975044,23.825377930452248,24.152551030552612,24.829569998959983,24.830700463733365,24.85435400046498,24.67533181712514
1982-07-01,1982,7,20.039024110464027,23.18335136825817,23.428578677136382,24.180850121745323,24.236792546618062,24.393426824344203,24.6252883421227
1982-08-01,1982,8,20.11782589810105,23.623742436802612,23.92530486032939,24.622138411866217,24.59308013318571,24.52486338066518,24.52078621310937
1982-09-01,1982,9,20.65928831765126,22.91413174646391,23.236534258454924,23.93671198212365,24.030413039288877,24.28141808804816,24.50604734607481
1982-10-01,1982,10,19.568363236895607,22.023897524410245,22.22437177283183,22.92245145482576,23.053408333129426,23.47887413126472,24.19257001884301
1982-11-01,1982,11,18.33227084047087,21.561022767594977,21.696673952011565,22.308327088023702,22.387535712974795,22.69515538585307,23.62504152493642
1982-12-01,1982,12,17.27628864954488,21.09609298526823,21.251105266860804,21.909270346454093,22.058951109167023,22.475725156922977,23.20103636452626
1983-01-01,1983,1,16.45735935817595,20.756623571481043,21.077359159345637,21.65568929864918,21.70815085558195,21.979968080094977,22.69961109564656
1983-02-01,1983,2,16.85404409290578,21.69933980704292,22.10111344949104,22.665782802405545,22.61548773064311,22.48227298171986,22.497055820832543
1983-03-01,1983,3,17.22892135345296,23.06063275438038,23.605815402921905,24.12898123195237,23.876531604835577,23.250757122711946,22.637551007610625
1983-04-01,1983,4,19.405216694400963,25.046471642215693,25.730328459952545,26.20337720854542,25.82757844618737,24.786941363425058,23.24703077586633
1983-05-01,1983,5,19.635816978269418,26.389609283232232,27.317930207517637,27.864848606046905,27.48186212956392,26.34344624853173,24.24481420076353
1983-06-01,1983,6,21.747059835674463,24.551452149202248,24.996403886978783,25.742921298392275,25.774092913383413,25.78475021565441,25.05755795902263
1983-07-01,1983,7,20.82324260810253,23.528212523553748,23.79609290879506,24.562037757867586,24.64964332909165,24.903969608029115,25.13817235219267
1983-08-01,1983,8,20.70775510687895,23.84486807611836,24.16308119616292,24.87800390472057,24.87467732141988,24.873581843125976,24.974367566807015
1983-09-01,1983,9,20.875778152836237,23.341228335148344,23.655100455168395,24.397101169427856,24.47809486956737,24.690183864465094,24.90588181987817
1983-10-01,1983,10,19.890738218542023,22.42527943299729,22.64835781494719,23.37292360023497,23.51458442944892,23.946435546875023,24.615871626003354
1983-11-01,1983,11,19.47594979688728,22.344649362825464,22.45322942412639,23.03877691091185,23.084294511978783,23.30513299450621,24.113599225479675
1983-12-01,1983,12,18.049710854908994,21.47313768690049,21.57351599971861,22.323060793118657,22.55887406243886,23.076604369065706,23.74358929161366
1984-01-01,1984,1,16.011487265686185,20.045031078700102,20.295737499694155,20.905223385804163,21.00174381790822,21.544161578651146,22.97798436582326
1984-02-01,1984,2,17.07595434704143,21.512692674175355,21.979169126553984,22.55269675019582,22.53054247014489,22.370590403533697,22.53454526753381
1984-03-01,1984,3,17.421541041625915,23.19410827684516,23.810319787894,24.26549235727049,23.921861655430234,23.24224967269481,22.64034323457082
1984-04-01,1984,4,18.128979702488778,25.50406171997361,26.36741906078703,26.922096045724857,26.47717852969606,25.27225698353078,23.39864076571069
1984-05-01,1984,5,20.261408115945585,24.021642712717835,24.5761359708423,25.373419528802856,25.41263057795373,25.38649338354054,24.3039925882195
1984-06-01,1984,6,20.734698137419286,23.249622260730742,23.5583274703896,24.19747692039448,24.166838705829093,24.17735281207177,24.3914811554792
1984-07-01,1984,7,20.270538248825403,22.929608579678984,23.246361635547203,24.007129441562256,24.07466845053108,24.23301878640126,24.33432013049384
1984-08-01,1984,8,20.29683412508569,22.99676350210456,23.316015319107294,24.023086908709388,24.033726813332063,24.074424501089027,24.222555343639897
1984-09-01,1984,9,20.567435234864437,22.50574604174824,22.814620065950464,23.493291428580164,23.56172612966185,23.76839317614531,24.09072686227489
1984-10-01,1984,10,19.87983218725532,22.81596274379649,23.02154960662199,23.64643776459724,23.65464735158088,23.69339191433784,23.8811477171227
1984-11-01,1984,11,17.12482089981404,20.738171358041317,20.84102701950377,21.62704129857576,21.86584543393945,22.61461670113061,23.611564274177795
1984-12-01,1984,12,16.835508332517634,20.864007018708435,21.0392453091352,21.659927059881568,21.750960541368958,22.071856340544286,22.971880467832364
1985-01-01,1985,1,15.302685661584803,20.047497721099266,20.370840853196,21.024234579948143,21.12673253811425,21.528886252263646,22.421564365945585
1985-02-01,1985,2,16.07816671611937,21.397380487715395,21.92566199007689,22.493807622540658,22.397676821285245,22.142308595279477,22.16636380738549
1985-03-01,1985,3,17.41998959200032,23.219921607343903,23.893409044329985,24.3606852149814,24.026289605459624,23.212000133063327,22.351447254918757
1985-04-01,1985,4,18.406552680843788,23.758796556871573,24.38915522372997,24.98493424836045,24.795951051047386,24.168987793351164,22.971179017594977
1985-05-01,1985,5,19.44694887309123,24.792772634531616,25.37355106267131,25.977760681773702,25.764550590067078,25.056807183584624,23.65440435805357
1985-06-01,1985,6,20.34130901435253,23.954374418803862,24.304989607294942,25.021798335637754,25.01008283574788,24.946014370839865,24.26209083025401
1985-07-01,1985,7,19.92475979774377,23.47936814800317,23.790119779940824,24.528169507390373,24.535206760534948,24.551072268683924,24.442564474537505
1985-08-01,1985,8,20.25253302111884,23.590650197912623,23.90841269974794,24.612937923661438,24.59523342673259,24.569314180880497,24.475082973399594
1985-09-01,1985,9,20.29339130255238,23.067942252043395,23.416397455584388,24.130013046324397,24.17127185603465,24.29535111895558,24.465858778509244
1985-10-01,1985,10,19.899986693666847,22.46423334108266,22.71322446866435,23.418928909003057,23.510836861296013,23.788843060211946,24.266621866129128
1985-11-01,1985,11,18.35482450170076,21.92797778912984,22.02461866649133,22.67512572190685,22.786007817088432,23.14861151471956,23.88454293510182
1985-12-01,1985,12,17.719144639841943,21.0453813258614,21.23538257237425,21.877856120301487,22.04145366337121,22.55197828467601,23.43241074815245
1986-01-01,1986,1,15.446343014328022,19.801491915255497,20.11888964002549,20.853285096600928,21.079760417176487,21.74379768102733,22.843726713916908
1986-02-01,1986,2,16.64432863431142,22.20344221074788,22.633152079152808,23.125262150058745,22.900264291307792,22.39516754508861,22.41698400486985
1986-03-01,1986,3,14.904422329250735,22.157991714895783,22.881800989257044,23.58183475216572,23.45284227865608,23.20578821670665,22.632404553824927
1986-04-01,1986,4,17.132052777199988,24.333640857478485,25.31196204942006,25.86035695385914,25.4174912132317,24.271041251162387,23.047756582811303
1986-05-01,1986,5,19.75328532602049,24.696929945979377,25.39582024367417,26.06565149795665,25.932047118184755,25.39358493264245,23.86143790224895
1986-06-01,1986,6,20.661185234864437,23.61485740046254,23.926833941550058,24.608031978024712,24.579968233041317,24.536538158587064,24.309905876810888
1986-07-01,1986,7,19.858297531139897,23.36700725271635,23.6423714944695,24.337535254135677,24.310194945428748,24.299485641395847,24.34753278405202
1986-08-01,1986,8,20.223945434857114,23.809397330168395,24.170451298820524,24.8615568180428,24.81447610519041,24.663280026429163,24.40699297517375
1986-09-01,1986,9,20.226329295039648,23.271035515673987,23.561339175374428,24.271982827182853,24.3105448102242,24.420563140845275,24.47823137419249
1986-10-01,1986,10,19.508786615358304,22.818077227204924,23.07837682617952,23.78876754294737,23.88690729462365,24.12534607937306,24.369469115541847
1986-11-01,1986,11,19.24831495173015,22.461079395984257,22.631398166784948,23.236029535471346,23.30688690687407,23.53804869506172,24.095046067443263
1986-12-01,1986,12,17.716286645947548,21.87811784975776,22.10719861155297,22.714068923747107,22.797869571933745,23.09761327207326,23.752309145886382
1987-01-01,1987,1,14.854131081147216,20.50710936735271,20.86996141163371,21.621102391469265,21.822437919073025,22.43688557624074,23.31501581465352
1987-02-01,1987,2,16.40746730006856,22.37029426114674,22.989965036462426,23.45632047003477,23.17277914239918,22.7013472280002,22.957571380065588
1987-03-01,1987,3,17.98067526582082,23.867393251089027,24.56342058413276,25.140920415891745,24.886559341657744,24.032393503450464,23.1506655843163
1987-04-01,1987,4,17.263880876199096,23.691193501615142,24.550301610219265,25.22909150627692,25.120811602204924,24.894253690595637,23.753929994922203
1987-05-01,1987,5,18.60914676579631,25.583624989293757,26.534669536450224,27.1311414080854,26.785873989024594,25.833190430452248,24.38044569333647
1987-06-01,1987,6,21.392207650682792,24.401775974880135,24.835985525156616,25.56050294115852,25.583707771510376,25.55572891175609,24.9485832961164
1987-07-01,1987,7,21.014999105263826,23.72683956232873,23.97945188613454,24.71350569878132,24.77515359638068,24.94754345206053,25.054378395409174
1987-08-01,1987,8,20.74848854584724,23.80160853685396,24.09290692143452,24.79274510418708,24.78920516071605,24.830142783073143,24.952908619139123
1987-09-01,1987,9,21.152489660826177,23.79077802283183,24.11779416173164,24.771915913150963,24.752403399079924,24.732100343517573,24.869852819719085
1987-10-01,1987,10,18.281177771082127,22.15236558309272,22.347632008002165,23.14875222536955,23.37015240339912,23.934874331624428,24.65041054626323
1987-11-01,1987,11,18.14111542249907,22.181291945538877,22.4235884198194,23.01504460680553,23.059749297976225,23.33796159211045,24.129333390943145
1987-12-01,1987,12,17.69261399092113,22.038941519430352,22.29588700475972,22.93872246200817,23.04446211824592,23.274673153631568,23.77522203987621
1988-01-01,1988,1,16.77606668614186,20.86580107949544,21.19224500783088,21.86833176818226,22.0802276683022,22.754917454850272,23.45959925759837
1988-02-01,1988,2,16.905534440461054,21.74959568630095,22.27416518053792,22.799076892252344,22.692352261464865,22.49617886464864,23.029418505591764
1988-03-01,1988,3,17.22260505120647,22.987225193630135,23.64080054418315,24.173814780430234,23.95270290628673,23.48489295284361,23.06129979168708
1988-04-01,1988,4,18.62893515686181,25.205614813772517,25.99152069211289,26.4697707639977,26.034077442859257,24.897703778080995,23.531360541980742
1988-05-01,1988,5,18.831391972457425,25.671465524361334,26.51919671807707,27.22174988987865,27.01489586647176,26.269992803873837,24.43410959983117
1988-06-01,1988,6,21.114337000477235,24.079755064053984,24.545737690877104,25.312489331991515,25.36572804760914,25.48851548734831,25.0610395916944
1988-07-01,1988,7,20.76353751162395,23.805729867670838,24.13358529971373,24.874403356254906,24.89113167304964,24.9334391212314,25.04738607025746
1988-08-01,1988,8,21.138657383332543,23.41949978128673,23.765198317895965,24.49342296244862,24.56024235879994,24.73528048067982,24.94238361546843
1988-09-01,1988,9,20.805961581404176,23.12268060670766,23.398647648296787,24.07921172211485,24.128967849145965,24.31463325757392,24.73772704886943
1988-10-01,1988,10,19.68823781323414,22.11104253591185,22.30138198506023,22.987290004649594,23.12843808119618,23.56710965030345,24.37547933388805
1988-11-01,1988,11,18.99115610623045,22.255608581208435,22.36577144613841,23.018913958496512,23.117640833007044,23.390054930684755,23.945291890478188
1988-12-01,1988,12,16.626355907706056,20.52199391579387,20.69136766928108,21.362592838439756,21.539322164680414,22.162006939176308,23.38672509727388
1989-01-01,1989,1,17.06753923838835,21.380551608689814,21.70836000972741,22.29689415653144,22.31323150419689,22.41155135021046,22.88104466951353
1989-02-01,1989,2,15.006368915793873,20.91482593174925,21.380712584732294,22.12023136195677,22.212619374632936,22.497449466523108,22.71174184490019
1989-03-01,1989,3,15.120441663199928,22.251155739159174,22.915369656054224,23.473072302332127,23.182528708031555,22.592549982870025,22.577313275438087
1989-04-01,1989,4,18.36455475785533,23.889887454422023,24.571505902199988,25.15329798233165,24.908502364550717,24.185584193911552,22.97423373874318
1989-05-01,1989,5,19.7900498069817,24.56792007482136,25.091135229052497,25.717097070465456,25.553427642607232,24.95135716951353,23.64500293657011
1989-06-01,1989,6,20.464369080975928,24.28877213133813,24.69614590470832,25.36155146492024,25.30101185487229,25.057137547719265,24.244481542433448
1989-07-01,1989,7,20.191753285287803,23.871960611724266,24.18748302295421,24.88687651416899,24.87000786909016,24.828023711274,24.50344859625835
1989-08-01,1989,8,20.651200514205694,23.76276283831737,24.103559635314756,24.804447986002344,24.786905038664884,24.720159056565706,24.606072161621512
1989-09-01,1989,9,20.76198472371772,22.917445138141147,23.210548672119728,23.923511755457127,24.04035225840596,24.354883959597714,24.60415497901579
1989-10-01,1989,10,19.483777591523108,21.986222247883237,22.24295207884694,22.94423885479887,23.06064728428447,23.453265557703617,24.25329201742369
1989-11-01,1989,11,19.42539834879113,22.33511373091233,22.485361542249905,23.04835326479298,23.08517051224794,23.20480209505922,23.772443578088318
1989-12-01,1989,12,16.300654151575998,20.22503728067494,20.3658188595096,21.13268444566125,21.424934347775547,22.337839235023523,23.388119394515968
1990-01-01,1990,1,17.461015732062492,21.46583411590888,21.809794034786137,22.304934737788813,22.219204480104736,22.07309769142768,22.735065399863004
1990-02-01,1990,2,16.85803828706196,22.123662522330164,22.592626456049345,23.222049664741636,23.203297294073025,23.05951815779173,22.703534360928984
1990-03-01,1990,3,17.395390655589267,22.564389499314814,23.15778122246968,23.689461766469265,23.48766414967946,23.12567682587365,22.85036668889489
1990-04-01,1990,4,19.21494511519921,24.29044918816078,24.92936463023693,25.465801423624725,25.18508711824592,24.35936605263805,23.24925499828703
1990-05-01,1990,5,20.259090596246097,25.100621726947963,25.66417361552959,26.260334623690824,26.034326936606817,25.319094129307015,23.93816172242072
1990-06-01,1990,6,20.804287965874607,24.09656482478465,24.45700490498973,25.19882571609486,25.226017475650963,25.186007090593197,24.517787126199096
1990-07-01,1990,7,20.27900287386211,23.86712291840007,24.1846936637383,24.864630848668757,24.82420846435741,24.76750436661854,24.675184223889005
1990-08-01,1990,8,20.37170672076894,23.98678356101948,24.293741932079627,24.996137186765907,24.979215775193325,24.931368227535245,24.757951719422977
1990-09-01,1990,9,20.814685259335874,23.38914795877793,23.76267604125883,24.483399814017275,24.54095907308391,24.676775439567848,24.766529333582127
1990-10-01,1990,10,19.82428799646391,22.825555921777152,23.07364370992809,23.79117874229155,23.90987180800954,24.24152126566173,24.624088860304937
1990-11-01,1990,11,18.61103412386211,21.53191707554328,21.590537017607232,22.23501473638169,22.421018920994072,22.9816938885694,24.15431297260426
1990-12-01,1990,12,17.693513315510017,21.04537692865358,21.14854613015126,21.754945941109558,21.86942131980476,22.316188530858483,23.42501579171153
1991-01-01,1991,1,17.98355046618053,21.80895206508177,22.04973475277751,22.57329231566905,22.53456534174336,22.532554479493,22.96198369132981
1991-02-01,1991,2,16.564354895201177,21.833297301720336,22.346896527199988,22.94917730153685,22.872111646253472,22.76890650236152,22.852885715421905
1991-03-01,1991,3,16.829667884629544,24.427412269968727,25.1847990055428,25.751766377496097,25.36356863620796,24.32687393702281,23.11653751621236
1991-04-01,1991,4,18.809468067859257,25.91846471680452,26.87130332474794,27.38507480606404,26.92446786138169,25.7179562466352,23.928768521804045
1991-05-01,1991,5,20.14073764499318,25.15760801071849,25.86704682758665,26.652078999853188,26.626736744139123,26.375953467599857,24.904357518231222
1991-06-01,1991,6,21.02116877018892,24.626226859215933,25.064733055072963,25.791401661609257,25.787857320930414,25.749300882194632,25.32812675888317
1991-07-01,1991,7,20.170414782877344,24.374012769491515,24.71858160605916,25.42275161205464,25.380915429840456,25.319648751040063,25.36438594331196
1991-08-01,1991,8,20.182598489807678,24.30286097634837,24.704887745020077,25.450914007439337,25.45959619867125,25.456781794489075,25.37154880365358
1991-09-01,1991,9,20.61141209255095,23.35132489783183,23.66348153325669,24.432414380628472,24.55645903943571,24.93957379967702,25.32008560407695
1991-10-01,1991,10,19.95366761544392,22.50782420039644,22.74100736589668,23.4373453712314,23.547656594129307,23.94281377710212,24.903095137223488
1991-11-01,1991,11,18.021455926977296,21.30094130836437,21.43801776166066,22.172087824858068,22.406023868808745,23.11640024685545,24.295982787416847
1991-12-01,1991,12,18.055430092807853,21.061376073683448,21.214409994126868,21.8390362314629,21.993163718370734,22.474294726103665,23.593138061619072
1992-01-01,1992,1,17.4190090146584,21.288094578969265,21.59589778747801,22.16084339975288,22.202023250905484,22.37248464418559,23.05649440828114
1992-02-01,1992,2,16.473746604590872,21.84800347647075,22.319374594692192,22.889581561704688,22.81625697435396,22.65943896981452,22.790633870888826
1992-03-01,1992,3,17.933710027469203,23.822644014291317,24.567234683951654,25.03453857613061,24.68911228403977,23.88678264334135,23.00739652414109
1992-04-01,1992,4,19.02710328008766,24.588436681736997,25.26385296348866,25.893334291797203,25.725789394393644,25.124747103196,23.70176955113305
1992-05-01,1992,5,18.69408686435497,24.182417057189756,24.906464545504605,25.543908261244667,25.392462497552856,25.004072617401675,24.228570150376868
1992-06-01,1992,6,21.488852351703255,24.36336980594166,24.78673584175561,25.437707854101404,25.386694699185117,25.208566104945703,24.624539478514123
1992-07-01,1992,7,20.197096848693263,23.577082135253534,23.80858021424729,24.55432161407356,24.59568633913716,24.69656746310937,24.73126755059468
1992-08-01,1992,8,20.28633932832082,23.76779611179768,24.07317626761943,24.778698892974266,24.752225981303862,24.692124944939337,24.682923118453918
1992-09-01,1992,9,20.399773333496512,23.14953339889638,23.474179825151737,24.22154666240459,24.31715840195528,24.52573613082421,24.664984613596346
1992-10-01,1992,10,20.024479867670838,22.647576832603303,22.85858182018404,23.488296582872465,23.54612579226216,23.837371219166016,24.42041822417042
1992-11-01,1992,11,19.556388492927795,22.40260915016887,22.528447487397216,23.19006819878132,23.334737100504128,23.64859774954732,24.1245563026136
1992-12-01,1992,12,17.91505630720195,21.482078739844383,21.581691556137457,22.184162748690824,22.293749197031616,22.701178795822727,23.647461166919584
1993-01-01,1993,1,16.956841634751868,21.367207803629128,21.626055559294286,22.273833478122583,22.37143619689704,22.692724303482294,23.231696756313625
1993-02-01,1993,2,16.440071640074393,22.296948452488778,22.77686334548747,23.27995668559123,23.05305980661467,22.652956338403044,22.93126078271831
1993-03-01,1993,3,16.50470352113109,23.022670321064997,23.624869651465872,24.23340554950568,24.03692071566661,23.61921159211045,23.10676042023545
1993-04-01,1993,4,18.745087210013708,24.86505661309468,25.57952793871135,26.18914363804328,25.94743161003578,25.162756949882574,23.651113717147155
1993-05-01,1993,5,20.075985701044942,24.832979364477296,25.39468595524181,26.049424654035363,25.91478195967113,25.43274933315388,24.319452214969203
1993-06-01,1993,6,20.974093219276146,24.134842136415955,24.45623137878084,25.15107643647224,25.178665091829032,25.20729970909605,24.76674460558195
1993-07-01,1993,7,20.20283463133813,23.8813587830976,24.090916133393705,24.738532884996573,24.68456289460164,24.608150129086766,24.72162485623045
1993-08-01,1993,8,20.44336572227388,23.506158232184816,23.78676528392964,24.502448327072727,24.539765326754605,24.651572938589027,24.72472679956689
1993-09-01,1993,9,20.66287127728566,23.10148644742316,23.3911440999413,24.11120504141792,24.189843176451177,24.390224509959864,24.62435842826204
1993-10-01,1993,10,20.45885861485664,22.781705627202427,23.024868542604736,23.69281071817494,23.76394568721861,23.94673436582326,24.38879828516542
1993-11-01,1993,11,18.390928445575582,21.89701226935693,22.008760423294348,22.6951062518354,22.85199996482237,23.32993859968434,24.042598275682792
1993-12-01,1993,12,16.841021857564158,21.294733789215456,21.495131373274774,22.158587058596822,22.29645309746968,22.736938992756507,23.581970109693145
1994-01-01,1994,1,16.813281785312256,21.08416144864674,21.36891105251567,21.93257765086633,21.959733085662208,22.151936950922614,23.03607912832814
1994-02-01,1994,2,16.959234289350036,22.27531916081392,22.756228013960992,23.31049701448711,23.19135428647468,22.931744475577545,22.829127601617586
1994-03-01,1994,3,16.665959837815706,23.46642926842702,24.10115149489775,24.6937001012505,24.465756495631865,23.810356303837125,23.042637085821298
1994-04-01,1994,4,18.181924569914884,24.89928811117369,25.75182009990459,26.294199624057853,25.94136327207326,25.07259105661467,23.654942346870143
1994-05-01,1994,5,19.406368571664583,25.408716489452843,26.14402905063139,26.83076833368005,26.663671569107294,26.023525482392813,24.48875293657011
1994-06-01,1994,6,20.303839450677856,24.37738103067494,24.7562067926537,25.453061374314814,25.414999908232232,25.361181334732294,24.94665464253381
1994-07-01,1994,7,19.356426232441777,24.53110416564704,24.98456048569648,25.695989134690706,25.62607850124806,25.4226248577599,25.108171159211054
1994-08-01,1994,8,20.26327845872896,24.235381616459502,24.68791834652751,25.437113848681008,25.46157513336925,25.491850482698737,25.258021692382044
1994-09-01,1994,9,20.457058627398222,23.39005837197783,23.73179655381267,24.48996675710896,24.60244102388413,24.938943087130497,25.233862476752165
1994-10-01,1994,10,20.16480279861247,23.34886877049485,23.617426325739075,24.282083595891265,24.30381230269921,24.42801086377989,24.95627382139537
1994-11-01,1994,11,18.67247076430357,22.488243242829924,22.62958537006904,23.3081362874413,23.43236448187895,23.84160439200764,24.61345679418315
1994-12-01,1994,12,17.329002376786434,21.90804601085307,22.152668416882875,22.839146735207063,23.022673953541016,23.5162695159554,24.2032544690926
1995-01-01,1995,1,16.104669834695585,21.93847201234587,22.282890005567253,22.911832580327427,22.94443864097985,23.080423057275368,23.76510903545909
1995-02-01,1995,2,15.411763945649,22.38808555513413,22.96074482582469,23.57513608402263,23.47008602467946,23.388546306039583,23.537659637761863
1995-03-01,1995,3,16.229448444841466,24.096605164386744,24.92311218309516,25.4819380291944,25.13830331251228,24.32085243888264,23.673585552075224
1995-04-01,1995,4,19.50134137780202,25.22460081000395,25.894542759213493,26.54852647654417,26.391493200004906,25.784898955988183,24.284136518390312
1995-05-01,1995,5,19.78646092067595,26.018032796287685,26.61587239073515,27.220699148394715,26.95408898266203,26.20485658219951,24.930421489575224
1995-06-01,1995,6,21.107847677662505,24.588338413701592,25.05462024183879,25.822525098497465,25.87955497198027,25.99157384097253,25.466711263275783
1995-07-01,1995,7,20.574108284492468,23.839737299334388,24.13796300686425,24.88915656201061,24.93638945648985,25.10575479792732,25.421368021057678
1995-08-01,1995,8,21.37089553151918,23.774307803017336,24.13128575121135,24.841551243148047,24.879778273663877,24.98075594502501,25.24325166252692
1995-09-01,1995,9,21.121321869493958,23.169744495460577,23.483232146571595,24.204747799101938,24.32023434441078,24.629293624889897,25.05556296495695
1995-10-01,1995,10,20.279016639034356,22.554814674897216,22.70760713127692,23.339349006766383,23.433123478183745,23.78188228024669,24.639157709108304
1995-11-01,1995,11,18.993558128793097,22.187610541980742,22.309325827745734,23.002642186582364,23.154929728795537,23.59435035269433,24.230833374119072
1995-12-01,1995,12,18.24500079532106,21.58504605214864,21.729002223840094,22.34149541772712,22.469276938442192,22.87338530705512,23.72752093835652
1996-01-01,1996,1,15.579822742817669,20.260306519797386,20.450152908122107,21.144290971270607,21.28776899440828,21.81564748311473,23.088852122283697
1996-02-01,1996,2,15.576091234032448,21.60417275902995,22.04043695245207,22.593814658073143,22.44173932893256,22.203518301561303,22.554557916197663
1996-03-01,1996,3,15.43529531647664,22.319360638336946,22.928104161058684,23.5640618117414,23.392916939421013,23.047073103771083,22.653152492108006
1996-04-01,1996,4,19.064126049212064,24.24188967520314,24.856838422878354,25.44831793418416,25.236039285801724,24.482149477535245,23.11998989789305
1996-05-01,1996,5,20.43055474409016,24.175913013287985,24.60118284890126,25.207388991532923,25.079822169268823,24.685775185676903,23.75413379594511
1996-06-01,1996,6,20.96416700059956,24.013640750416016,24.380259289961828,25.03277051622456,24.991948941917087,24.81477951252941,24.169515267105567
1996-07-01,1996,7,20.51945271204488,23.58998774899669,23.847308335270668,24.537808378095637,24.549032537808387,24.562668470414053,24.37950602914549
1996-08-01,1996,8,20.456529624180234,23.437128952133943,23.69704675876079,24.3761060315926,24.365770490223667,24.38275862464519,24.42106576081636
1996-09-01,1996,9,20.91173660648741,24.04470836188335,24.357530122785363,25.014936397256804,24.96822753523884,24.777094103306126,24.468674329789053
1996-10-01,1996,10,20.15044362091328,22.852464539386744,23.02435923123045,23.678373920198737,23.758206566293097,24.02766879924877,24.445701595536438
1996-11-01,1996,11,18.077790659260017,21.41900958820725,21.468589253377104,22.18519456306285,22.41309228477388,23.090528987923392,24.05031212528144
1996-12-01,1996,12,17.18020679112425,21.257464967636565,21.426748482772155,22.04303799646391,22.14513963237817,22.49633104627549,23.438292682740325
1997-01-01,1997,1,16.478105575812492,21.20420331006511,21.473747942871512,22.113015543938445,22.19792428849354,22.46153154365703,23.01646184600139
1997-02-01,1997,2,17.141195336971464,22.11999180972253,22.514887263239075,23.01583897195576,22.85659237042387,22.61650386801341,22.7700570413445
1997-03-01,1997,3,17.525330631790837,23.95875269950324,24.617917474733304,25.14023502502204,24.837637154647155,24.02500848852293,23.02344958276234
1997-04-01,1997,4,18.612651340421905,25.452111577427612,26.25622323438728,26.80497909223277,26.453257910385677,25.428767374706357,23.765838016041016
1997-05-01,1997,5,19.188227106989075,25.52354498305357,26.226728867401675,26.87743131179036,26.68608375495546,26.02001631937651,24.590248713721166
1997-06-01,1997,6,20.643036428763708,24.3453968881534,24.728700345964683,25.518309438013944,25.599724505371512,25.71350397813484,25.11688718982481
1997-07-01,1997,7,20.41570422621379,24.189779130163515,24.450716706636683,25.10963963543708,25.059994394515968,25.02727935958302,25.1420285122602
1997-08-01,1997,8,20.292715279647155,24.49684628432118,24.892948484607476,25.606929808327664,25.562069685419942,25.43206298636943,25.19703624369862
1997-09-01,1997,9,21.059661736185888,23.557226256607294,23.90660391787395,24.628310370986696,24.718979648957543,24.986289926646972,25.233932449711237
1997-10-01,1997,10,20.237064408770607,22.905030673392275,23.0591591162148,23.68892339528685,23.76474999388216,24.087700436203026,24.88796090385182
1997-11-01,1997,11,19.967296091914648,22.63250301304328,22.75060800001228,23.400858679094085,23.55038783372896,23.952211566109558,24.511079472457425
1997-12-01,1997,12,17.250236340360743,21.197407329801308,21.250849655258943,22.001352084047085,22.26103244145213,22.896430308462243,24.010719283782805
1998-01-01,1998,1,17.44741631539989,22.04191804675264,22.247698004355925,22.7456691709084,22.678217150181126,22.74601559441078,23.374784957419763
1998-02-01,1998,2,15.79444166167042,23.16913921024621,23.55700563148497,24.11046420749318,23.83559761495451,23.310414997002283,23.215857057862703
1998-03-01,1998,3,16.419871823304163,23.826984631949927,24.49259609619719,25.122411229933448,24.96008161217702,24.53941527077626,23.62044357502941
1998-04-01,1998,4,18.02837579379161,25.92006625636259,26.8255685398517,27.424697663285546,27.04485117554572,25.91869643053792,24.26187020513169
1998-05-01,1998,5,18.51748065993297,26.45248017815192,27.34106525609343,28.026201087754544,27.745994373103485,26.845010507414884,25.12449684471665
1998-06-01,1998,6,21.008021501199096,25.53413212118249,26.03479265826894,26.78554190424336,26.75240282553108,26.610098283330103,25.79611642429768
1998-07-01,1998,7,20.719277703173987,23.986525081673392,24.27375318128429,25.07175788132588,25.17298906127644,25.526997938283102,25.869773669978485
1998-08-01,1998,8,20.97463063454387,24.33124896761211,24.69757461488109,25.422378805305414,25.416065561986105,25.422581841596525,25.644306074723488
1998-09-01,1998,9,21.70494662936818,24.05061706208403,24.387088536058684,25.069477068752462,25.09831720768892,25.227799874278105,25.511415189714683
1998-10-01,1998,10,20.88076535122605,22.927540553727,23.10712481493493,23.860124475394,24.06305848362865,24.58231022415822,25.26719044421742
1998-11-01,1998,11,19.531317143451474,22.002934505310293,22.078009563735804,22.751420336359672,22.93026299891102,23.50569633418172,24.642707020543757
1998-12-01,1998,12,17.25513502104542,20.93476325433147,21.08388767466477,21.770255298061898,21.94771532553108,22.546239737299345,23.88771618967797
1999-01-01,1999,1,16.393992917054163,20.932411512884244,21.16214822337514,21.78209124320921,21.86258767650014,22.212038560835992,23.17301926818226
1999-02-01,1999,2,15.86893667103078,21.51584298679768,21.975366306529,22.625067334634423,22.588348928763708,22.57444457529857,22.838728618099083
1999-03-01,1999,3,16.09491415120891,23.1305005628426,23.905808405625976,24.51039274330708,24.22536267405297,23.510062187989437,22.904451197875915
1999-04-01,1999,4,17.875575690093967,25.06701195581689,25.86069802423896,26.42482900597105,26.051607772122168,25.07961607405053,23.535092050765968
1999-05-01,1999,5,19.295240041662623,25.312931155785066,25.97022730887824,26.6374357242928,26.431902775058745,25.794495192895965,24.363553150389123
1999-06-01,1999,6,20.489488226189337,23.605245677735923,24.00918733481797,24.82026569841429,24.925877262076654,25.08146901918559,24.803442363694217
1999-07-01,1999,7,20.201563838280663,23.18431932752549,23.453610451742406,24.165275211677795,24.178978440681306,24.328310676879426,24.68931073194011
1999-08-01,1999,8,20.511529708300717,23.862943276783994,24.232992211971464,24.9393585276772,24.90081967777263,24.77699812946605,24.634891843982476
1999-09-01,1999,9,20.88122323438728,22.938689769723965,23.250137116410546,23.9824526936913,24.105011860990142,24.41552547015715,24.64162167494618
1999-10-01,1999,10,19.49337096068672,21.765959226030247,21.983526950677856,22.74460791436229,22.9440962323194,23.516403917568027,24.314992107967896
1999-11-01,1999,11,16.75911889132243,20.048159022917503,20.08960863321016,20.82947211329042,21.09137344300609,21.87411314053935,23.50103223497456
1999-12-01,1999,12,16.14918984313823,20.07930540175954,20.22333039931237,20.8911769834084,21.04585756258569,21.568100169158697,22.64236059704143
2000-01-01,2000,1,15.513016346906852,20.315571583484257,20.60410565381511,21.18616730190388,21.16759445202382,21.280588354052497,22.08395401514781
2000-02-01,2000,2,15.207462788150965,21.38168035281666,21.89686735268208,22.47813845927959,22.337822410924048,22.00533805733653,21.87758712589323
2000-03-01,2000,3,16.13632418663127,23.81096789808879,24.5760638948708,25.046672957860267,24.570746714712243,23.47572343627644,22.24354684899913
2000-04-01,2000,4,16.521473515808566,24.86578750550609,25.80027063858165,26.42138847763317,26.049470729125915,24.94537945226853,23.13203996794249
2000-05-01,2000,5,20.04849875501668,24.2082563885694,24.74982606175365,25.472824911597,25.45071651545373,25.21759491086289,23.997035364257044
2000-06-01,2000,6,20.31054767796843,23.403864648590456,23.67062814304768,24.358331561704688,24.36022694945433,24.39194592122652,24.265724835735625
2000-07-01,2000,7,19.32304702794636,24.035681276612703,24.354867517864136,25.04098947117268,24.941895907767275,24.68259963690537,24.36110887639489
2000-08-01,2000,8,20.287018218970275,23.451428863119133,23.798173170455694,24.521704273627165,24.543991043461237,24.59642411413472,24.498460633136744
2000-09-01,2000,9,20.913414619224795,23.107071283709388,23.456092771143343,24.170912432091825,24.233446462656616,24.372281799077427,24.48315490866048
2000-10-01,2000,10,19.449031811313148,22.06152538756612,22.20005578718434,22.90957853336681,23.0480339892693,23.497964704568854,24.22966237856059
2000-11-01,2000,11,18.852102056516745,22.47471093138216,22.63094754857576,23.2417233460381,23.289970083692253,23.428930453761268,23.840805820832543
2000-12-01,2000,12,16.25369044268797,20.437842638079985,20.618384152310117,21.351460828908102,21.599162236320524,22.300385730716528,23.40423363168071
2001-01-01,2001,1,14.983305560823736,20.159016264315824,20.469619538285546,21.07543872662984,21.134011828871397,21.556178382867586,22.68574689060057
2001-02-01,2001,2,16.787172503609554,22.150489313637934,22.667457565032805,23.18747652273396,23.006226102131507,22.532112273333496,22.380704363865505
2001-03-01,2001,3,15.412191621904412,23.10191412367857,23.759691293069693,24.388717032412387,24.13022525939704,23.56720428586289,22.707416330694517
2001-04-01,2001,4,17.30885398822926,24.68418263171742,25.634730485574096,26.27182146877448,25.970675824074988,24.973143040023047,23.362161338525368
2001-05-01,2001,5,19.825683823169584,24.130345131105628,24.735549666271083,25.38184094649324,25.29712453198414,24.996291853771083,24.059108070367586
2001-06-01,2001,6,20.091504212142752,23.99506962118249,24.26407607398937,24.918709813344265,24.84363379900401,24.6786692978539,24.359196282179937
2001-07-01,2001,7,19.958201519063262,24.172457381497168,24.523185367927795,25.227435670761565,25.1694447205976,24.97025178029565,24.559568821273047
2001-08-01,2001,8,20.58806502208546,24.09062477058046,24.38442153392964,25.066456186986105,25.040963852657622,24.98852045810497,24.753493141885315
2001-09-01,2001,9,20.67179684441078,23.367794352914583,23.666426897758413,24.42431567975484,24.52257625905446,24.71898920810497,24.81081189280297
2001-10-01,2001,10,20.010883892301308,22.762418517827427,22.94646116539008,23.64779745772563,23.77355626284753,24.12881566751912,24.601552023174463
2001-11-01,2001,11,17.789386975699927,21.537400202500976,21.646748819254128,22.26961254098967,22.363401159945223,22.80532551573515,24.045657011672915
2001-12-01,2001,12,17.730583880371512,21.55142595713835,21.770323741557377,22.385391787392336,22.504015836066003,22.8704250302834,23.521129195318625
2002-01-01,2002,1,16.31930175398884,21.1770260804131,21.457593557287623,22.04844465024229,22.06135217581493,22.23054449668416,23.035722189763646
2002-02-01,2002,2,16.676883075567787,21.622757653435823,22.124772912894,22.76010348350627,22.789203248886565,22.849201237641974,22.872087366019
2002-03-01,2002,3,16.736899226703258,23.18286901367952,23.82713222518601,24.343275330975928,24.055877269723965,23.41651981267131,22.9193852627007
2002-04-01,2002,4,17.004829893059934,24.91180963837365,25.81634702152263,26.40414626107332,26.03387020054328,25.02610817284165,23.518368131179045
2002-05-01,2002,5,19.13102478648693,25.21517682893256,25.97020455810741,26.66502743857677,26.50685107918952,25.94465372179673,24.38829222390126
2002-06-01,2002,6,21.120465178702545,24.050578251945524,24.38777507402608,25.06417460968089,25.058729145764005,25.058097668485743,24.80243865321557
2002-07-01,2002,7,20.202032810052856,24.308246217636565,24.56641546501811,25.25760739893309,25.220117952231817,25.09669884403144,24.90104317063924
2002-08-01,2002,8,19.944592734436185,24.516569099635376,24.880766498323737,25.58596583331297,25.53796533929625,25.388186690913813,25.04034575818571
2002-09-01,2002,9,21.091580494139123,23.66990967752793,23.982622846515312,24.69902339926341,24.778081754417087,25.003243265771857,25.111770369396083
2002-10-01,2002,10,20.21089337497557,23.228282420039648,23.42602714950817,24.1022594000832,24.15669683278685,24.32474090886848,24.869898130077843
2002-11-01,2002,11,17.982326895311303,21.829917378377104,21.877314307826,22.621436388079985,22.853106340544286,23.581394840201654,24.531347350357294
2002-12-01,2002,12,17.448772758418215,21.600789394393644,21.740617926230925,22.322408859264897,22.4192531552834,22.788061504319217,23.82482311753625
2003-01-01,2003,1,15.058221555036257,20.08056147372997,20.423256526221166,21.12897817302519,21.35510056987817,22.02704210154417,23.23048962717797
2003-02-01,2003,2,16.804594623323737,22.955480794525783,23.50244067975484,23.93020468811181,23.59980537575865,22.9061095187696,22.814075385730742
2003-03-01,2003,3,16.639830481903402,24.94095356701501,25.67530275731696,26.32195403503084,26.040869599464088,25.02704401337365,23.359057865725333
2003-04-01,2003,4,17.13035411670421,25.060124590103783,25.845636822753534,26.341513388924284,25.883531194939337,25.039908713965872,24.021367218089267
2003-05-01,2003,5,19.41348497454976,26.181225031506983,26.989303543461237,27.71649369708058,27.57633059508373,26.89287793809956,24.91535283195481
2003-06-01,2003,6,21.150902651172203,24.37574699001567,24.769531097053687,25.50927508779125,25.531543312879307,25.64033023413032,25.41610991643012
2003-07-01,2003,7,20.22351508204042,24.037416835417503,24.331559639903105,25.0780562123752,25.094484754307015,25.17002190191857,25.370422927270965
2003-08-01,2003,8,20.229397972543097,24.42744496225288,24.82203452305208,25.53398854278828,25.508569431529,25.443177215886863,25.33080962919689
2003-09-01,2003,9,20.899092722200464,24.04551878640126,24.445772142044348,25.17491350883421,25.19779026924681,25.249643482037985,25.327164726287208
2003-10-01,2003,10,20.530716637810823,23.110753849659886,23.31155291791066,24.000219707444217,24.130988270543757,24.559427345891265,25.156201286584803
2003-11-01,2003,11,19.06829861705904,21.98082496206933,22.08172673379994,22.814916973069217,23.041309702611105,23.63149643482041,24.66569543179816
2003-12-01,2003,12,15.50174381790822,19.830221932813743,19.945671197447663,20.688630503010017,20.956948314837064,21.89747684392131,23.794566504135677
2004-01-01,2004,1,16.410148640918692,21.10949242456689,21.38877534321165,21.96103255616191,21.97319312995546,22.125167132133413,22.96011201026579
2004-02-01,2004,2,16.517191017766265,22.02261698102245,22.478898793865028,23.047169459977,22.970692074625617,22.77851765153929,22.75628938368737
2004-03-01,2004,3,16.989324573585577,23.308738322545537,24.029301692810293,24.59641895219511,24.37333598185444,23.7615316201302,22.967659530699397
2004-04-01,2004,4,17.78724419721516,24.14656681308736,24.82771533317839,25.400802662490207,25.12417718682707,24.4604133145923,23.46432128523884
2004-05-01,2004,5,20.17572966884057,23.90033158770558,24.336102720303984,24.974427024703918,24.892293300643644,24.6456772388288,23.943098830878057
2004-06-01,2004,6,20.324912017607232,24.29303531990263,24.641957583386382,25.309343798942848,25.236055727535245,24.945919735280484,24.286280443972714
2004-07-01,2004,7,20.04580632555553,24.103722714369667,24.49823752263609,25.174219514731817,25.109588398406917,24.948731845267275,24.556169970817848
2004-08-01,2004,8,20.330854174823852,24.673806177197548,25.04900080143892,25.724535807801487,25.65030520445873,25.402271521082127,24.817121503646263
2004-09-01,2004,9,20.770421818409886,23.82010606065245,24.25326907546986,24.990253340348488,25.02679279897956,25.11014359368886,25.005783895972
2004-10-01,2004,10,20.365139204128354,23.254027880591764,23.49302931675805,24.177344208839088,24.25525737813234,24.504416937891563,24.890631920822727
2004-11-01,2004,11,17.959478238792087,21.980761298147517,22.06035439200764,22.762370530907447,22.91901589724455,23.43345135694011,24.48356423135283
2004-12-01,2004,12,16.23385922664204,21.00261159731059,21.213376459108304,21.96689919611396,22.24013690993297,22.971118412600333,23.941674900279
2005-01-01,2005,1,14.893404838305116,20.63805228930113,21.031329379160184,21.673302792494667,21.73363516022664,22.109085778435823,23.28397993955565
2005-02-01,2005,2,15.399539516750735,22.268256097971346,22.9117377535851,23.451953469129307,23.227677134825285,22.76517059636848,22.8871657739698
2005-03-01,2005,3,18.148163381888708,25.039152585405247,25.7489684150475,26.18950879747456,25.785632524960874,24.672360451742406,23.248410160838432
2005-04-01,2005,4,17.972495885743,25.405095102045838,26.230812726360625,26.79771681675805,26.467229369065706,25.621177526368,24.06756657754994
2005-05-01,2005,5,19.796582145959803,25.380668995020077,26.045246159516974,26.746054022183387,26.659002690326474,26.22337743031767,24.858790209597714
2005-06-01,2005,6,21.19207428145802,24.739553993123536,25.1730209888288,25.8897779065926,25.90212851623681,25.87926475626472,25.31361520837413
2005-07-01,2005,7,21.132631487984558,24.13881893292387,24.47615971576448,25.201634384788576,25.205346775279,25.231346317969383,25.352613088537623
2005-08-01,2005,8,21.09942759825276,23.976535772623837,24.31446234001811,25.021528194131804,25.03075850687651,25.09698886856404,25.26982953363597
2005-09-01,2005,9,21.03923460289008,23.619501807826,23.96967306951109,24.71726282608165,24.80054250073414,24.97801055788716,25.162933794109733
2005-10-01,2005,10,19.543993528839565,22.41026755671254,22.52563384794689,23.26996297933391,23.472872516151146,24.040382656494728,24.855572600577545
2005-11-01,2005,11,17.81627475436818,21.46002196309712,21.51810468107629,22.18612103563038,22.348196953614437,22.950806180256507,24.209708805427795
2005-12-01,2005,12,17.73151322068327,21.571672804913877,21.77155629802519,22.373271935566777,22.45644588604887,22.77422138832469,23.604733880983304
2006-01-01,2006,1,16.58687529059813,20.987304343370734,21.25504726807219,21.86131554516203,21.937834799579093,22.25011952757933,23.11204567284165
2006-02-01,2006,2,15.719598316978306,21.36221659039745,21.82408476898985,22.4726016099134,22.46027145684468,22.427510920370025,22.77126684704143
2006-03-01,2006,3,16.272504756631804,23.26697173092458,23.95698138948711,24.53476761330268,24.25391278845683,23.617678687230864,22.853252404316777
2006-04-01,2006,4,17.458778509201295,24.80968964889638,25.68942276514781,26.24411829483165,25.85271976862276,24.796552894968727,23.4267819397881
2006-05-01,2006,5,19.634687851776675,24.852384051365505,25.458352744775368,26.136035691562256,26.03794105906178,25.660158773614967,24.2662890166161
2006-06-01,2006,6,20.89317847769433,23.39846564213002,23.709934401306786,24.40676145262336,24.455532413921787,24.59893644925853,24.567777261158994
2006-07-01,2006,7,20.844729277297915,23.80682037520802,24.064541872124607,24.72593239923896,24.699769968676605,24.612842714553157,24.56804415255482
2006-08-01,2006,8,20.89046616520659,24.100752878450464,24.40883272868541,25.068614833655545,25.01198262070528,24.858637072056126,24.627110315620143
2006-09-01,2006,9,21.02742484980672,23.8740412557508,24.21031753193523,24.90413115762044,24.90391990046254,24.8861754462975,24.742824751003354
2006-10-01,2006,10,20.861545155882936,23.45718060211925,23.663296085796787,24.319620073597832,24.39665838971956,24.59728367267036,24.7278727149814
2006-11-01,2006,11,17.989539845585398,21.34376724470195,21.42511845695481,22.19329460221712,22.452350556113004,23.28819934722497,24.432535017068854
2006-12-01,2006,12,18.256814180880497,21.44676323444844,21.53762828375835,22.095073215421905,22.17382051591869,22.49396706911955,23.610020471870143
2007-01-01,2007,1,17.802028374608483,21.78008363106892,22.030250724965757,22.60324112452281,22.632215665071957,22.72852942840888,23.18350202042143
2007-02-01,2007,2,16.973628835894715,22.35690208680012,22.770575911866217,23.321862267215693,23.17889890857481,22.974127249840933,23.04463207988698
2007-03-01,2007,3,16.81186932569011,23.34947864409997,24.017410113425058,24.619435084977,24.4247563564507,23.875347035287803,23.204299857454032
2007-04-01,2007,4,17.839357036450224,25.40171364923896,26.202600432226404,26.735896472139306,26.330974428898344,25.24298916833891,23.753392770837426
2007-05-01,2007,5,18.52214342085944,25.810147723240505,26.71982850124806,27.398247311203026,27.17149267233998,26.37387722078114,24.66042719447438
2007-06-01,2007,6,20.70613980214864,24.46732209279565,24.873755054877165,25.614997728746573,25.61536518237324,25.66005228471272,25.214987366630798
2007-07-01,2007,7,20.186552153178862,24.67621125868737,25.011900029671608,25.72863649085997,25.685510014927612,25.579608044366694,25.35366115346028
2007-08-01,2007,8,20.76050305586824,23.95599603257148,24.273333917078617,25.03396502728566,25.103561355961237,25.28314791136455,25.38284675998437
2007-09-01,2007,9,20.742034783060888,23.256836931651375,23.57852136048848,24.31197294684813,24.388243854615325,24.64042238431142,25.16905279555357
2007-10-01,2007,10,19.90943285196016,22.339348815583435,22.477647310285363,23.224312123751982,23.427621232931187,24.01385564004994,24.80518346680452
2007-11-01,2007,11,17.833757287894002,21.202345394173392,21.25549922456196,21.928337786621512,22.090595137223488,22.623339423147517,24.04250134592797
2007-12-01,2007,12,16.974654914778284,21.40454678935004,21.543481540904,22.17602179638561,22.254914778288992,22.581101756741877,23.404246440938262
2008-01-01,2008,1,16.435119045798274,21.18249907467458,21.46962986216477,22.079187633063327,22.130071548306603,22.33586603581392,22.940566612727597
2008-02-01,2008,2,17.253191837558745,22.712952032963017,23.146532400156616,23.70763752936574,23.58896874388216,23.189790027591528,22.854403325665658
2008-03-01,2008,3,16.804022221576474,23.157117817639005,23.768392602596464,24.31643515686181,24.10374049438383,23.71415170596373,23.13878604945677
2008-04-01,2008,4,17.60076148168315,24.657265219692192,25.40684576430357,26.00681360733165,25.712065326448737,24.84407390215108,23.626848394980925
2008-05-01,2008,5,19.26237722231059,25.74081905069255,26.513882214479736,27.184523128548392,26.964283239832127,26.16205970567006,24.40295213237817
2008-06-01,2008,6,20.81556986283772,23.44354600779417,23.66414761464864,24.344622979578617,24.39319683125734,24.66587170247652,24.8052461748116
2008-07-01,2008,7,20.46508334047087,23.6069443382317,23.86059937383766,24.537347818373178,24.51797066182951,24.510034275279,24.69295620839864
2008-08-01,2008,8,20.586565000672977,24.311639714969203,24.63262403184956,25.31017831251228,25.237954938943854,25.03060020739531,24.72046743466132
2008-09-01,2008,9,21.29061494377692,23.664339371145783,23.985085474072548,24.70470248874318,24.794580078125023,24.99033000471076,24.891753208814634
2008-10-01,2008,10,19.7554281045052,21.92097819902608,22.065180231989075,22.806295578014897,23.03327237146391,23.65481043063579,24.591391796569155
2008-11-01,2008,11,16.059325063013944,20.61772877716328,20.690424563797023,21.42133074038276,21.60693726446266,22.32691886501567,23.813766434086237
2008-12-01,2008,12,16.199414368392752,21.03183123439948,21.259799693801423,21.8611610693398,21.92555053041798,22.141779400878534,23.05877961806237
2009-01-01,2009,1,15.827436588439753,20.94188864281523,21.224209076142813,21.8605077972054,21.94318180427763,22.23060758705708,22.736586260216825
2009-02-01,2009,2,15.273862537930713,21.548805603648702,22.041384072778044,22.604189965495323,22.4757421722054,22.26764603318327,22.436590580951474
2009-03-01,2009,3,14.8837998069817,22.693273572092835,23.422125296715933,23.999849959622168,23.7159956655002,23.080733538383413,22.54250478722105
2009-04-01,2009,4,17.40909579642232,25.2996504410973,26.2307574744886,26.84029765655589,26.463456373580694,25.28945541919541,23.28464716804524
2009-05-01,2009,5,19.560975736589683,25.15878244756999,25.73404830657796,26.326222385534948,26.083455601201592,25.39714953871379,24.13931103783284
2009-06-01,2009,6,20.627128286817253,24.589100851299463,25.00545066409313,25.728612975357294,25.723457344790063,25.611628511648405,24.73414733934516
2009-07-01,2009,7,20.38698013532695,24.72187320288032,24.964055540940706,25.623607652824035,25.533765241104675,25.297054176659174,24.96443675973967
2009-08-01,2009,8,20.453462284957425,24.59190034321165,24.91852188050609,25.6244633877007,25.60182962081541,25.516301634690706,25.167581260400368
2009-09-01,2009,9,21.10911522060985,24.55421436043952,24.86501283219951,25.570477720303984,25.574993652726164,25.55943250783088,25.32157549279321
2009-10-01,2009,10,20.1046813056725,24.2159960478661,24.37229881435985,25.044268832285184,25.071384883393705,25.157584304032923,25.33296789350044
2009-11-01,2009,11,18.45454896883569,21.763165087240623,21.827204683523405,22.593173239281555,22.862022730887876,23.704270224097,24.92295120705268
2009-12-01,2009,12,17.87603089669392,22.056219104835577,22.085346974109257,22.72796658580904,22.87074965892964,23.33693283666554,24.305804620203617
2010-01-01,2010,1,15.729357632941005,20.794075355141445,20.98458036872313,21.61845966957469,21.724261460270668,22.121699264633943,23.52395602639245
2010-02-01,2010,2,16.429076326350867,22.412754273321298,22.863166004918757,23.420093786707127,23.35732976305553,23.233287016077725,23.2033869588758
2010-03-01,2010,3,15.924798799065227,23.418429730324988,24.13668131637877,24.699989829067192,24.443250438956056,23.8525369977242,23.318182377826474
2010-04-01,2010,4,19.22440178855476,25.56533795792143,26.17912660746623,26.66768430800954,26.295500241655247,25.271328025584864,23.859961778704985
2010-05-01,2010,5,20.426768748164648,25.550361450482114,26.01080837503673,26.659841218737768,26.56200850687651,26.18158005824199,24.698693991043456
2010-06-01,2010,6,21.31809022764537,25.088436299371097,25.40335724904565,26.057820835576592,26.00435595053108,25.79756864997313,25.18889089418559
2010-07-01,2010,7,21.39726004245796,23.99625820557219,24.29129593743886,25.004049675447845,25.04018344386259,25.145138485280484,25.276184646020965
2010-08-01,2010,8,21.540262975969085,23.889200916454627,24.204992513275783,24.89203386538276,24.91024843841768,24.9914996619886,25.158217310774774
2010-09-01,2010,9,21.34652372045076,23.510798242340456,23.782045550484558,24.504675417237703,24.604387457480925,24.82780805690828,25.047027602229377
2010-10-01,2010,10,18.439746820245205,22.330010102107,22.46320535036955,23.16470682477245,23.268249024202248,23.653724320306424,24.615856522550416
2010-11-01,2010,11,17.39760627477733,21.343797833973667,21.413356499608483,22.11761980288276,22.28635863779857,22.882309153533697,24.01984157816173
2010-12-01,2010,12,14.294909295162029,19.69867028435789,19.866623548539053,20.673919548685888,20.956078050056306,21.846240960870205,23.286887641016563
2011-01-01,2011,1,16.473871638239075,21.66169970817839,21.973124304094085,22.50472684545076,22.431881744934454,22.279789782877344,22.672343245277037
2011-02-01,2011,2,16.588507228244907,22.19234996726948,22.61869979535777,23.14396290133129,23.00105383864775,22.72444480471813,22.627445459328555
2011-03-01,2011,3,16.19665789264394,23.357182552185293,23.91025723283332,24.46644991618541,24.192848381215757,23.57092738259837,22.860564578541016
2011-04-01,2011,4,17.729547095242765,25.59561674854399,26.41828060762532,27.0101726917336,26.62893840697194,25.44543451295766,23.553204149740623
2011-05-01,2011,5,18.882887673135315,26.164136526037623,26.88970143341328,27.488207682801487,27.17174656329536,26.197927156237768,24.463776031470275
2011-06-01,2011,6,20.687879154023108,24.578486374008943,24.97586701467065,25.743413020935293,25.81656171997361,25.939293907840693,25.1746047483727
2011-07-01,2011,7,20.954973203797977,23.770801698928157,24.08220411762187,24.81814586188335,24.86655147256755,24.98560109448414,25.212451516004307
2011-08-01,2011,8,21.04419847696016,24.17233177430012,24.49143695398152,25.180588583472,25.165074469582063,25.1739642854958,25.155752962571
2011-09-01,2011,9,21.06544846166554,23.42494333337413,23.7415512813846,24.449692348399594,24.51308498158528,24.69629235084676,25.069779137810823
2011-10-01,2011,10,19.30111260828602,21.836838392289053,21.97272817302519,22.751809776025368,23.003602307348785,23.708043793130912,24.68958106462901
2011-11-01,2011,11,17.854629112727594,21.575505449478783,21.67301334151091,22.3793723922646,22.551586359631983,23.01631731169249,23.981992516334685
2011-12-01,2011,12,16.880962078479854,21.001056706391974,21.18289902940245,21.748268494273702,21.80516453969267,22.179656948964865,23.31301527628233
2012-01-01,2012,1,16.816278386844203,21.473245322900368,21.749137038407923,22.339568867156917,22.36402976947926,22.449110005139005,22.867611582015968
2012-02-01,2012,2,17.382097705192848,22.42614013863061,22.80330834444743,23.29698401251716,23.15952844343434,22.886760083753472,22.775369441929342
2012-03-01,2012,3,16.574350130922085,23.389367627985564,24.002016253609558,24.574357778240028,24.333585223240505,23.772872210258413,23.032054536083137
2012-04-01,2012,4,17.500997248495025,24.61259494145213,25.21174184490019,25.85915919268797,25.630637641016563,24.97984572300805,23.66029355759349
2012-05-01,2012,5,19.922801128438262,24.846343243747583,25.41866163524133,26.073274918020783,25.93040428310985,25.43016358377793,24.31953977675954
2012-06-01,2012,6,21.182359319939337,24.123587387431485,24.44535976042482,25.09434174946165,25.049089127961054,24.937002962571,24.663215597775547
2012-07-01,2012,7,20.20607957951989,23.966255483126982,24.1932647776772,24.90083478122557,24.88193519968678,24.83314512009349,24.73847572129506
2012-08-01,2012,8,20.888326828014897,24.04917764566613,24.33296483457326,25.02207287435152,25.01240589975288,24.969791029390198,24.825254617450582
2012-09-01,2012,9,20.59454497693571,23.902588884776375,24.16965808076793,24.87235062493886,24.87699350283873,24.92101987690881,24.882427113412803
2012-10-01,2012,10,19.73794805635771,22.80716144558784,22.99573608494029,23.735123710662208,23.8807188937696,24.239672908917385,24.73090143524865
2012-11-01,2012,11,16.425368333068263,21.338991685835992,21.463519655136565,22.220264589553157,22.45028042714864,23.15159473344511,24.25816871206933
2012-12-01,2012,12,16.815462418020786,21.97935036798896,22.209234671715933,22.802653542849495,22.81235378328114,22.9327275382978,23.64667291962365
2013-01-01,2013,1,17.238765554644715,21.653859677833797,21.985646213659948,22.57477398351853,22.64868837026478,22.93002688796986,23.38834632867565
2013-02-01,2013,2,17.14977887780202,22.955960472543097,23.42985558804816,23.931197692345336,23.719123992083496,23.233810474990207,23.181318519968727
2013-03-01,2013,3,15.591775309563443,22.790943778448025,23.45748515655589,24.12369387633373,24.025337514376982,23.776865639682853,23.319268296972893
2013-04-01,2013,4,18.369099941268644,25.872445451681187,26.810758552760376,27.306736063527808,26.827657404745025,25.57176304326549,23.88702946052763
2013-05-01,2013,5,19.176643714516445,25.344800014988778,26.053644635253534,26.76709332327971,26.66274586127156,26.224413641897517,24.77685588935253
2013-06-01,2013,6,21.02578947086681,23.95168829838002,24.27075868276478,24.99301153674384,25.033743446248536,25.1666071832787,25.143542872393823
2013-07-01,2013,7,20.517882908856222,23.86670269827971,24.135394846319517,24.833065396804045,24.8242166852242,24.847718231511863,25.05055167751567
2013-08-01,2013,8,20.570207961163877,23.757364214222832,24.077937296581357,24.838086243392752,24.89129284027507,25.00946053525109,25.027775288150963
2013-09-01,2013,9,21.356610150438087,23.483898992695288,23.778558755873178,24.39219292959575,24.39907150089323,24.493373063699096,24.867817868417205
2013-10-01,2013,10,20.87778997100139,23.216779515588318,23.45409662997997,24.133362189213017,24.22162103257148,24.474488203247404,24.724769050998475
2013-11-01,2013,11,19.314463295932853,21.86132758968779,21.97423450347497,22.72299831453114,22.97460750140715,23.569990586151675,24.375955952978188
2013-12-01,2013,12,18.35507170125294,21.413822603636447,21.466577435211946,22.015072901881865,22.09739283813383,22.52304809857088,23.69604018053792
2014-01-01,2014,1,16.004437968015907,20.085497435089565,20.308101109778818,20.995704157387934,21.17853164613109,21.756777856120323,22.990114541528044
2014-02-01,2014,2,17.510393316855925,22.48392594949104,22.8857401227242,23.333442027212243,23.09291953950913,22.58824148394677,22.546055628120143
2014-03-01,2014,3,17.67686261899229,24.145158941855925,24.755740497442787,25.25864399287883,24.92024596833403,24.056710636195703,22.92481677026234
2014-04-01,2014,4,17.880061797976225,25.444074055097417,26.23203859142524,26.787655431736997,26.408009686092896,25.39934948090007,23.74152795706493
2014-05-01,2014,5,20.43672345310057,23.99306545033528,24.355335533721643,25.086019173355567,25.158255356181485,25.182851616031257,24.443689586188327
2014-06-01,2014,6,21.028916459169466,24.04418891781279,24.26642169758225,24.87612763526579,24.819478024667205,24.71920371537294,24.588367855875617
2014-07-01,2014,7,20.015689084524297,24.848894580192848,25.10422437842601,25.75103624981648,25.634982847065885,25.327582269846346,24.78916730649229
2014-08-01,2014,8,20.205486912380135,24.83747025193327,25.20321986497896,25.922577444388708,25.8801648455854,25.67230539105327,25.12543937665185
2014-09-01,2014,9,21.06447189916554,23.42984889664501,23.71364449760182,24.42307337295665,24.5222938818398,24.87311115070725,25.192308289386744
2014-10-01,2014,10,20.417453741373837,22.87605077972057,23.020537866459502,23.74052482013508,23.900118036352296,24.313612914178748,24.922050926549048
2014-11-01,2014,11,17.783284989538515,21.21646769619963,21.26905466914644,22.001744391457063,22.24662508565001,22.974626428519,24.26546979768256
2014-12-01,2014,12,16.979883768414766,21.025753719655484,21.15814083759545,21.740613720206056,21.80638925765959,22.164993025646083,23.443102845719977
2015-01-01,2015,1,16.620194081281852,21.034511619334864,21.34906473301686,22.017432673012934,22.162270580462064,22.533627207015968,22.996489536939634
2015-02-01,2015,2,15.929822513398108,21.50535488143601,21.951331550998475,22.479482475406257,22.336843171862768,22.15262941556142,22.648669634335874
2015-03-01,2015,3,17.45093828767375,23.495498062169645,24.10149007989918,24.652941234950102,24.422197181504544,23.73505622308147,22.79932810664644
2015-04-01,2015,4,18.76572521810152,25.837039899116636,26.58151681492268,27.045047329250732,26.548302983677612,25.167587378254723,23.47313328969267
2015-05-01,2015,5,19.152051851874543,25.36754237378869,25.971756007733006,26.61149544831636,26.426231332896972,25.94661047927275,24.4320476917336
2015-06-01,2015,6,20.738402498225867,24.18101549499562,24.48424885749074,25.19217560842065,25.23105801408332,25.316243973913515,24.94205191305309
2015-07-01,2015,7,19.960469522379128,24.810702727339503,25.134117553041847,25.79496378230232,25.695983781568145,25.4209091819817,25.08131760229054
2015-08-01,2015,8,20.082358593444155,25.496879932520077,25.94473497454976,26.616207152077664,26.48657880408183,26.1089175374413,25.377213554412208
2015-09-01,2015,9,21.161104938026146,24.44859648773985,24.789261559685823,25.522627687267573,25.601766148076592,25.796794167849495,25.65005781372361
2015-10-01,2015,10,20.89001459108266,23.756735031139897,23.936172081477597,24.55811449258516,24.611549744273702,24.85546056736985,25.462993137296905
2015-11-01,2015,11,20.390696349476343,22.979583993551785,23.09809792084724,23.814859235818854,24.008628124694155,24.47639926799877,25.125795168118657
2015-12-01,2015,12,19.31895513930357,22.78466724225484,22.81549186019481,23.354466989587426,23.393542298844977,23.63625746378233,24.547439792665955
2016-01-01,2016,1,16.67841999528929,21.424927847555352,21.64798692002745,22.39301253089519,22.624486138471525,23.295498138642813,24.13586821529958
2016-02-01,2016,2,15.694166587644418,20.923066490370505,21.361556244493958,22.038446546777152,22.127718850944632,22.46523991930553,23.52132879031666
2016-03-01,2016,3,18.89183579984831,24.33601879098967,24.87496428702525,25.257699357931187,24.86563876517232,23.960657072851404,23.3554533024178
2016-04-01,2016,4,19.18571725724354,25.862217163946298,26.68034138391988,27.20078859142524,26.817541150217835,25.759032858995734,24.07111110941173
2016-05-01,2016,5,19.779066728966825,26.61077373268648,27.38141288787199,27.978780069254128,27.67872397617708,26.749652085270668,24.996635218346228
2016-06-01,2016,6,21.01433703871379,24.566910055305414,24.977187706477597,25.816414509103367,25.94452276147712,26.20741135993785,25.660161067810293
2016-07-01,2016,7,20.404264794501277,24.833421188270847,25.16420516071605,25.876757391897517,25.83520874883766,25.73281135290233,25.69145484870546
2016-08-01,2016,8,21.10195541919541,24.50597049052959,24.78592771143309,25.5106013239037,25.53156587246724,25.599267386942078,25.67516854688728
2016-09-01,2016,9,21.02887764903096,23.95744615523444,24.27615539502989,25.023838831245143,25.09001107331636,25.30851769742316,25.59161108341084
2016-10-01,2016,10,20.02175551065733,23.24282933939412,23.479217113473965,24.215077413799463,24.34943295137532,24.750980424395607,25.34143060670766
2016-11-01,2016,11,18.64816701436473,22.126605975002462,22.24139890857481,22.90891933456101,23.087415000061185,23.69106999743053,24.82182020696706
2016-12-01,2016,12,18.592176029023108,22.56499153441905,22.734201635302497,23.33976731505726,23.423230907706056,23.63410072894237,24.277620621145783
2017-01-01,2017,1,15.974803081563266,21.6366308440804,21.900853517154477,22.610806042604736,22.734751668644776,23.079563881105628,23.848223910410184
2017-02-01,2017,2,16.733423138336946,23.18772754594511,23.72518296208159,24.231708418473488,23.99844457376912,23.59923278282844,23.58856114183635
2017-03-01,2017,3,16.33877660501912,23.429341497100157,24.1641858512383,24.797203872907744,24.63566345836193,24.29433096674336,23.80647509880339
2017-04-01,2017,4,18.113624843994728,25.615696884788576,26.512119507696298,27.057870160777213,26.67351997632392,25.651621307874905,24.277472071994907
2017-05-01,2017,5,20.332397977131507,25.702204492340456,26.349564867609672,27.02690961176097,26.921217751260315,26.380932827488778,24.994900806639123
2017-06-01,2017,6,21.64216081086045,24.15510083753429,24.454318402199988,25.170470608298277,25.2511456064629,25.50226421789353,25.40647888422575
2017-07-01,2017,7,20.74897051805993,24.27793473472985,24.52400076320237,25.217660868980037,25.1929089862104,25.150313042959624,25.29138330804625
2017-08-01,2017,8,21.07542954984831,24.552689676426724,24.84634075836925,25.55530257378132,25.54089082077138,25.47324379343678,25.32236316654024
2017-09-01,2017,9,21.54955465844023,24.142646606732114,24.463626144038813,25.158163970732232,25.19699513936473,25.30510871427174,25.352375448132875
2017-10-01,2017,10,20.49028603263264,22.739971345499725,22.9284379664864,23.668918585123837,23.867069578357476,24.443044726103665,25.152746228342835
2017-11-01,2017,11,18.03730422866096,21.66012722842845,21.76855663756612,22.503918523945288,22.71094958276234,23.33577063552275,24.548559551194217
2017-12-01,2017,12,16.837415955975928,21.14879275615459,21.333611032938563,21.949145565167385,22.05648504031666,22.48111078057707,23.749493212240623
2018-01-01,2018,1,15.339217664080875,19.936675083814634,20.248259891041016,20.96709668809956,21.20801282149324,21.86086951534361,23.069242104908994
2018-02-01,2018,2,17.13871359111937,22.28652898180553,22.680011784516974,23.14992360329387,22.94759679210307,22.56912548331053,22.640750836616636
2018-03-01,2018,3,16.887086815412147,23.96094097952971,24.703104772844085,25.251053265098903,24.90072561576204,24.01653717208302,22.944720827011565
2018-04-01,2018,4,18.2470019072411,24.763625455780183,25.435336803176423,26.02442652762824,25.76967830792387,25.04731265600532,23.665814921140907
2018-05-01,2018,5,19.64659013740703,25.436447958472,26.103073074711237,26.68783900560396,26.44885840837901,25.738732862360564,24.37670041937895
2018-06-01,2018,6,20.73222671544636,24.278911106046905,24.587053473105925,25.31505883081689,25.350505487715395,25.382766080780183,24.87572079795177
2018-07-01,2018,7,19.679830925447845,24.95263580107189,25.320037617156917,25.99486620252549,25.860652140331357,25.47552690020558,25.044640874302612
2018-08-01,2018,8,20.324617404683863,24.4094617205854,24.75389596435741,25.51207534443523,25.53810949123925,25.61330040653144,25.298653804387754
2018-09-01,2018,9,20.86534988773741,24.19298545938972,24.519494198744667,25.24079572637288,25.27546618050121,25.359638488339385,25.35710760846956
2018-10-01,2018,10,20.592291312340933,23.292499816464385,23.4718821884789,24.15595160165429,24.263452435211946,24.602836772587125,25.180968081624428
2018-11-01,2018,11,19.08789984001811,22.703627275841825,22.826086263275783,23.48497133785241,23.61368965501424,24.03362433927174,24.805761221674345
2018-12-01,2018,12,16.717969629441598,21.71331298636943,21.870444339761207,22.556036907485804,22.717472553775963,23.2591230973473,24.31127857037984
2019-01-01,2019,1,16.321218554228665,21.445715169525783,21.83985545039644,22.50833599714912,22.627684055648047,22.98033209242857,23.75610699515471
2019-02-01,2019,2,17.138913759666252,23.625939511244667,24.227543689127344,24.70998984436181,24.41692072331392,23.730809667433448,23.51427490425561
2019-03-01,2019,3,16.370320070844798,24.161840610011268,25.03534957419737,25.676249686459983,25.475155049371097,24.959051136085577,23.931152381986635
2019-04-01,2019,4,17.73038619720296,25.50788002581737,26.350303407339027,26.929415293718197,26.58920523718922,25.677712618380497,24.468148767864136
2019-05-01,2019,5,20.29985194792482,26.406878074221822,27.18330682263121,27.850932972787803,27.651861624840933,26.87645723466869,25.225594578969265
2019-06-01,2019,6,21.33374084616048,25.35369403692738,25.694972041405663,26.40790415310545,26.39101524263413,26.319845287110923,25.75089381852001
2019-07-01,2019,7,19.954065467159356,25.299516804216463,25.621194541650368,26.317309245301487,26.24532714461384,26.13436704678935,25.920380178763708
2019-08-01,2019,8,20.3112504664864,25.855203999853188,26.27290624082326,26.95460708845195,26.84125376248045,26.52615233610271,26.076477805953918
2019-09-01,2019,9,21.04193582676686,24.795647834891383,25.192844366373837,25.981176929877165,26.07342709964763,26.30334199264638,26.235199419109733
2019-10-01,2019,10,21.146509075836946,23.68011674395558,23.929673008332543,24.67979918907844,24.823810612641974,25.27433992175264,26.010496364465094
2019-11-01,2019,11,19.02498229645903,22.63700728330565,22.744504675570223,23.463394430305414,23.63960144473134,24.216973375097893,25.45348732992369
2019-12-01,2019,12,17.42293992725871,21.82181772158873,21.997608913102,22.712921061325403,22.916229979321656,23.59268706104399,24.7995783651258
2020-01-01,2020,1,17.3844335784554,22.212180609766563,22.489159582701177,23.06165137712901,23.076574162159886,23.24106739734242,24.14297295602489
2020-02-01,2020,2,16.977335682079627,23.335537201142813,23.86361432893256,24.5086344337314,24.461644341596525,24.18369148272319,23.9564682544538
2020-03-01,2020,3,16.941844097188266,24.390843177980628,25.172750656139897,25.69029800068523,25.337619565815885,24.65343333985908,24.125068672915063
2020-04-01,2020,4,18.124873666307792,27.460871962485328,28.569046715935823,29.11378792304964,28.560598914998536,27.01790221833403,24.82314414888413
2020-05-01,2020,5,20.49674342789501,26.043599500783102,26.67092830027656,27.4556767570478,27.47173650707225,27.23462281133766,25.807399468358483
2020-06-01,2020,6,21.32221633803596,24.203884799273222,24.427796165328918,25.151006272330164,25.220436463023702,25.604210039704924,25.991722581306306
2020-07-01,2020,7,20.750786182520077,24.794904515588318,25.06040849678203,25.79139573493785,25.768265848301724,25.73548084040965,25.82107172572438
2020-08-01,2020,8,21.25862850706005,24.519034977302795,24.82989902481404,25.56676609454536,25.588043609595275,25.685005483126982,25.801079151270077
2020-09-01,2020,9,21.28611889438139,23.971123192174048,24.32579929767036,25.09792853275502,25.182495633381507,25.37095001865947,25.66463608708159
2020-10-01,2020,10,20.54411282699931,23.060706550998475,23.221026262419286,23.939337688735804,24.08941362660289,24.532122788395668,25.313593795883943
2020-11-01,2020,11,19.75200612091328,22.040755463243958,22.07315561986104,22.727120218896857,22.91739390111104,23.529910419317787,24.719401589724495
2020-12-01,2020,12,17.382075719153818,20.97622835044297,21.0534312750832,21.76927223534165,21.999955492609672,22.71488030417976,23.971001982184816
2021-01-01,2021,1,17.502810809942787,21.517787126199096,21.71419395739531,22.25616186466084,22.26922883681237,22.403663141762934,23.288123065228604
2021-02-01,2021,2,16.51559349305012,22.274308376566182,22.64818575029369,23.23464938576745,23.12149125758617,22.96510762070528,23.0203340654366
2021-03-01,2021,3,16.888973408746097,23.75238714852929,24.37396115009545,24.940055198340872,24.676026767142275,23.993787548331056,23.231913175411137
2021-04-01,2021,4,18.449172713146083,25.577853940815885,26.314668052870505,26.83262357301049,26.445226888275783,25.389438939225272,23.832889126125732
2021-05-01,2021,5,20.01166238926686,25.399051426683684,25.909741421238778,26.57919451564948,26.45866494652995,26.02027671055208,24.68655368264245
2021-06-01,2021,6,20.870997432030663,24.637519271241217,25.045086712938087,25.77469341902412,25.78306914398985,25.708251608995734,25.166535680856043
2021-07-01,2021,7,20.50405464620451,24.538809029647155,24.77805537117024,25.464532733579688,25.419911206991515,25.34191487311574,25.265056077782447
2021-08-01,2021,8,20.716979492952248,24.55297033299485,24.857345631240207,25.56163072937062,25.539610659749428,25.49950831569356,25.34335543663127
2021-09-01,2021,9,20.97681853220439,24.242093667408994,24.532846415855037,25.233518920994072,25.24823408134301,25.31318351727685,25.35892958196706
2021-10-01,2021,10,20.535755073230742,24.07081401111003,24.278727952782447,24.975643712986997,25.045695057079627,25.16343106095832,25.305147333227296
2021-11-01,2021,11,17.82532344331196,21.801218141273523,21.89957450323027,22.668600839063743,22.93068455731208,23.74786223050853,24.9353926285973
2021-12-01,2021,12,17.79612846882344,22.362114116337125,22.502229231413992,23.09315507690144,23.14054665322783,23.41722202764049,24.29397460172771
2022-01-01,2022,1,16.77422960919148,21.336498277824035,21.62193747858754,22.33164070147319,22.515051107025783,22.97749417274377,23.834626596760017
2022-02-01,2022,2,16.680768295443443,21.763230280625976,22.13146641909753,22.703861666136447,22.658537733396145,22.699478223497465,23.375293886428157
2022-03-01,2022,3,17.291392867193622,23.716636893108895,24.337334703222893,24.8387333976728,24.57245990511211,24.00264811325377,23.373524105875617
2022-04-01,2022,4,18.42529510999907,25.210117745754246,25.921669516567192,26.53070956404173,26.264091177442253,25.419991886195703,23.97000840440245
2022-05-01,2022,5,19.50946550600776,25.65904436820921,26.256253441293097,26.904702029904115,26.72541371990019,26.110659787649297,24.70859000281422
2022-06-01,2022,6,20.570216946762457,23.61583013930357,23.8847635602242,24.586282432275368,24.633355306626868,24.87066515606648,25.0338809067884
2022-07-01,2022,7,20.31901937677418,24.495419294794942,24.759725132451592,25.436125815204093,25.376141782803984,25.180995994334864,24.98405098313924
2022-08-01,2022,8,20.755576844839027,24.102467215948025,24.38368375893208,25.08396739795421,25.090366482417323,25.11819621947194,25.068813663921787
2022-09-01,2022,9,21.142788273296787,23.37054107833302,23.664554834328555,24.37843177215888,24.475481207480925,24.73260200757392,25.013059363070223
2022-10-01,2022,10,20.10906474831148,23.09291762767964,23.239316735084685,23.87036461647176,23.92816228067494,24.157578950910363,24.72378350289989
2022-11-01,2022,11,19.664273221845637,22.65861803023444,22.734755874669645,23.364181951106104,23.470595527236696,23.798450768096643,24.405431966400783
2022-12-01,2022,12,17.644787091021442,21.57425396589912,21.63107717061473,22.313279491116877,22.4944880426537,23.07982102217113,23.965284273749543
2023-01-01,2023,1,16.836180722946892,21.988278229309454,22.20404386348622,22.807509398553748,22.80252372962758,22.855594013067787,23.46861984264882
2023-02-01,2023,2,16.60860246794249,22.58938934636848,23.055462020360267,23.631485537392336,23.50235617689168,23.267551588806786,23.28759807685253
2023-03-01,2023,3,17.49397490762044,24.437909360928984,25.075648645507044,25.637652908122107,25.358950803274297,24.608431168020783,23.589272151221166
2023-04-01,2023,4,17.45533128946016,25.9697111149178,26.93980532222741,27.519967758907622,27.083144546544645,25.885471319498837,24.259419813283102
2023-05-01,2023,5,19.28177865908873,26.589978954581056,27.46770407632636,28.09090026520903,27.805577877226938,26.984279829128354,25.20022364581297
2023-06-01,2023,6,20.4905747188846,26.702853749632936,27.39086841412984,28.11202731927858,27.97968149685545,27.471357964834624,26.005071548306603
