ruta,clase,split
..\..\data\raw\asl_alphabet\train\G\G1992.jpg,G,train
..\..\data\raw\asl_alphabet\train\V\V1539.jpg,V,train
..\..\data\raw\asl_alphabet\train\P\P965.jpg,P,train
..\..\data\raw\asl_alphabet\train\J\J716.jpg,J,train
..\..\data\raw\asl_alphabet\train\H\H1577.jpg,H,train
..\..\data\raw\asl_alphabet\train\G\G2786.jpg,G,train
..\..\data\raw\asl_alphabet\train\R\R1828.jpg,R,train
..\..\data\raw\asl_alphabet\train\Y\Y642.jpg,Y,train
..\..\data\raw\asl_alphabet\train\U\U837.jpg,U,train
..\..\data\raw\asl_alphabet\train\del\del2529.jpg,del,train
..\..\data\raw\asl_alphabet\train\P\P286.jpg,P,train
..\..\data\raw\asl_alphabet\train\Y\Y65.jpg,Y,train
..\..\data\raw\asl_alphabet\train\U\U2927.jpg,U,train
..\..\data\raw\asl_alphabet\train\X\X2083.jpg,X,train
..\..\data\raw\asl_alphabet\train\L\L2812.jpg,L,train
..\..\data\raw\asl_alphabet\train\N\N2293.jpg,N,train
..\..\data\raw\asl_alphabet\train\C\C2802.jpg,C,train
..\..\data\raw\asl_alphabet\train\T\T1314.jpg,T,train
..\..\data\raw\asl_alphabet\train\R\R1457.jpg,R,train
..\..\data\raw\asl_alphabet\train\H\H1563.jpg,H,train
..\..\data\raw\asl_alphabet\train\T\T2941.jpg,T,train
..\..\data\raw\asl_alphabet\train\V\V1915.jpg,V,train
..\..\data\raw\asl_alphabet\train\X\X1102.jpg,X,train
..\..\data\raw\asl_alphabet\train\Z\Z2374.jpg,Z,train
..\..\data\raw\asl_alphabet\train\J\J1367.jpg,J,train
..\..\data\raw\asl_alphabet\train\F\F1373.jpg,F,train
..\..\data\raw\asl_alphabet\train\C\C779.jpg,C,train
..\..\data\raw\asl_alphabet\train\Z\Z1733.jpg,Z,train
..\..\data\raw\asl_alphabet\train\K\K1680.jpg,K,train
..\..\data\raw\asl_alphabet\train\A\A492.jpg,A,train
..\..\data\raw\asl_alphabet\train\Z\Z1378.jpg,Z,train
..\..\data\raw\asl_alphabet\train\nothing\nothing1710.jpg,nothing,train
..\..\data\raw\asl_alphabet\train\nothing\nothing1846.jpg,nothing,train
..\..\data\raw\asl_alphabet\train\L\L619.jpg,L,train
..\..\data\raw\asl_alphabet\train\C\C1219.jpg,C,train
..\..\data\raw\asl_alphabet\train\Y\Y416.jpg,Y,train
..\..\data\raw\asl_alphabet\train\Y\Y1912.jpg,Y,train
..\..\data\raw\asl_alphabet\train\E\E2522.jpg,E,train
..\..\data\raw\asl_alphabet\train\X\X2885.jpg,X,train
..\..\data\raw\asl_alphabet\train\I\I1301.jpg,I,train
..\..\data\raw\asl_alphabet\train\E\E1893.jpg,E,train
..\..\data\raw\asl_alphabet\train\Z\Z2583.jpg,Z,train
..\..\data\raw\asl_alphabet\train\del\del14.jpg,del,train
..\..\data\raw\asl_alphabet\train\U\U1733.jpg,U,train
..\..\data\raw\asl_alphabet\train\O\O2724.jpg,O,train
..\..\data\raw\asl_alphabet\train\E\E17.jpg,E,train
..\..\data\raw\asl_alphabet\train\A\A1494.jpg,A,train
..\..\data\raw\asl_alphabet\train\C\C2197.jpg,C,train
..\..\data\raw\asl_alphabet\train\Q\Q257.jpg,Q,train
..\..\data\raw\asl_alphabet\train\U\U1661.jpg,U,train
..\..\data\raw\asl_alphabet\train\E\E2179.jpg,E,train
..\..\data\raw\asl_alphabet\train\E\E2560.jpg,E,train
..\..\data\raw\asl_alphabet\train\V\V2535.jpg,V,train
..\..\data\raw\asl_alphabet\train\V\V2626.jpg,V,train
..\..\data\raw\asl_alphabet\train\R\R2515.jpg,R,train
..\..\data\raw\asl_alphabet\train\U\U534.jpg,U,train
..\..\data\raw\asl_alphabet\train\U\U1365.jpg,U,train
..\..\data\raw\asl_alphabet\train\O\O206.jpg,O,train
..\..\data\raw\asl_alphabet\train\X\X452.jpg,X,train
..\..\data\raw\asl_alphabet\train\del\del1747.jpg,del,train
..\..\data\raw\asl_alphabet\train\A\A2317.jpg,A,train
..\..\data\raw\asl_alphabet\train\Q\Q611.jpg,Q,train
..\..\data\raw\asl_alphabet\train\K\K456.jpg,K,train
..\..\data\raw\asl_alphabet\train\X\X2282.jpg,X,train
..\..\data\raw\asl_alphabet\train\X\X2161.jpg,X,train
..\..\data\raw\asl_alphabet\train\Q\Q1463.jpg,Q,train
..\..\data\raw\asl_alphabet\train\L\L2971.jpg,L,train
..\..\data\raw\asl_alphabet\train\E\E2627.jpg,E,train
..\..\data\raw\asl_alphabet\train\G\G241.jpg,G,train
..\..\data\raw\asl_alphabet\train\H\H144.jpg,H,train
..\..\data\raw\asl_alphabet\train\P\P969.jpg,P,train
..\..\data\raw\asl_alphabet\train\Q\Q539.jpg,Q,train
..\..\data\raw\asl_alphabet\train\W\W2801.jpg,W,train
..\..\data\raw\asl_alphabet\train\del\del1966.jpg,del,train
..\..\data\raw\asl_alphabet\train\space\space885.jpg,space,train
..\..\data\raw\asl_alphabet\train\M\M810.jpg,M,train
..\..\data\raw\asl_alphabet\train\Z\Z656.jpg,Z,train
..\..\data\raw\asl_alphabet\train\nothing\nothing1572.jpg,nothing,train
..\..\data\raw\asl_alphabet\train\V\V1910.jpg,V,train
..\..\data\raw\asl_alphabet\train\D\D1505.jpg,D,train
..\..\data\raw\asl_alphabet\train\Z\Z1829.jpg,Z,train
..\..\data\raw\asl_alphabet\train\I\I1615.jpg,I,train
..\..\data\raw\asl_alphabet\train\S\S1440.jpg,S,train
..\..\data\raw\asl_alphabet\train\C\C2775.jpg,C,train
..\..\data\raw\asl_alphabet\train\R\R2442.jpg,R,train
..\..\data\raw\asl_alphabet\train\Z\Z1895.jpg,Z,train
..\..\data\raw\asl_alphabet\train\space\space2780.jpg,space,train
..\..\data\raw\asl_alphabet\train\nothing\nothing1152.jpg,nothing,train
..\..\data\raw\asl_alphabet\train\V\V694.jpg,V,train
..\..\data\raw\asl_alphabet\train\X\X1195.jpg,X,train
..\..\data\raw\asl_alphabet\train\K\K2430.jpg,K,train
..\..\data\raw\asl_alphabet\train\U\U1833.jpg,U,train
..\..\data\raw\asl_alphabet\train\O\O1884.jpg,O,train
..\..\data\raw\asl_alphabet\train\Q\Q1378.jpg,Q,train
..\..\data\raw\asl_alphabet\train\D\D1166.jpg,D,train
..\..\data\raw\asl_alphabet\train\N\N456.jpg,N,train
..\..\data\raw\asl_alphabet\train\C\C1646.jpg,C,train
..\..\data\raw\asl_alphabet\train\D\D2768.jpg,D,train
..\..\data\raw\asl_alphabet\train\I\I772.jpg,I,train
..\..\data\raw\asl_alphabet\train\A\A2733.jpg,A,train
..\..\data\raw\asl_alphabet\train\W\W2414.jpg,W,train
..\..\data\raw\asl_alphabet\train\D\D2745.jpg,D,train
..\..\data\raw\asl_alphabet\train\nothing\nothing2814.jpg,nothing,train
..\..\data\raw\asl_alphabet\train\L\L1331.jpg,L,train
..\..\data\raw\asl_alphabet\train\S\S2015.jpg,S,train
..\..\data\raw\asl_alphabet\train\K\K1019.jpg,K,train
..\..\data\raw\asl_alphabet\train\B\B1732.jpg,B,train
..\..\data\raw\asl_alphabet\train\H\H1030.jpg,H,train
..\..\data\raw\asl_alphabet\train\N\N1130.jpg,N,train
..\..\data\raw\asl_alphabet\train\C\C2586.jpg,C,train
..\..\data\raw\asl_alphabet\train\X\X161.jpg,X,train
..\..\data\raw\asl_alphabet\train\J\J1371.jpg,J,train
..\..\data\raw\asl_alphabet\train\T\T637.jpg,T,train
..\..\data\raw\asl_alphabet\train\A\A2992.jpg,A,train
..\..\data\raw\asl_alphabet\train\V\V2890.jpg,V,train
..\..\data\raw\asl_alphabet\train\space\space1207.jpg,space,train
..\..\data\raw\asl_alphabet\train\E\E1302.jpg,E,train
..\..\data\raw\asl_alphabet\train\V\V1165.jpg,V,train
..\..\data\raw\asl_alphabet\train\Z\Z182.jpg,Z,train
..\..\data\raw\asl_alphabet\train\F\F1619.jpg,F,train
..\..\data\raw\asl_alphabet\train\U\U1959.jpg,U,train
..\..\data\raw\asl_alphabet\train\J\J1294.jpg,J,train
..\..\data\raw\asl_alphabet\train\E\E409.jpg,E,train
..\..\data\raw\asl_alphabet\train\space\space978.jpg,space,train
..\..\data\raw\asl_alphabet\train\E\E2403.jpg,E,train
..\..\data\raw\asl_alphabet\train\L\L1890.jpg,L,train
..\..\data\raw\asl_alphabet\train\K\K2829.jpg,K,train
..\..\data\raw\asl_alphabet\train\N\N1071.jpg,N,train
..\..\data\raw\asl_alphabet\train\B\B2528.jpg,B,train
..\..\data\raw\asl_alphabet\train\U\U1687.jpg,U,train
..\..\data\raw\asl_alphabet\train\C\C2938.jpg,C,train
..\..\data\raw\asl_alphabet\train\B\B2489.jpg,B,train
..\..\data\raw\asl_alphabet\train\S\S1275.jpg,S,train
..\..\data\raw\asl_alphabet\train\A\A1213.jpg,A,train
..\..\data\raw\asl_alphabet\train\N\N987.jpg,N,train
..\..\data\raw\asl_alphabet\train\Y\Y1302.jpg,Y,train
..\..\data\raw\asl_alphabet\train\J\J1657.jpg,J,train
..\..\data\raw\asl_alphabet\train\Y\Y1289.jpg,Y,train
..\..\data\raw\asl_alphabet\train\R\R1531.jpg,R,train
..\..\data\raw\asl_alphabet\train\U\U2527.jpg,U,train
..\..\data\raw\asl_alphabet\train\Y\Y508.jpg,Y,train
..\..\data\raw\asl_alphabet\train\N\N2922.jpg,N,train
..\..\data\raw\asl_alphabet\train\P\P677.jpg,P,train
..\..\data\raw\asl_alphabet\train\U\U961.jpg,U,train
..\..\data\raw\asl_alphabet\train\L\L1661.jpg,L,train
..\..\data\raw\asl_alphabet\train\del\del331.jpg,del,train
..\..\data\raw\asl_alphabet\train\I\I1575.jpg,I,train
..\..\data\raw\asl_alphabet\train\B\B1777.jpg,B,train
..\..\data\raw\asl_alphabet\train\W\W1846.jpg,W,train
..\..\data\raw\asl_alphabet\train\U\U440.jpg,U,train
..\..\data\raw\asl_alphabet\train\G\G1308.jpg,G,train
..\..\data\raw\asl_alphabet\train\U\U2461.jpg,U,train
..\..\data\raw\asl_alphabet\train\V\V2816.jpg,V,train
..\..\data\raw\asl_alphabet\train\Y\Y2053.jpg,Y,train
..\..\data\raw\asl_alphabet\train\space\space1135.jpg,space,train
..\..\data\raw\asl_alphabet\train\K\K1302.jpg,K,train
..\..\data\raw\asl_alphabet\train\M\M1468.jpg,M,train
..\..\data\raw\asl_alphabet\train\V\V1960.jpg,V,train
..\..\data\raw\asl_alphabet\train\T\T1606.jpg,T,train
..\..\data\raw\asl_alphabet\train\X\X1465.jpg,X,train
..\..\data\raw\asl_alphabet\train\M\M2855.jpg,M,train
..\..\data\raw\asl_alphabet\train\L\L1360.jpg,L,train
..\..\data\raw\asl_alphabet\train\V\V800.jpg,V,train
..\..\data\raw\asl_alphabet\train\Y\Y1567.jpg,Y,train
..\..\data\raw\asl_alphabet\train\space\space76.jpg,space,train
..\..\data\raw\asl_alphabet\train\F\F270.jpg,F,train
..\..\data\raw\asl_alphabet\train\H\H469.jpg,H,train
..\..\data\raw\asl_alphabet\train\D\D830.jpg,D,train
..\..\data\raw\asl_alphabet\train\M\M1257.jpg,M,train
..\..\data\raw\asl_alphabet\train\X\X714.jpg,X,train
..\..\data\raw\asl_alphabet\train\G\G994.jpg,G,train
..\..\data\raw\asl_alphabet\train\O\O2823.jpg,O,train
..\..\data\raw\asl_alphabet\train\del\del2161.jpg,del,train
..\..\data\raw\asl_alphabet\train\S\S544.jpg,S,train
..\..\data\raw\asl_alphabet\train\V\V902.jpg,V,train
..\..\data\raw\asl_alphabet\train\nothing\nothing2639.jpg,nothing,train
..\..\data\raw\asl_alphabet\train\space\space827.jpg,space,train
..\..\data\raw\asl_alphabet\train\Q\Q996.jpg,Q,train
..\..\data\raw\asl_alphabet\train\G\G199.jpg,G,train
..\..\data\raw\asl_alphabet\train\B\B1146.jpg,B,train
..\..\data\raw\asl_alphabet\train\Z\Z1732.jpg,Z,train
..\..\data\raw\asl_alphabet\train\N\N1535.jpg,N,train
..\..\data\raw\asl_alphabet\train\X\X1717.jpg,X,train
..\..\data\raw\asl_alphabet\train\G\G2115.jpg,G,train
..\..\data\raw\asl_alphabet\train\F\F2466.jpg,F,train
..\..\data\raw\asl_alphabet\train\Z\Z918.jpg,Z,train
..\..\data\raw\asl_alphabet\train\P\P794.jpg,P,train
..\..\data\raw\asl_alphabet\train\T\T1253.jpg,T,train
..\..\data\raw\asl_alphabet\train\A\A1908.jpg,A,train
..\..\data\raw\asl_alphabet\train\A\A1003.jpg,A,train
..\..\data\raw\asl_alphabet\train\G\G1094.jpg,G,train
..\..\data\raw\asl_alphabet\train\space\space1331.jpg,space,train
..\..\data\raw\asl_alphabet\train\L\L1766.jpg,L,train
..\..\data\raw\asl_alphabet\train\V\V1514.jpg,V,train
..\..\data\raw\asl_alphabet\train\M\M2440.jpg,M,train
..\..\data\raw\asl_alphabet\train\K\K1392.jpg,K,train
..\..\data\raw\asl_alphabet\train\O\O2449.jpg,O,train
..\..\data\raw\asl_alphabet\train\B\B153.jpg,B,train
..\..\data\raw\asl_alphabet\train\F\F2283.jpg,F,train
..\..\data\raw\asl_alphabet\train\H\H1802.jpg,H,train
..\..\data\raw\asl_alphabet\train\K\K135.jpg,K,train
..\..\data\raw\asl_alphabet\train\O\O2503.jpg,O,train
..\..\data\raw\asl_alphabet\train\V\V524.jpg,V,train
..\..\data\raw\asl_alphabet\train\J\J955.jpg,J,train
..\..\data\raw\asl_alphabet\train\X\X2734.jpg,X,train
..\..\data\raw\asl_alphabet\train\A\A1397.jpg,A,train
..\..\data\raw\asl_alphabet\train\U\U461.jpg,U,train
..\..\data\raw\asl_alphabet\train\T\T1811.jpg,T,train
..\..\data\raw\asl_alphabet\train\J\J828.jpg,J,train
..\..\data\raw\asl_alphabet\train\O\O510.jpg,O,train
..\..\data\raw\asl_alphabet\train\space\space2015.jpg,space,train
..\..\data\raw\asl_alphabet\train\O\O2308.jpg,O,train
..\..\data\raw\asl_alphabet\train\del\del2653.jpg,del,train
..\..\data\raw\asl_alphabet\train\X\X2224.jpg,X,train
..\..\data\raw\asl_alphabet\train\C\C60.jpg,C,train
..\..\data\raw\asl_alphabet\train\M\M2641.jpg,M,train
..\..\data\raw\asl_alphabet\train\C\C1192.jpg,C,train
..\..\data\raw\asl_alphabet\train\U\U586.jpg,U,train
..\..\data\raw\asl_alphabet\train\X\X712.jpg,X,train
..\..\data\raw\asl_alphabet\train\T\T2743.jpg,T,train
..\..\data\raw\asl_alphabet\train\nothing\nothing980.jpg,nothing,train
..\..\data\raw\asl_alphabet\train\space\space1327.jpg,space,train
..\..\data\raw\asl_alphabet\train\I\I1138.jpg,I,train
..\..\data\raw\asl_alphabet\train\del\del2976.jpg,del,train
..\..\data\raw\asl_alphabet\train\K\K1656.jpg,K,train
..\..\data\raw\asl_alphabet\train\P\P2909.jpg,P,train
..\..\data\raw\asl_alphabet\train\C\C2700.jpg,C,train
..\..\data\raw\asl_alphabet\train\nothing\nothing68.jpg,nothing,train
..\..\data\raw\asl_alphabet\train\Y\Y2476.jpg,Y,train
..\..\data\raw\asl_alphabet\train\R\R147.jpg,R,train
..\..\data\raw\asl_alphabet\train\I\I2521.jpg,I,train
..\..\data\raw\asl_alphabet\train\C\C2636.jpg,C,train
..\..\data\raw\asl_alphabet\train\B\B2497.jpg,B,train
..\..\data\raw\asl_alphabet\train\R\R798.jpg,R,train
..\..\data\raw\asl_alphabet\train\U\U2189.jpg,U,train
..\..\data\raw\asl_alphabet\train\K\K1346.jpg,K,train
..\..\data\raw\asl_alphabet\train\Z\Z2614.jpg,Z,train
..\..\data\raw\asl_alphabet\train\T\T676.jpg,T,train
..\..\data\raw\asl_alphabet\train\E\E1904.jpg,E,train
..\..\data\raw\asl_alphabet\train\S\S254.jpg,S,train
..\..\data\raw\asl_alphabet\train\S\S744.jpg,S,train
..\..\data\raw\asl_alphabet\train\X\X2738.jpg,X,train
..\..\data\raw\asl_alphabet\train\J\J420.jpg,J,train
..\..\data\raw\asl_alphabet\train\nothing\nothing1505.jpg,nothing,train
..\..\data\raw\asl_alphabet\train\G\G552.jpg,G,train
..\..\data\raw\asl_alphabet\train\W\W1805.jpg,W,train
..\..\data\raw\asl_alphabet\train\P\P987.jpg,P,train
..\..\data\raw\asl_alphabet\train\C\C2303.jpg,C,train
..\..\data\raw\asl_alphabet\train\T\T1434.jpg,T,train
..\..\data\raw\asl_alphabet\train\G\G301.jpg,G,train
..\..\data\raw\asl_alphabet\train\nothing\nothing2475.jpg,nothing,train
..\..\data\raw\asl_alphabet\train\C\C2430.jpg,C,train
..\..\data\raw\asl_alphabet\train\J\J2611.jpg,J,train
..\..\data\raw\asl_alphabet\train\T\T1047.jpg,T,train
..\..\data\raw\asl_alphabet\train\H\H133.jpg,H,train
..\..\data\raw\asl_alphabet\train\I\I25.jpg,I,train
..\..\data\raw\asl_alphabet\train\G\G2376.jpg,G,train
..\..\data\raw\asl_alphabet\train\V\V2946.jpg,V,train
..\..\data\raw\asl_alphabet\train\F\F2625.jpg,F,train
..\..\data\raw\asl_alphabet\train\Z\Z312.jpg,Z,train
..\..\data\raw\asl_alphabet\train\V\V92.jpg,V,train
..\..\data\raw\asl_alphabet\train\O\O475.jpg,O,train
..\..\data\raw\asl_alphabet\train\A\A1171.jpg,A,train
..\..\data\raw\asl_alphabet\train\R\R1630.jpg,R,train
..\..\data\raw\asl_alphabet\train\space\space2363.jpg,space,train
..\..\data\raw\asl_alphabet\train\J\J378.jpg,J,train
..\..\data\raw\asl_alphabet\train\Q\Q2936.jpg,Q,train
..\..\data\raw\asl_alphabet\train\J\J1219.jpg,J,train
..\..\data\raw\asl_alphabet\train\Z\Z1596.jpg,Z,train
..\..\data\raw\asl_alphabet\train\R\R445.jpg,R,train
..\..\data\raw\asl_alphabet\train\space\space2942.jpg,space,train
..\..\data\raw\asl_alphabet\train\B\B279.jpg,B,train
..\..\data\raw\asl_alphabet\train\O\O1097.jpg,O,train
..\..\data\raw\asl_alphabet\train\N\N2585.jpg,N,train
..\..\data\raw\asl_alphabet\train\F\F1415.jpg,F,train
..\..\data\raw\asl_alphabet\train\Z\Z1533.jpg,Z,train
..\..\data\raw\asl_alphabet\train\T\T2136.jpg,T,train
..\..\data\raw\asl_alphabet\train\J\J1896.jpg,J,train
..\..\data\raw\asl_alphabet\train\W\W1865.jpg,W,train
..\..\data\raw\asl_alphabet\train\Y\Y141.jpg,Y,train
..\..\data\raw\asl_alphabet\train\nothing\nothing771.jpg,nothing,train
..\..\data\raw\asl_alphabet\train\X\X1689.jpg,X,train
..\..\data\raw\asl_alphabet\train\D\D2929.jpg,D,train
..\..\data\raw\asl_alphabet\train\W\W1775.jpg,W,train
..\..\data\raw\asl_alphabet\train\J\J1651.jpg,J,train
..\..\data\raw\asl_alphabet\train\I\I2394.jpg,I,train
..\..\data\raw\asl_alphabet\train\N\N797.jpg,N,train
..\..\data\raw\asl_alphabet\train\Y\Y2427.jpg,Y,train
..\..\data\raw\asl_alphabet\train\del\del2969.jpg,del,train
..\..\data\raw\asl_alphabet\train\P\P1057.jpg,P,train
..\..\data\raw\asl_alphabet\train\Q\Q1593.jpg,Q,train
..\..\data\raw\asl_alphabet\train\F\F1014.jpg,F,train
..\..\data\raw\asl_alphabet\train\Y\Y860.jpg,Y,train
..\..\data\raw\asl_alphabet\train\N\N955.jpg,N,train
..\..\data\raw\asl_alphabet\train\X\X1992.jpg,X,train
..\..\data\raw\asl_alphabet\train\P\P1171.jpg,P,train
..\..\data\raw\asl_alphabet\train\D\D424.jpg,D,train
..\..\data\raw\asl_alphabet\train\space\space1729.jpg,space,train
..\..\data\raw\asl_alphabet\train\S\S849.jpg,S,train
..\..\data\raw\asl_alphabet\train\del\del2688.jpg,del,train
..\..\data\raw\asl_alphabet\train\N\N2526.jpg,N,train
..\..\data\raw\asl_alphabet\train\W\W1054.jpg,W,train
..\..\data\raw\asl_alphabet\train\K\K2100.jpg,K,train
..\..\data\raw\asl_alphabet\train\L\L614.jpg,L,train
..\..\data\raw\asl_alphabet\train\G\G1106.jpg,G,train
..\..\data\raw\asl_alphabet\train\nothing\nothing1085.jpg,nothing,train
..\..\data\raw\asl_alphabet\train\H\H2052.jpg,H,train
..\..\data\raw\asl_alphabet\train\J\J2045.jpg,J,train
..\..\data\raw\asl_alphabet\train\A\A1589.jpg,A,train
..\..\data\raw\asl_alphabet\train\Q\Q717.jpg,Q,train
..\..\data\raw\asl_alphabet\train\E\E1082.jpg,E,train
..\..\data\raw\asl_alphabet\train\del\del820.jpg,del,train
..\..\data\raw\asl_alphabet\train\E\E2418.jpg,E,train
..\..\data\raw\asl_alphabet\train\Z\Z2166.jpg,Z,train
..\..\data\raw\asl_alphabet\train\V\V2764.jpg,V,train
..\..\data\raw\asl_alphabet\train\S\S2123.jpg,S,train
..\..\data\raw\asl_alphabet\train\W\W1283.jpg,W,train
..\..\data\raw\asl_alphabet\train\V\V2908.jpg,V,train
..\..\data\raw\asl_alphabet\train\L\L272.jpg,L,train
..\..\data\raw\asl_alphabet\train\U\U2724.jpg,U,train
..\..\data\raw\asl_alphabet\train\X\X1519.jpg,X,train
..\..\data\raw\asl_alphabet\train\S\S240.jpg,S,train
..\..\data\raw\asl_alphabet\train\nothing\nothing280.jpg,nothing,train
..\..\data\raw\asl_alphabet\train\H\H2074.jpg,H,train
..\..\data\raw\asl_alphabet\train\K\K2151.jpg,K,train
..\..\data\raw\asl_alphabet\train\E\E1929.jpg,E,train
..\..\data\raw\asl_alphabet\train\S\S2300.jpg,S,train
..\..\data\raw\asl_alphabet\train\Q\Q1798.jpg,Q,train
..\..\data\raw\asl_alphabet\train\nothing\nothing1605.jpg,nothing,train
..\..\data\raw\asl_alphabet\train\S\S325.jpg,S,train
..\..\data\raw\asl_alphabet\train\Q\Q805.jpg,Q,train
..\..\data\raw\asl_alphabet\train\E\E966.jpg,E,train
..\..\data\raw\asl_alphabet\train\I\I568.jpg,I,train
..\..\data\raw\asl_alphabet\train\Z\Z75.jpg,Z,train
..\..\data\raw\asl_alphabet\train\del\del2503.jpg,del,train
..\..\data\raw\asl_alphabet\train\J\J1817.jpg,J,train
..\..\data\raw\asl_alphabet\train\C\C2086.jpg,C,train
..\..\data\raw\asl_alphabet\train\X\X1770.jpg,X,train
..\..\data\raw\asl_alphabet\train\I\I1510.jpg,I,train
..\..\data\raw\asl_alphabet\train\del\del1165.jpg,del,train
..\..\data\raw\asl_alphabet\train\N\N2598.jpg,N,train
..\..\data\raw\asl_alphabet\train\I\I2527.jpg,I,train
..\..\data\raw\asl_alphabet\train\Q\Q1978.jpg,Q,train
..\..\data\raw\asl_alphabet\train\I\I2080.jpg,I,train
..\..\data\raw\asl_alphabet\train\nothing\nothing1390.jpg,nothing,train
..\..\data\raw\asl_alphabet\train\W\W2088.jpg,W,train
..\..\data\raw\asl_alphabet\train\A\A1732.jpg,A,train
..\..\data\raw\asl_alphabet\train\X\X784.jpg,X,train
..\..\data\raw\asl_alphabet\train\Q\Q451.jpg,Q,train
..\..\data\raw\asl_alphabet\train\nothing\nothing2033.jpg,nothing,train
..\..\data\raw\asl_alphabet\train\S\S935.jpg,S,train
..\..\data\raw\asl_alphabet\train\N\N1869.jpg,N,train
..\..\data\raw\asl_alphabet\train\E\E1339.jpg,E,train
..\..\data\raw\asl_alphabet\train\X\X1303.jpg,X,train
..\..\data\raw\asl_alphabet\train\space\space1590.jpg,space,train
..\..\data\raw\asl_alphabet\train\Z\Z1590.jpg,Z,train
..\..\data\raw\asl_alphabet\train\del\del805.jpg,del,train
..\..\data\raw\asl_alphabet\train\nothing\nothing2677.jpg,nothing,train
..\..\data\raw\asl_alphabet\train\B\B884.jpg,B,train
..\..\data\raw\asl_alphabet\train\Y\Y1490.jpg,Y,train
..\..\data\raw\asl_alphabet\train\X\X2020.jpg,X,train
..\..\data\raw\asl_alphabet\train\del\del2645.jpg,del,train
..\..\data\raw\asl_alphabet\train\S\S5.jpg,S,train
..\..\data\raw\asl_alphabet\train\del\del822.jpg,del,train
..\..\data\raw\asl_alphabet\train\B\B2721.jpg,B,train
..\..\data\raw\asl_alphabet\train\E\E1567.jpg,E,train
..\..\data\raw\asl_alphabet\train\U\U778.jpg,U,train
..\..\data\raw\asl_alphabet\train\R\R55.jpg,R,train
..\..\data\raw\asl_alphabet\train\C\C1264.jpg,C,train
..\..\data\raw\asl_alphabet\train\L\L1389.jpg,L,train
..\..\data\raw\asl_alphabet\train\F\F2191.jpg,F,train
..\..\data\raw\asl_alphabet\train\L\L2849.jpg,L,train
..\..\data\raw\asl_alphabet\train\B\B115.jpg,B,train
..\..\data\raw\asl_alphabet\train\Q\Q2215.jpg,Q,train
..\..\data\raw\asl_alphabet\train\T\T407.jpg,T,train
..\..\data\raw\asl_alphabet\train\B\B2870.jpg,B,train
..\..\data\raw\asl_alphabet\train\E\E2930.jpg,E,train
..\..\data\raw\asl_alphabet\train\S\S2578.jpg,S,train
..\..\data\raw\asl_alphabet\train\W\W1910.jpg,W,train
..\..\data\raw\asl_alphabet\train\O\O2824.jpg,O,train
..\..\data\raw\asl_alphabet\train\F\F62.jpg,F,train
..\..\data\raw\asl_alphabet\train\F\F2685.jpg,F,train
..\..\data\raw\asl_alphabet\train\Y\Y1983.jpg,Y,train
..\..\data\raw\asl_alphabet\train\B\B2209.jpg,B,train
..\..\data\raw\asl_alphabet\train\V\V1089.jpg,V,train
..\..\data\raw\asl_alphabet\train\space\space375.jpg,space,train
..\..\data\raw\asl_alphabet\train\A\A191.jpg,A,train
..\..\data\raw\asl_alphabet\train\M\M2659.jpg,M,train
..\..\data\raw\asl_alphabet\train\D\D1776.jpg,D,train
..\..\data\raw\asl_alphabet\train\R\R1327.jpg,R,train
..\..\data\raw\asl_alphabet\train\N\N1067.jpg,N,train
..\..\data\raw\asl_alphabet\train\S\S2151.jpg,S,train
..\..\data\raw\asl_alphabet\train\H\H558.jpg,H,train
..\..\data\raw\asl_alphabet\train\Y\Y1803.jpg,Y,train
..\..\data\raw\asl_alphabet\train\M\M342.jpg,M,train
..\..\data\raw\asl_alphabet\train\J\J1600.jpg,J,train
..\..\data\raw\asl_alphabet\train\A\A1594.jpg,A,train
..\..\data\raw\asl_alphabet\train\J\J1031.jpg,J,train
..\..\data\raw\asl_alphabet\train\H\H2507.jpg,H,train
..\..\data\raw\asl_alphabet\train\M\M918.jpg,M,train
..\..\data\raw\asl_alphabet\train\V\V922.jpg,V,train
..\..\data\raw\asl_alphabet\train\Q\Q1930.jpg,Q,train
..\..\data\raw\asl_alphabet\train\G\G2302.jpg,G,train
..\..\data\raw\asl_alphabet\train\Y\Y2691.jpg,Y,train
..\..\data\raw\asl_alphabet\train\O\O2162.jpg,O,train
..\..\data\raw\asl_alphabet\train\D\D635.jpg,D,train
..\..\data\raw\asl_alphabet\train\Q\Q2506.jpg,Q,train
..\..\data\raw\asl_alphabet\train\R\R807.jpg,R,train
..\..\data\raw\asl_alphabet\train\R\R747.jpg,R,train
..\..\data\raw\asl_alphabet\train\nothing\nothing2089.jpg,nothing,train
..\..\data\raw\asl_alphabet\train\B\B2843.jpg,B,train
..\..\data\raw\asl_alphabet\train\G\G2507.jpg,G,train
..\..\data\raw\asl_alphabet\train\Y\Y649.jpg,Y,train
..\..\data\raw\asl_alphabet\train\C\C355.jpg,C,train
..\..\data\raw\asl_alphabet\train\O\O1160.jpg,O,train
..\..\data\raw\asl_alphabet\train\V\V1247.jpg,V,train
..\..\data\raw\asl_alphabet\train\B\B2083.jpg,B,train
..\..\data\raw\asl_alphabet\train\K\K835.jpg,K,train
..\..\data\raw\asl_alphabet\train\V\V216.jpg,V,train
..\..\data\raw\asl_alphabet\train\Z\Z210.jpg,Z,train
..\..\data\raw\asl_alphabet\train\Y\Y1380.jpg,Y,train
..\..\data\raw\asl_alphabet\train\L\L429.jpg,L,train
..\..\data\raw\asl_alphabet\train\T\T1901.jpg,T,train
..\..\data\raw\asl_alphabet\train\Y\Y221.jpg,Y,train
..\..\data\raw\asl_alphabet\train\L\L325.jpg,L,train
..\..\data\raw\asl_alphabet\train\del\del1529.jpg,del,train
..\..\data\raw\asl_alphabet\train\A\A1899.jpg,A,train
..\..\data\raw\asl_alphabet\train\space\space2478.jpg,space,train
..\..\data\raw\asl_alphabet\train\Q\Q397.jpg,Q,train
..\..\data\raw\asl_alphabet\train\N\N1665.jpg,N,train
..\..\data\raw\asl_alphabet\train\H\H2224.jpg,H,train
..\..\data\raw\asl_alphabet\train\Z\Z2982.jpg,Z,train
..\..\data\raw\asl_alphabet\train\N\N825.jpg,N,train
..\..\data\raw\asl_alphabet\train\M\M336.jpg,M,train
..\..\data\raw\asl_alphabet\train\P\P1673.jpg,P,train
..\..\data\raw\asl_alphabet\train\X\X821.jpg,X,train
..\..\data\raw\asl_alphabet\train\H\H1606.jpg,H,train
..\..\data\raw\asl_alphabet\train\space\space1233.jpg,space,train
..\..\data\raw\asl_alphabet\train\G\G2156.jpg,G,train
..\..\data\raw\asl_alphabet\train\space\space2621.jpg,space,train
..\..\data\raw\asl_alphabet\train\nothing\nothing1140.jpg,nothing,train
..\..\data\raw\asl_alphabet\train\del\del1317.jpg,del,train
..\..\data\raw\asl_alphabet\train\O\O1430.jpg,O,train
..\..\data\raw\asl_alphabet\train\P\P2983.jpg,P,train
..\..\data\raw\asl_alphabet\train\F\F106.jpg,F,train
..\..\data\raw\asl_alphabet\train\M\M1259.jpg,M,train
..\..\data\raw\asl_alphabet\train\F\F2765.jpg,F,train
..\..\data\raw\asl_alphabet\train\N\N1098.jpg,N,train
..\..\data\raw\asl_alphabet\train\K\K666.jpg,K,train
..\..\data\raw\asl_alphabet\train\J\J1221.jpg,J,train
..\..\data\raw\asl_alphabet\train\C\C602.jpg,C,train
..\..\data\raw\asl_alphabet\train\J\J2370.jpg,J,train
..\..\data\raw\asl_alphabet\train\P\P1453.jpg,P,train
..\..\data\raw\asl_alphabet\train\del\del615.jpg,del,train
..\..\data\raw\asl_alphabet\train\C\C1499.jpg,C,train
..\..\data\raw\asl_alphabet\train\N\N1022.jpg,N,train
..\..\data\raw\asl_alphabet\train\S\S1430.jpg,S,train
..\..\data\raw\asl_alphabet\train\L\L391.jpg,L,train
..\..\data\raw\asl_alphabet\train\Q\Q2449.jpg,Q,train
..\..\data\raw\asl_alphabet\train\del\del2469.jpg,del,train
..\..\data\raw\asl_alphabet\train\P\P2968.jpg,P,train
..\..\data\raw\asl_alphabet\train\C\C2354.jpg,C,train
..\..\data\raw\asl_alphabet\train\F\F2506.jpg,F,train
..\..\data\raw\asl_alphabet\train\L\L2062.jpg,L,train
..\..\data\raw\asl_alphabet\train\W\W1325.jpg,W,train
..\..\data\raw\asl_alphabet\train\W\W2566.jpg,W,train
..\..\data\raw\asl_alphabet\train\Y\Y1293.jpg,Y,train
..\..\data\raw\asl_alphabet\train\del\del2257.jpg,del,train
..\..\data\raw\asl_alphabet\train\E\E96.jpg,E,train
..\..\data\raw\asl_alphabet\train\Y\Y2242.jpg,Y,train
..\..\data\raw\asl_alphabet\train\I\I570.jpg,I,train
..\..\data\raw\asl_alphabet\train\Q\Q2017.jpg,Q,train
..\..\data\raw\asl_alphabet\train\X\X1498.jpg,X,train
..\..\data\raw\asl_alphabet\train\del\del2485.jpg,del,train
..\..\data\raw\asl_alphabet\train\del\del1875.jpg,del,train
..\..\data\raw\asl_alphabet\train\H\H1045.jpg,H,train
..\..\data\raw\asl_alphabet\train\M\M880.jpg,M,train
..\..\data\raw\asl_alphabet\train\B\B2227.jpg,B,train
..\..\data\raw\asl_alphabet\train\S\S623.jpg,S,train
..\..\data\raw\asl_alphabet\train\space\space2612.jpg,space,train
..\..\data\raw\asl_alphabet\train\N\N1102.jpg,N,train
..\..\data\raw\asl_alphabet\train\space\space244.jpg,space,train
..\..\data\raw\asl_alphabet\train\F\F12.jpg,F,train
..\..\data\raw\asl_alphabet\train\Q\Q2276.jpg,Q,train
..\..\data\raw\asl_alphabet\train\B\B2450.jpg,B,train
..\..\data\raw\asl_alphabet\train\D\D257.jpg,D,train
..\..\data\raw\asl_alphabet\train\Z\Z1973.jpg,Z,train
..\..\data\raw\asl_alphabet\train\D\D1907.jpg,D,train
..\..\data\raw\asl_alphabet\train\R\R102.jpg,R,train
..\..\data\raw\asl_alphabet\train\P\P452.jpg,P,train
..\..\data\raw\asl_alphabet\train\R\R83.jpg,R,train
..\..\data\raw\asl_alphabet\train\D\D1094.jpg,D,train
..\..\data\raw\asl_alphabet\train\Z\Z1427.jpg,Z,train
..\..\data\raw\asl_alphabet\train\G\G740.jpg,G,train
..\..\data\raw\asl_alphabet\train\T\T1955.jpg,T,train
..\..\data\raw\asl_alphabet\train\K\K756.jpg,K,train
..\..\data\raw\asl_alphabet\train\Z\Z403.jpg,Z,train
..\..\data\raw\asl_alphabet\train\del\del1680.jpg,del,train
..\..\data\raw\asl_alphabet\train\J\J2728.jpg,J,train
..\..\data\raw\asl_alphabet\train\Y\Y609.jpg,Y,train
..\..\data\raw\asl_alphabet\train\del\del1963.jpg,del,train
..\..\data\raw\asl_alphabet\train\G\G819.jpg,G,train
..\..\data\raw\asl_alphabet\train\L\L2102.jpg,L,train
..\..\data\raw\asl_alphabet\train\K\K2504.jpg,K,train
..\..\data\raw\asl_alphabet\train\P\P778.jpg,P,train
..\..\data\raw\asl_alphabet\train\O\O2707.jpg,O,train
..\..\data\raw\asl_alphabet\train\P\P1962.jpg,P,train
..\..\data\raw\asl_alphabet\train\T\T1594.jpg,T,train
..\..\data\raw\asl_alphabet\train\X\X870.jpg,X,train
..\..\data\raw\asl_alphabet\train\S\S2396.jpg,S,train
..\..\data\raw\asl_alphabet\train\E\E1413.jpg,E,train
..\..\data\raw\asl_alphabet\train\Z\Z2771.jpg,Z,train
..\..\data\raw\asl_alphabet\train\N\N2295.jpg,N,train
..\..\data\raw\asl_alphabet\train\S\S2567.jpg,S,train
..\..\data\raw\asl_alphabet\train\del\del1734.jpg,del,train
..\..\data\raw\asl_alphabet\train\K\K5.jpg,K,train
..\..\data\raw\asl_alphabet\train\K\K1943.jpg,K,train
..\..\data\raw\asl_alphabet\train\I\I1524.jpg,I,train
..\..\data\raw\asl_alphabet\train\N\N1527.jpg,N,train
..\..\data\raw\asl_alphabet\train\Y\Y879.jpg,Y,train
..\..\data\raw\asl_alphabet\train\H\H2098.jpg,H,train
..\..\data\raw\asl_alphabet\train\Y\Y2026.jpg,Y,train
..\..\data\raw\asl_alphabet\train\U\U2999.jpg,U,train
..\..\data\raw\asl_alphabet\train\B\B1313.jpg,B,train
..\..\data\raw\asl_alphabet\train\B\B1979.jpg,B,train
..\..\data\raw\asl_alphabet\train\del\del2676.jpg,del,train
..\..\data\raw\asl_alphabet\train\T\T2282.jpg,T,train
..\..\data\raw\asl_alphabet\train\G\G1382.jpg,G,train
..\..\data\raw\asl_alphabet\train\V\V1111.jpg,V,train
..\..\data\raw\asl_alphabet\train\F\F1196.jpg,F,train
..\..\data\raw\asl_alphabet\train\K\K1885.jpg,K,train
..\..\data\raw\asl_alphabet\train\R\R1494.jpg,R,train
..\..\data\raw\asl_alphabet\train\P\P2905.jpg,P,train
..\..\data\raw\asl_alphabet\train\Z\Z523.jpg,Z,train
..\..\data\raw\asl_alphabet\train\G\G1248.jpg,G,train
..\..\data\raw\asl_alphabet\train\O\O351.jpg,O,train
..\..\data\raw\asl_alphabet\train\E\E377.jpg,E,train
..\..\data\raw\asl_alphabet\train\K\K1699.jpg,K,train
..\..\data\raw\asl_alphabet\train\G\G2681.jpg,G,train
..\..\data\raw\asl_alphabet\train\O\O1940.jpg,O,train
..\..\data\raw\asl_alphabet\train\nothing\nothing32.jpg,nothing,train
..\..\data\raw\asl_alphabet\train\W\W733.jpg,W,train
..\..\data\raw\asl_alphabet\train\P\P1017.jpg,P,train
..\..\data\raw\asl_alphabet\train\F\F2202.jpg,F,train
..\..\data\raw\asl_alphabet\train\O\O263.jpg,O,train
..\..\data\raw\asl_alphabet\train\Y\Y1304.jpg,Y,train
..\..\data\raw\asl_alphabet\train\N\N385.jpg,N,train
..\..\data\raw\asl_alphabet\train\R\R1927.jpg,R,train
..\..\data\raw\asl_alphabet\train\Q\Q2914.jpg,Q,train
..\..\data\raw\asl_alphabet\train\M\M1545.jpg,M,train
..\..\data\raw\asl_alphabet\train\A\A1710.jpg,A,train
..\..\data\raw\asl_alphabet\train\nothing\nothing1472.jpg,nothing,train
..\..\data\raw\asl_alphabet\train\del\del1487.jpg,del,train
..\..\data\raw\asl_alphabet\train\L\L1241.jpg,L,train
..\..\data\raw\asl_alphabet\train\R\R2528.jpg,R,train
..\..\data\raw\asl_alphabet\train\Q\Q2477.jpg,Q,train
..\..\data\raw\asl_alphabet\train\P\P131.jpg,P,train
..\..\data\raw\asl_alphabet\train\I\I233.jpg,I,train
..\..\data\raw\asl_alphabet\train\Q\Q2937.jpg,Q,train
..\..\data\raw\asl_alphabet\train\X\X2448.jpg,X,train
..\..\data\raw\asl_alphabet\train\X\X2470.jpg,X,train
..\..\data\raw\asl_alphabet\train\N\N28.jpg,N,train
..\..\data\raw\asl_alphabet\train\D\D2874.jpg,D,train
..\..\data\raw\asl_alphabet\train\C\C2319.jpg,C,train
..\..\data\raw\asl_alphabet\train\O\O315.jpg,O,train
..\..\data\raw\asl_alphabet\train\R\R2430.jpg,R,train
..\..\data\raw\asl_alphabet\train\L\L1866.jpg,L,train
..\..\data\raw\asl_alphabet\train\space\space1940.jpg,space,train
..\..\data\raw\asl_alphabet\train\N\N1178.jpg,N,train
..\..\data\raw\asl_alphabet\train\Q\Q2102.jpg,Q,train
..\..\data\raw\asl_alphabet\train\D\D227.jpg,D,train
..\..\data\raw\asl_alphabet\train\L\L333.jpg,L,train
..\..\data\raw\asl_alphabet\train\F\F1910.jpg,F,train
..\..\data\raw\asl_alphabet\train\S\S669.jpg,S,train
..\..\data\raw\asl_alphabet\train\W\W128.jpg,W,train
..\..\data\raw\asl_alphabet\train\T\T2260.jpg,T,train
..\..\data\raw\asl_alphabet\train\H\H1840.jpg,H,train
..\..\data\raw\asl_alphabet\train\I\I2013.jpg,I,train
..\..\data\raw\asl_alphabet\train\L\L1378.jpg,L,train
..\..\data\raw\asl_alphabet\train\T\T2985.jpg,T,train
..\..\data\raw\asl_alphabet\train\X\X2226.jpg,X,train
..\..\data\raw\asl_alphabet\train\O\O930.jpg,O,train
..\..\data\raw\asl_alphabet\train\X\X1634.jpg,X,train
..\..\data\raw\asl_alphabet\train\H\H1178.jpg,H,train
..\..\data\raw\asl_alphabet\train\U\U1805.jpg,U,train
..\..\data\raw\asl_alphabet\train\space\space1430.jpg,space,train
..\..\data\raw\asl_alphabet\train\Q\Q2084.jpg,Q,train
..\..\data\raw\asl_alphabet\train\X\X1974.jpg,X,train
..\..\data\raw\asl_alphabet\train\B\B142.jpg,B,train
..\..\data\raw\asl_alphabet\train\Z\Z1652.jpg,Z,train
..\..\data\raw\asl_alphabet\train\del\del2955.jpg,del,train
..\..\data\raw\asl_alphabet\train\space\space152.jpg,space,train
..\..\data\raw\asl_alphabet\train\W\W409.jpg,W,train
..\..\data\raw\asl_alphabet\train\R\R2670.jpg,R,train
..\..\data\raw\asl_alphabet\train\G\G2903.jpg,G,train
..\..\data\raw\asl_alphabet\train\X\X152.jpg,X,train
..\..\data\raw\asl_alphabet\train\S\S2966.jpg,S,train
..\..\data\raw\asl_alphabet\train\nothing\nothing1060.jpg,nothing,train
..\..\data\raw\asl_alphabet\train\U\U269.jpg,U,train
..\..\data\raw\asl_alphabet\train\Q\Q768.jpg,Q,train
..\..\data\raw\asl_alphabet\train\H\H1614.jpg,H,train
..\..\data\raw\asl_alphabet\train\Y\Y236.jpg,Y,train
..\..\data\raw\asl_alphabet\train\Y\Y2495.jpg,Y,train
..\..\data\raw\asl_alphabet\train\C\C1454.jpg,C,train
..\..\data\raw\asl_alphabet\train\U\U1796.jpg,U,train
..\..\data\raw\asl_alphabet\train\C\C65.jpg,C,train
..\..\data\raw\asl_alphabet\train\V\V845.jpg,V,train
..\..\data\raw\asl_alphabet\train\I\I1251.jpg,I,train
..\..\data\raw\asl_alphabet\train\R\R1708.jpg,R,train
..\..\data\raw\asl_alphabet\train\C\C1699.jpg,C,train
..\..\data\raw\asl_alphabet\train\R\R438.jpg,R,train
..\..\data\raw\asl_alphabet\train\P\P434.jpg,P,train
..\..\data\raw\asl_alphabet\train\P\P1387.jpg,P,train
..\..\data\raw\asl_alphabet\train\O\O2107.jpg,O,train
..\..\data\raw\asl_alphabet\train\del\del1576.jpg,del,train
..\..\data\raw\asl_alphabet\train\D\D2111.jpg,D,train
..\..\data\raw\asl_alphabet\train\S\S63.jpg,S,train
..\..\data\raw\asl_alphabet\train\O\O2604.jpg,O,train
..\..\data\raw\asl_alphabet\train\O\O2095.jpg,O,train
..\..\data\raw\asl_alphabet\train\J\J247.jpg,J,train
..\..\data\raw\asl_alphabet\train\J\J2030.jpg,J,train
..\..\data\raw\asl_alphabet\train\C\C929.jpg,C,train
..\..\data\raw\asl_alphabet\train\D\D2275.jpg,D,train
..\..\data\raw\asl_alphabet\train\U\U2449.jpg,U,train
..\..\data\raw\asl_alphabet\train\J\J1682.jpg,J,train
..\..\data\raw\asl_alphabet\train\I\I703.jpg,I,train
..\..\data\raw\asl_alphabet\train\nothing\nothing753.jpg,nothing,train
..\..\data\raw\asl_alphabet\train\C\C1811.jpg,C,train
..\..\data\raw\asl_alphabet\train\Q\Q2254.jpg,Q,train
..\..\data\raw\asl_alphabet\train\U\U1978.jpg,U,train
..\..\data\raw\asl_alphabet\train\N\N1237.jpg,N,train
..\..\data\raw\asl_alphabet\train\I\I1592.jpg,I,train
..\..\data\raw\asl_alphabet\train\space\space2091.jpg,space,train
..\..\data\raw\asl_alphabet\train\M\M2133.jpg,M,train
..\..\data\raw\asl_alphabet\train\H\H1823.jpg,H,train
..\..\data\raw\asl_alphabet\train\nothing\nothing1206.jpg,nothing,train
..\..\data\raw\asl_alphabet\train\Y\Y1661.jpg,Y,train
..\..\data\raw\asl_alphabet\train\T\T1155.jpg,T,train
..\..\data\raw\asl_alphabet\train\nothing\nothing500.jpg,nothing,train
..\..\data\raw\asl_alphabet\train\Q\Q569.jpg,Q,train
..\..\data\raw\asl_alphabet\train\U\U1781.jpg,U,train
..\..\data\raw\asl_alphabet\train\J\J1687.jpg,J,train
..\..\data\raw\asl_alphabet\train\M\M1508.jpg,M,train
..\..\data\raw\asl_alphabet\train\U\U726.jpg,U,train
..\..\data\raw\asl_alphabet\train\O\O116.jpg,O,train
..\..\data\raw\asl_alphabet\train\A\A533.jpg,A,train
..\..\data\raw\asl_alphabet\train\O\O1194.jpg,O,train
..\..\data\raw\asl_alphabet\train\M\M2687.jpg,M,train
..\..\data\raw\asl_alphabet\train\F\F2586.jpg,F,train
..\..\data\raw\asl_alphabet\train\space\space609.jpg,space,train
..\..\data\raw\asl_alphabet\train\B\B594.jpg,B,train
..\..\data\raw\asl_alphabet\train\U\U2147.jpg,U,train
..\..\data\raw\asl_alphabet\train\space\space2279.jpg,space,train
..\..\data\raw\asl_alphabet\train\W\W1545.jpg,W,train
..\..\data\raw\asl_alphabet\train\K\K1136.jpg,K,train
..\..\data\raw\asl_alphabet\train\Q\Q2628.jpg,Q,train
..\..\data\raw\asl_alphabet\train\A\A61.jpg,A,train
..\..\data\raw\asl_alphabet\train\F\F290.jpg,F,train
..\..\data\raw\asl_alphabet\train\C\C2377.jpg,C,train
..\..\data\raw\asl_alphabet\train\D\D855.jpg,D,train
..\..\data\raw\asl_alphabet\train\del\del2344.jpg,del,train
..\..\data\raw\asl_alphabet\train\L\L1757.jpg,L,train
..\..\data\raw\asl_alphabet\train\N\N2517.jpg,N,train
..\..\data\raw\asl_alphabet\train\Q\Q1657.jpg,Q,train
..\..\data\raw\asl_alphabet\train\P\P397.jpg,P,train
..\..\data\raw\asl_alphabet\train\X\X2068.jpg,X,train
..\..\data\raw\asl_alphabet\train\A\A335.jpg,A,train
..\..\data\raw\asl_alphabet\train\C\C2754.jpg,C,train
..\..\data\raw\asl_alphabet\train\B\B2503.jpg,B,train
..\..\data\raw\asl_alphabet\train\F\F1602.jpg,F,train
..\..\data\raw\asl_alphabet\train\G\G2613.jpg,G,train
..\..\data\raw\asl_alphabet\train\L\L2626.jpg,L,train
..\..\data\raw\asl_alphabet\train\A\A170.jpg,A,train
..\..\data\raw\asl_alphabet\train\O\O400.jpg,O,train
..\..\data\raw\asl_alphabet\train\Q\Q2841.jpg,Q,train
..\..\data\raw\asl_alphabet\train\T\T508.jpg,T,train
..\..\data\raw\asl_alphabet\train\D\D1596.jpg,D,train
..\..\data\raw\asl_alphabet\train\I\I2966.jpg,I,train
..\..\data\raw\asl_alphabet\train\nothing\nothing2446.jpg,nothing,train
..\..\data\raw\asl_alphabet\train\P\P1340.jpg,P,train
..\..\data\raw\asl_alphabet\train\X\X2717.jpg,X,train
..\..\data\raw\asl_alphabet\train\W\W254.jpg,W,train
..\..\data\raw\asl_alphabet\train\D\D1985.jpg,D,train
..\..\data\raw\asl_alphabet\train\O\O973.jpg,O,train
..\..\data\raw\asl_alphabet\train\H\H182.jpg,H,train
..\..\data\raw\asl_alphabet\train\nothing\nothing993.jpg,nothing,train
..\..\data\raw\asl_alphabet\train\R\R502.jpg,R,train
..\..\data\raw\asl_alphabet\train\nothing\nothing2496.jpg,nothing,train
..\..\data\raw\asl_alphabet\train\J\J563.jpg,J,train
..\..\data\raw\asl_alphabet\train\L\L2705.jpg,L,train
..\..\data\raw\asl_alphabet\train\del\del2454.jpg,del,train
..\..\data\raw\asl_alphabet\train\I\I2920.jpg,I,train
..\..\data\raw\asl_alphabet\train\F\F1635.jpg,F,train
..\..\data\raw\asl_alphabet\train\Z\Z1464.jpg,Z,train
..\..\data\raw\asl_alphabet\train\Q\Q2973.jpg,Q,train
..\..\data\raw\asl_alphabet\train\W\W208.jpg,W,train
..\..\data\raw\asl_alphabet\train\Y\Y1900.jpg,Y,train
..\..\data\raw\asl_alphabet\train\S\S1537.jpg,S,train
..\..\data\raw\asl_alphabet\train\M\M549.jpg,M,train
..\..\data\raw\asl_alphabet\train\space\space2165.jpg,space,train
..\..\data\raw\asl_alphabet\train\C\C1861.jpg,C,train
..\..\data\raw\asl_alphabet\train\R\R1787.jpg,R,train
..\..\data\raw\asl_alphabet\train\Y\Y2468.jpg,Y,train
..\..\data\raw\asl_alphabet\train\L\L745.jpg,L,train
..\..\data\raw\asl_alphabet\train\K\K352.jpg,K,train
..\..\data\raw\asl_alphabet\train\N\N1219.jpg,N,train
..\..\data\raw\asl_alphabet\train\O\O39.jpg,O,train
..\..\data\raw\asl_alphabet\train\K\K2229.jpg,K,train
..\..\data\raw\asl_alphabet\train\Z\Z415.jpg,Z,train
..\..\data\raw\asl_alphabet\train\P\P100.jpg,P,train
..\..\data\raw\asl_alphabet\train\W\W845.jpg,W,train
..\..\data\raw\asl_alphabet\train\O\O1583.jpg,O,train
..\..\data\raw\asl_alphabet\train\W\W2637.jpg,W,train
..\..\data\raw\asl_alphabet\train\T\T400.jpg,T,train
..\..\data\raw\asl_alphabet\train\L\L766.jpg,L,train
..\..\data\raw\asl_alphabet\train\P\P2557.jpg,P,train
..\..\data\raw\asl_alphabet\train\space\space1326.jpg,space,train
..\..\data\raw\asl_alphabet\train\S\S295.jpg,S,train
..\..\data\raw\asl_alphabet\train\T\T2085.jpg,T,train
..\..\data\raw\asl_alphabet\train\F\F705.jpg,F,train
..\..\data\raw\asl_alphabet\train\del\del2217.jpg,del,train
..\..\data\raw\asl_alphabet\train\K\K1198.jpg,K,train
..\..\data\raw\asl_alphabet\train\R\R2916.jpg,R,train
..\..\data\raw\asl_alphabet\train\F\F426.jpg,F,train
..\..\data\raw\asl_alphabet\train\R\R1645.jpg,R,train
..\..\data\raw\asl_alphabet\train\J\J160.jpg,J,train
..\..\data\raw\asl_alphabet\train\P\P2836.jpg,P,train
..\..\data\raw\asl_alphabet\train\M\M2204.jpg,M,train
..\..\data\raw\asl_alphabet\train\H\H621.jpg,H,train
..\..\data\raw\asl_alphabet\train\D\D2937.jpg,D,train
..\..\data\raw\asl_alphabet\train\N\N1397.jpg,N,train
..\..\data\raw\asl_alphabet\train\D\D2784.jpg,D,train
..\..\data\raw\asl_alphabet\train\J\J1067.jpg,J,train
..\..\data\raw\asl_alphabet\train\Q\Q1597.jpg,Q,train
..\..\data\raw\asl_alphabet\train\T\T895.jpg,T,train
..\..\data\raw\asl_alphabet\train\L\L2929.jpg,L,train
..\..\data\raw\asl_alphabet\train\space\space1710.jpg,space,train
..\..\data\raw\asl_alphabet\train\N\N328.jpg,N,train
..\..\data\raw\asl_alphabet\train\B\B2118.jpg,B,train
..\..\data\raw\asl_alphabet\train\Q\Q2702.jpg,Q,train
..\..\data\raw\asl_alphabet\train\T\T605.jpg,T,train
..\..\data\raw\asl_alphabet\train\P\P2115.jpg,P,train
..\..\data\raw\asl_alphabet\train\T\T2093.jpg,T,train
..\..\data\raw\asl_alphabet\train\Y\Y1472.jpg,Y,train
..\..\data\raw\asl_alphabet\train\F\F1952.jpg,F,train
..\..\data\raw\asl_alphabet\train\U\U60.jpg,U,train
..\..\data\raw\asl_alphabet\train\K\K2584.jpg,K,train
..\..\data\raw\asl_alphabet\train\X\X696.jpg,X,train
..\..\data\raw\asl_alphabet\train\del\del661.jpg,del,train
..\..\data\raw\asl_alphabet\train\Q\Q1523.jpg,Q,train
..\..\data\raw\asl_alphabet\train\N\N1148.jpg,N,train
..\..\data\raw\asl_alphabet\train\A\A1805.jpg,A,train
..\..\data\raw\asl_alphabet\train\space\space2158.jpg,space,train
..\..\data\raw\asl_alphabet\train\I\I1015.jpg,I,train
..\..\data\raw\asl_alphabet\train\C\C120.jpg,C,train
..\..\data\raw\asl_alphabet\train\R\R751.jpg,R,train
..\..\data\raw\asl_alphabet\train\O\O477.jpg,O,train
..\..\data\raw\asl_alphabet\train\T\T1095.jpg,T,train
..\..\data\raw\asl_alphabet\train\L\L2165.jpg,L,train
..\..\data\raw\asl_alphabet\train\N\N2339.jpg,N,train
..\..\data\raw\asl_alphabet\train\Y\Y2609.jpg,Y,train
..\..\data\raw\asl_alphabet\train\N\N1424.jpg,N,train
..\..\data\raw\asl_alphabet\train\L\L435.jpg,L,train
..\..\data\raw\asl_alphabet\train\N\N1376.jpg,N,train
..\..\data\raw\asl_alphabet\train\T\T1591.jpg,T,train
..\..\data\raw\asl_alphabet\train\U\U449.jpg,U,train
..\..\data\raw\asl_alphabet\train\del\del952.jpg,del,train
..\..\data\raw\asl_alphabet\train\E\E629.jpg,E,train
..\..\data\raw\asl_alphabet\train\F\F1725.jpg,F,train
..\..\data\raw\asl_alphabet\train\D\D277.jpg,D,train
..\..\data\raw\asl_alphabet\train\J\J2631.jpg,J,train
..\..\data\raw\asl_alphabet\train\O\O1497.jpg,O,train
..\..\data\raw\asl_alphabet\train\F\F513.jpg,F,train
..\..\data\raw\asl_alphabet\train\Z\Z2767.jpg,Z,train
..\..\data\raw\asl_alphabet\train\G\G1033.jpg,G,train
..\..\data\raw\asl_alphabet\train\F\F2138.jpg,F,train
..\..\data\raw\asl_alphabet\train\S\S2389.jpg,S,train
..\..\data\raw\asl_alphabet\train\del\del1372.jpg,del,train
..\..\data\raw\asl_alphabet\train\W\W2238.jpg,W,train
..\..\data\raw\asl_alphabet\train\A\A1975.jpg,A,train
..\..\data\raw\asl_alphabet\train\R\R2246.jpg,R,train
..\..\data\raw\asl_alphabet\train\J\J1850.jpg,J,train
..\..\data\raw\asl_alphabet\train\I\I1847.jpg,I,train
..\..\data\raw\asl_alphabet\train\O\O2737.jpg,O,train
..\..\data\raw\asl_alphabet\train\del\del590.jpg,del,train
..\..\data\raw\asl_alphabet\train\E\E786.jpg,E,train
..\..\data\raw\asl_alphabet\train\E\E500.jpg,E,train
..\..\data\raw\asl_alphabet\train\P\P136.jpg,P,train
..\..\data\raw\asl_alphabet\train\U\U242.jpg,U,train
..\..\data\raw\asl_alphabet\train\W\W2280.jpg,W,train
..\..\data\raw\asl_alphabet\train\del\del176.jpg,del,train
..\..\data\raw\asl_alphabet\train\G\G197.jpg,G,train
..\..\data\raw\asl_alphabet\train\I\I2220.jpg,I,train
..\..\data\raw\asl_alphabet\train\J\J1261.jpg,J,train
..\..\data\raw\asl_alphabet\train\W\W2575.jpg,W,train
..\..\data\raw\asl_alphabet\train\A\A1250.jpg,A,train
..\..\data\raw\asl_alphabet\train\F\F803.jpg,F,train
..\..\data\raw\asl_alphabet\train\space\space464.jpg,space,train
..\..\data\raw\asl_alphabet\train\H\H590.jpg,H,train
..\..\data\raw\asl_alphabet\train\H\H1915.jpg,H,train
..\..\data\raw\asl_alphabet\train\B\B1204.jpg,B,train
..\..\data\raw\asl_alphabet\train\K\K2771.jpg,K,train
..\..\data\raw\asl_alphabet\train\Q\Q238.jpg,Q,train
..\..\data\raw\asl_alphabet\train\O\O953.jpg,O,train
..\..\data\raw\asl_alphabet\train\S\S281.jpg,S,train
..\..\data\raw\asl_alphabet\train\K\K2537.jpg,K,train
..\..\data\raw\asl_alphabet\train\C\C1285.jpg,C,train
..\..\data\raw\asl_alphabet\train\W\W1641.jpg,W,train
..\..\data\raw\asl_alphabet\train\D\D534.jpg,D,train
..\..\data\raw\asl_alphabet\train\Z\Z1922.jpg,Z,train
..\..\data\raw\asl_alphabet\train\nothing\nothing499.jpg,nothing,train
..\..\data\raw\asl_alphabet\train\P\P2864.jpg,P,train
..\..\data\raw\asl_alphabet\train\L\L112.jpg,L,train
..\..\data\raw\asl_alphabet\train\T\T1582.jpg,T,train
..\..\data\raw\asl_alphabet\train\K\K1237.jpg,K,train
..\..\data\raw\asl_alphabet\train\space\space515.jpg,space,train
..\..\data\raw\asl_alphabet\train\Z\Z409.jpg,Z,train
..\..\data\raw\asl_alphabet\train\Z\Z1669.jpg,Z,train
..\..\data\raw\asl_alphabet\train\U\U390.jpg,U,train
..\..\data\raw\asl_alphabet\train\A\A2957.jpg,A,train
..\..\data\raw\asl_alphabet\train\H\H1391.jpg,H,train
..\..\data\raw\asl_alphabet\train\Z\Z18.jpg,Z,train
..\..\data\raw\asl_alphabet\train\F\F1585.jpg,F,train
..\..\data\raw\asl_alphabet\train\M\M763.jpg,M,train
..\..\data\raw\asl_alphabet\train\J\J2351.jpg,J,train
..\..\data\raw\asl_alphabet\train\P\P2294.jpg,P,train
..\..\data\raw\asl_alphabet\train\nothing\nothing736.jpg,nothing,train
..\..\data\raw\asl_alphabet\train\Q\Q2568.jpg,Q,train
..\..\data\raw\asl_alphabet\train\N\N1831.jpg,N,train
..\..\data\raw\asl_alphabet\train\N\N2120.jpg,N,train
..\..\data\raw\asl_alphabet\train\O\O958.jpg,O,train
..\..\data\raw\asl_alphabet\train\L\L194.jpg,L,train
..\..\data\raw\asl_alphabet\train\S\S100.jpg,S,train
..\..\data\raw\asl_alphabet\train\Q\Q1644.jpg,Q,train
..\..\data\raw\asl_alphabet\train\I\I1927.jpg,I,train
..\..\data\raw\asl_alphabet\train\T\T1914.jpg,T,train
..\..\data\raw\asl_alphabet\train\F\F1033.jpg,F,train
..\..\data\raw\asl_alphabet\train\F\F1817.jpg,F,train
..\..\data\raw\asl_alphabet\train\T\T2596.jpg,T,train
..\..\data\raw\asl_alphabet\train\K\K418.jpg,K,train
..\..\data\raw\asl_alphabet\train\H\H2490.jpg,H,train
..\..\data\raw\asl_alphabet\train\K\K1601.jpg,K,train
..\..\data\raw\asl_alphabet\train\del\del1733.jpg,del,train
..\..\data\raw\asl_alphabet\train\K\K2112.jpg,K,train
..\..\data\raw\asl_alphabet\train\nothing\nothing329.jpg,nothing,train
..\..\data\raw\asl_alphabet\train\U\U51.jpg,U,train
..\..\data\raw\asl_alphabet\train\del\del1305.jpg,del,train
..\..\data\raw\asl_alphabet\train\nothing\nothing2352.jpg,nothing,train
..\..\data\raw\asl_alphabet\train\nothing\nothing1091.jpg,nothing,train
..\..\data\raw\asl_alphabet\train\P\P1104.jpg,P,train
..\..\data\raw\asl_alphabet\train\J\J1673.jpg,J,train
..\..\data\raw\asl_alphabet\train\E\E43.jpg,E,train
..\..\data\raw\asl_alphabet\train\space\space153.jpg,space,train
..\..\data\raw\asl_alphabet\train\L\L2715.jpg,L,train
..\..\data\raw\asl_alphabet\train\X\X1897.jpg,X,train
..\..\data\raw\asl_alphabet\train\H\H282.jpg,H,train
..\..\data\raw\asl_alphabet\train\N\N358.jpg,N,train
..\..\data\raw\asl_alphabet\train\R\R2841.jpg,R,train
..\..\data\raw\asl_alphabet\train\P\P2620.jpg,P,train
..\..\data\raw\asl_alphabet\train\del\del959.jpg,del,train
..\..\data\raw\asl_alphabet\train\W\W213.jpg,W,train
..\..\data\raw\asl_alphabet\train\J\J1922.jpg,J,train
..\..\data\raw\asl_alphabet\train\J\J1181.jpg,J,train
..\..\data\raw\asl_alphabet\train\C\C652.jpg,C,train
..\..\data\raw\asl_alphabet\train\M\M909.jpg,M,train
..\..\data\raw\asl_alphabet\train\F\F2610.jpg,F,train
..\..\data\raw\asl_alphabet\train\F\F1989.jpg,F,train
..\..\data\raw\asl_alphabet\train\Z\Z24.jpg,Z,train
..\..\data\raw\asl_alphabet\train\S\S851.jpg,S,train
..\..\data\raw\asl_alphabet\train\L\L1379.jpg,L,train
..\..\data\raw\asl_alphabet\train\C\C2247.jpg,C,train
..\..\data\raw\asl_alphabet\train\O\O2663.jpg,O,train
..\..\data\raw\asl_alphabet\train\del\del693.jpg,del,train
..\..\data\raw\asl_alphabet\train\nothing\nothing581.jpg,nothing,train
..\..\data\raw\asl_alphabet\train\V\V993.jpg,V,train
..\..\data\raw\asl_alphabet\train\W\W333.jpg,W,train
..\..\data\raw\asl_alphabet\train\X\X2733.jpg,X,train
..\..\data\raw\asl_alphabet\train\A\A1209.jpg,A,train
..\..\data\raw\asl_alphabet\train\A\A2477.jpg,A,train
..\..\data\raw\asl_alphabet\train\K\K556.jpg,K,train
..\..\data\raw\asl_alphabet\train\C\C1466.jpg,C,train
..\..\data\raw\asl_alphabet\train\X\X1575.jpg,X,train
..\..\data\raw\asl_alphabet\train\M\M358.jpg,M,train
..\..\data\raw\asl_alphabet\train\F\F2410.jpg,F,train
..\..\data\raw\asl_alphabet\train\S\S1422.jpg,S,train
..\..\data\raw\asl_alphabet\train\E\E1227.jpg,E,train
..\..\data\raw\asl_alphabet\train\N\N2558.jpg,N,train
..\..\data\raw\asl_alphabet\train\D\D804.jpg,D,train
..\..\data\raw\asl_alphabet\train\L\L2835.jpg,L,train
..\..\data\raw\asl_alphabet\train\P\P2178.jpg,P,train
..\..\data\raw\asl_alphabet\train\L\L2351.jpg,L,train
..\..\data\raw\asl_alphabet\train\K\K780.jpg,K,train
..\..\data\raw\asl_alphabet\train\H\H1438.jpg,H,train
..\..\data\raw\asl_alphabet\train\G\G685.jpg,G,train
..\..\data\raw\asl_alphabet\train\X\X2187.jpg,X,train
..\..\data\raw\asl_alphabet\train\Z\Z1736.jpg,Z,train
..\..\data\raw\asl_alphabet\train\del\del1213.jpg,del,train
..\..\data\raw\asl_alphabet\train\E\E2047.jpg,E,train
..\..\data\raw\asl_alphabet\train\G\G2085.jpg,G,train
..\..\data\raw\asl_alphabet\train\space\space752.jpg,space,train
..\..\data\raw\asl_alphabet\train\Q\Q1736.jpg,Q,train
..\..\data\raw\asl_alphabet\train\space\space232.jpg,space,train
..\..\data\raw\asl_alphabet\train\G\G210.jpg,G,train
..\..\data\raw\asl_alphabet\train\nothing\nothing2360.jpg,nothing,train
..\..\data\raw\asl_alphabet\train\F\F824.jpg,F,train
..\..\data\raw\asl_alphabet\train\del\del1644.jpg,del,train
..\..\data\raw\asl_alphabet\train\R\R1326.jpg,R,train
..\..\data\raw\asl_alphabet\train\T\T2599.jpg,T,train
..\..\data\raw\asl_alphabet\train\G\G1606.jpg,G,train
..\..\data\raw\asl_alphabet\train\D\D1247.jpg,D,train
..\..\data\raw\asl_alphabet\train\Q\Q2749.jpg,Q,train
..\..\data\raw\asl_alphabet\train\T\T1677.jpg,T,train
..\..\data\raw\asl_alphabet\train\X\X336.jpg,X,train
..\..\data\raw\asl_alphabet\train\W\W2883.jpg,W,train
..\..\data\raw\asl_alphabet\train\K\K2285.jpg,K,train
..\..\data\raw\asl_alphabet\train\I\I1688.jpg,I,train
..\..\data\raw\asl_alphabet\train\F\F413.jpg,F,train
..\..\data\raw\asl_alphabet\train\del\del1669.jpg,del,train
..\..\data\raw\asl_alphabet\train\nothing\nothing394.jpg,nothing,train
..\..\data\raw\asl_alphabet\train\H\H1486.jpg,H,train
..\..\data\raw\asl_alphabet\train\del\del2415.jpg,del,train
..\..\data\raw\asl_alphabet\train\D\D2238.jpg,D,train
..\..\data\raw\asl_alphabet\train\W\W1043.jpg,W,train
..\..\data\raw\asl_alphabet\train\S\S2739.jpg,S,train
..\..\data\raw\asl_alphabet\train\P\P2020.jpg,P,train
..\..\data\raw\asl_alphabet\train\N\N16.jpg,N,train
..\..\data\raw\asl_alphabet\train\Y\Y2177.jpg,Y,train
..\..\data\raw\asl_alphabet\train\Q\Q756.jpg,Q,train
..\..\data\raw\asl_alphabet\train\F\F847.jpg,F,train
..\..\data\raw\asl_alphabet\train\del\del376.jpg,del,train
..\..\data\raw\asl_alphabet\train\D\D2060.jpg,D,train
..\..\data\raw\asl_alphabet\train\T\T1759.jpg,T,train
..\..\data\raw\asl_alphabet\train\M\M357.jpg,M,train
..\..\data\raw\asl_alphabet\train\del\del2005.jpg,del,train
..\..\data\raw\asl_alphabet\train\I\I316.jpg,I,train
..\..\data\raw\asl_alphabet\train\H\H2858.jpg,H,train
..\..\data\raw\asl_alphabet\train\F\F746.jpg,F,train
..\..\data\raw\asl_alphabet\train\R\R2383.jpg,R,train
..\..\data\raw\asl_alphabet\train\I\I2393.jpg,I,train
..\..\data\raw\asl_alphabet\train\U\U137.jpg,U,train
..\..\data\raw\asl_alphabet\train\T\T1264.jpg,T,train
..\..\data\raw\asl_alphabet\train\A\A2710.jpg,A,train
..\..\data\raw\asl_alphabet\train\M\M437.jpg,M,train
..\..\data\raw\asl_alphabet\train\space\space1839.jpg,space,train
..\..\data\raw\asl_alphabet\train\del\del1561.jpg,del,train
..\..\data\raw\asl_alphabet\train\F\F2754.jpg,F,train
..\..\data\raw\asl_alphabet\train\C\C285.jpg,C,train
..\..\data\raw\asl_alphabet\train\Y\Y2413.jpg,Y,train
..\..\data\raw\asl_alphabet\train\P\P67.jpg,P,train
..\..\data\raw\asl_alphabet\train\nothing\nothing1156.jpg,nothing,train
..\..\data\raw\asl_alphabet\train\Y\Y2810.jpg,Y,train
..\..\data\raw\asl_alphabet\train\Q\Q528.jpg,Q,train
..\..\data\raw\asl_alphabet\train\I\I355.jpg,I,train
..\..\data\raw\asl_alphabet\train\nothing\nothing1583.jpg,nothing,train
..\..\data\raw\asl_alphabet\train\space\space2988.jpg,space,train
..\..\data\raw\asl_alphabet\train\C\C2011.jpg,C,train
..\..\data\raw\asl_alphabet\train\nothing\nothing1837.jpg,nothing,train
..\..\data\raw\asl_alphabet\train\G\G1374.jpg,G,train
..\..\data\raw\asl_alphabet\train\N\N2103.jpg,N,train
..\..\data\raw\asl_alphabet\train\I\I2861.jpg,I,train
..\..\data\raw\asl_alphabet\train\P\P1716.jpg,P,train
..\..\data\raw\asl_alphabet\train\M\M1766.jpg,M,train
..\..\data\raw\asl_alphabet\train\W\W1819.jpg,W,train
..\..\data\raw\asl_alphabet\train\R\R15.jpg,R,train
..\..\data\raw\asl_alphabet\train\V\V489.jpg,V,train
..\..\data\raw\asl_alphabet\train\U\U1283.jpg,U,train
..\..\data\raw\asl_alphabet\train\Q\Q2219.jpg,Q,train
..\..\data\raw\asl_alphabet\train\A\A611.jpg,A,train
..\..\data\raw\asl_alphabet\train\V\V1920.jpg,V,train
..\..\data\raw\asl_alphabet\train\nothing\nothing203.jpg,nothing,train
..\..\data\raw\asl_alphabet\train\I\I1658.jpg,I,train
..\..\data\raw\asl_alphabet\train\V\V1202.jpg,V,train
..\..\data\raw\asl_alphabet\train\del\del315.jpg,del,train
..\..\data\raw\asl_alphabet\train\N\N2545.jpg,N,train
..\..\data\raw\asl_alphabet\train\K\K1622.jpg,K,train
..\..\data\raw\asl_alphabet\train\Y\Y2822.jpg,Y,train
..\..\data\raw\asl_alphabet\train\X\X171.jpg,X,train
..\..\data\raw\asl_alphabet\train\G\G2174.jpg,G,train
..\..\data\raw\asl_alphabet\train\J\J953.jpg,J,train
..\..\data\raw\asl_alphabet\train\M\M296.jpg,M,train
..\..\data\raw\asl_alphabet\train\W\W2730.jpg,W,train
..\..\data\raw\asl_alphabet\train\A\A2998.jpg,A,train
..\..\data\raw\asl_alphabet\train\B\B2137.jpg,B,train
..\..\data\raw\asl_alphabet\train\L\L2072.jpg,L,train
..\..\data\raw\asl_alphabet\train\W\W1922.jpg,W,train
..\..\data\raw\asl_alphabet\train\del\del690.jpg,del,train
..\..\data\raw\asl_alphabet\train\O\O401.jpg,O,train
..\..\data\raw\asl_alphabet\train\J\J2793.jpg,J,train
..\..\data\raw\asl_alphabet\train\G\G858.jpg,G,train
..\..\data\raw\asl_alphabet\train\space\space2252.jpg,space,train
..\..\data\raw\asl_alphabet\train\I\I603.jpg,I,train
..\..\data\raw\asl_alphabet\train\T\T1893.jpg,T,train
..\..\data\raw\asl_alphabet\train\space\space1692.jpg,space,train
..\..\data\raw\asl_alphabet\train\T\T211.jpg,T,train
..\..\data\raw\asl_alphabet\train\G\G882.jpg,G,train
..\..\data\raw\asl_alphabet\train\T\T1390.jpg,T,train
..\..\data\raw\asl_alphabet\train\L\L2918.jpg,L,train
..\..\data\raw\asl_alphabet\train\W\W1113.jpg,W,train
..\..\data\raw\asl_alphabet\train\H\H12.jpg,H,train
..\..\data\raw\asl_alphabet\train\C\C1449.jpg,C,train
..\..\data\raw\asl_alphabet\train\T\T1056.jpg,T,train
..\..\data\raw\asl_alphabet\train\Z\Z1686.jpg,Z,train
..\..\data\raw\asl_alphabet\train\B\B931.jpg,B,train
..\..\data\raw\asl_alphabet\train\Q\Q2357.jpg,Q,train
..\..\data\raw\asl_alphabet\train\A\A1367.jpg,A,train
..\..\data\raw\asl_alphabet\train\Y\Y2750.jpg,Y,train
..\..\data\raw\asl_alphabet\train\F\F2319.jpg,F,train
..\..\data\raw\asl_alphabet\train\R\R2028.jpg,R,train
..\..\data\raw\asl_alphabet\train\Q\Q874.jpg,Q,train
..\..\data\raw\asl_alphabet\train\nothing\nothing265.jpg,nothing,train
..\..\data\raw\asl_alphabet\train\L\L831.jpg,L,train
..\..\data\raw\asl_alphabet\train\nothing\nothing319.jpg,nothing,train
..\..\data\raw\asl_alphabet\train\X\X1224.jpg,X,train
..\..\data\raw\asl_alphabet\train\P\P1604.jpg,P,train
..\..\data\raw\asl_alphabet\train\A\A2702.jpg,A,train
..\..\data\raw\asl_alphabet\train\Z\Z970.jpg,Z,train
..\..\data\raw\asl_alphabet\train\C\C2665.jpg,C,train
..\..\data\raw\asl_alphabet\train\S\S1914.jpg,S,train
..\..\data\raw\asl_alphabet\train\space\space1673.jpg,space,train
..\..\data\raw\asl_alphabet\train\L\L2992.jpg,L,train
..\..\data\raw\asl_alphabet\train\B\B2404.jpg,B,train
..\..\data\raw\asl_alphabet\train\A\A1900.jpg,A,train
..\..\data\raw\asl_alphabet\train\O\O1443.jpg,O,train
..\..\data\raw\asl_alphabet\train\X\X530.jpg,X,train
..\..\data\raw\asl_alphabet\train\C\C851.jpg,C,train
..\..\data\raw\asl_alphabet\train\O\O672.jpg,O,train
..\..\data\raw\asl_alphabet\train\Q\Q1640.jpg,Q,train
..\..\data\raw\asl_alphabet\train\O\O2205.jpg,O,train
..\..\data\raw\asl_alphabet\train\R\R2263.jpg,R,train
..\..\data\raw\asl_alphabet\train\N\N2573.jpg,N,train
..\..\data\raw\asl_alphabet\train\J\J1677.jpg,J,train
..\..\data\raw\asl_alphabet\train\J\J2520.jpg,J,train
..\..\data\raw\asl_alphabet\train\Y\Y2731.jpg,Y,train
..\..\data\raw\asl_alphabet\train\Q\Q1284.jpg,Q,train
..\..\data\raw\asl_alphabet\train\X\X2522.jpg,X,train
..\..\data\raw\asl_alphabet\train\E\E117.jpg,E,train
..\..\data\raw\asl_alphabet\train\W\W1895.jpg,W,train
..\..\data\raw\asl_alphabet\train\T\T2799.jpg,T,train
..\..\data\raw\asl_alphabet\train\A\A2566.jpg,A,train
..\..\data\raw\asl_alphabet\train\I\I1152.jpg,I,train
..\..\data\raw\asl_alphabet\train\G\G2110.jpg,G,train
..\..\data\raw\asl_alphabet\train\X\X269.jpg,X,train
..\..\data\raw\asl_alphabet\train\A\A1400.jpg,A,train
..\..\data\raw\asl_alphabet\train\C\C610.jpg,C,train
..\..\data\raw\asl_alphabet\train\S\S132.jpg,S,train
..\..\data\raw\asl_alphabet\train\H\H598.jpg,H,train
..\..\data\raw\asl_alphabet\train\U\U2514.jpg,U,train
..\..\data\raw\asl_alphabet\train\N\N2937.jpg,N,train
..\..\data\raw\asl_alphabet\train\W\W1055.jpg,W,train
..\..\data\raw\asl_alphabet\train\del\del1381.jpg,del,train
..\..\data\raw\asl_alphabet\train\G\G489.jpg,G,train
..\..\data\raw\asl_alphabet\train\M\M898.jpg,M,train
..\..\data\raw\asl_alphabet\train\P\P2261.jpg,P,train
..\..\data\raw\asl_alphabet\train\Y\Y2382.jpg,Y,train
..\..\data\raw\asl_alphabet\train\V\V2024.jpg,V,train
..\..\data\raw\asl_alphabet\train\A\A1185.jpg,A,train
..\..\data\raw\asl_alphabet\train\I\I915.jpg,I,train
..\..\data\raw\asl_alphabet\train\Q\Q2680.jpg,Q,train
..\..\data\raw\asl_alphabet\train\U\U312.jpg,U,train
..\..\data\raw\asl_alphabet\train\J\J608.jpg,J,train
..\..\data\raw\asl_alphabet\train\P\P2446.jpg,P,train
..\..\data\raw\asl_alphabet\train\C\C787.jpg,C,train
..\..\data\raw\asl_alphabet\train\Z\Z1520.jpg,Z,train
..\..\data\raw\asl_alphabet\train\L\L2820.jpg,L,train
..\..\data\raw\asl_alphabet\train\G\G186.jpg,G,train
..\..\data\raw\asl_alphabet\train\Z\Z1102.jpg,Z,train
..\..\data\raw\asl_alphabet\train\space\space58.jpg,space,train
..\..\data\raw\asl_alphabet\train\N\N1818.jpg,N,train
..\..\data\raw\asl_alphabet\train\Z\Z635.jpg,Z,train
..\..\data\raw\asl_alphabet\train\T\T36.jpg,T,train
..\..\data\raw\asl_alphabet\train\C\C1299.jpg,C,train
..\..\data\raw\asl_alphabet\train\D\D2913.jpg,D,train
..\..\data\raw\asl_alphabet\train\H\H722.jpg,H,train
..\..\data\raw\asl_alphabet\train\I\I409.jpg,I,train
..\..\data\raw\asl_alphabet\train\R\R2199.jpg,R,train
..\..\data\raw\asl_alphabet\train\B\B511.jpg,B,train
..\..\data\raw\asl_alphabet\train\del\del2447.jpg,del,train
..\..\data\raw\asl_alphabet\train\L\L1654.jpg,L,train
..\..\data\raw\asl_alphabet\train\D\D2839.jpg,D,train
..\..\data\raw\asl_alphabet\train\U\U2760.jpg,U,train
..\..\data\raw\asl_alphabet\train\Y\Y1650.jpg,Y,train
..\..\data\raw\asl_alphabet\train\W\W2622.jpg,W,train
..\..\data\raw\asl_alphabet\train\S\S1302.jpg,S,train
..\..\data\raw\asl_alphabet\train\P\P2843.jpg,P,train
..\..\data\raw\asl_alphabet\train\del\del1706.jpg,del,train
..\..\data\raw\asl_alphabet\train\I\I39.jpg,I,train
..\..\data\raw\asl_alphabet\train\J\J559.jpg,J,train
..\..\data\raw\asl_alphabet\train\Z\Z2619.jpg,Z,train
..\..\data\raw\asl_alphabet\train\H\H1829.jpg,H,train
..\..\data\raw\asl_alphabet\train\S\S2557.jpg,S,train
..\..\data\raw\asl_alphabet\train\J\J1033.jpg,J,train
..\..\data\raw\asl_alphabet\train\M\M178.jpg,M,train
..\..\data\raw\asl_alphabet\train\J\J2552.jpg,J,train
..\..\data\raw\asl_alphabet\train\Y\Y1947.jpg,Y,train
..\..\data\raw\asl_alphabet\train\X\X98.jpg,X,train
..\..\data\raw\asl_alphabet\train\Y\Y842.jpg,Y,train
..\..\data\raw\asl_alphabet\train\H\H317.jpg,H,train
..\..\data\raw\asl_alphabet\train\E\E2254.jpg,E,train
..\..\data\raw\asl_alphabet\train\X\X1868.jpg,X,train
..\..\data\raw\asl_alphabet\train\C\C2618.jpg,C,train
..\..\data\raw\asl_alphabet\train\Z\Z2175.jpg,Z,train
..\..\data\raw\asl_alphabet\train\A\A2968.jpg,A,train
..\..\data\raw\asl_alphabet\train\S\S1772.jpg,S,train
..\..\data\raw\asl_alphabet\train\nothing\nothing2160.jpg,nothing,train
..\..\data\raw\asl_alphabet\train\space\space777.jpg,space,train
..\..\data\raw\asl_alphabet\train\I\I2954.jpg,I,train
..\..\data\raw\asl_alphabet\train\P\P2568.jpg,P,train
..\..\data\raw\asl_alphabet\train\F\F1608.jpg,F,train
..\..\data\raw\asl_alphabet\train\A\A753.jpg,A,train
..\..\data\raw\asl_alphabet\train\D\D1201.jpg,D,train
..\..\data\raw\asl_alphabet\train\U\U268.jpg,U,train
..\..\data\raw\asl_alphabet\train\P\P1985.jpg,P,train
..\..\data\raw\asl_alphabet\train\V\V456.jpg,V,train
..\..\data\raw\asl_alphabet\train\D\D2876.jpg,D,train
..\..\data\raw\asl_alphabet\train\K\K2756.jpg,K,train
..\..\data\raw\asl_alphabet\train\E\E2225.jpg,E,train
..\..\data\raw\asl_alphabet\train\V\V310.jpg,V,train
..\..\data\raw\asl_alphabet\train\M\M1876.jpg,M,train
..\..\data\raw\asl_alphabet\train\H\H651.jpg,H,train
..\..\data\raw\asl_alphabet\train\del\del1298.jpg,del,train
..\..\data\raw\asl_alphabet\train\K\K629.jpg,K,train
..\..\data\raw\asl_alphabet\train\V\V2384.jpg,V,train
..\..\data\raw\asl_alphabet\train\space\space865.jpg,space,train
..\..\data\raw\asl_alphabet\train\I\I1133.jpg,I,train
..\..\data\raw\asl_alphabet\train\space\space2688.jpg,space,train
..\..\data\raw\asl_alphabet\train\U\U182.jpg,U,train
..\..\data\raw\asl_alphabet\train\U\U2581.jpg,U,train
..\..\data\raw\asl_alphabet\train\C\C2572.jpg,C,train
..\..\data\raw\asl_alphabet\train\W\W570.jpg,W,train
..\..\data\raw\asl_alphabet\train\O\O2793.jpg,O,train
..\..\data\raw\asl_alphabet\train\E\E2687.jpg,E,train
..\..\data\raw\asl_alphabet\train\K\K1734.jpg,K,train
..\..\data\raw\asl_alphabet\train\G\G606.jpg,G,train
..\..\data\raw\asl_alphabet\train\C\C1977.jpg,C,train
..\..\data\raw\asl_alphabet\train\M\M1818.jpg,M,train
..\..\data\raw\asl_alphabet\train\N\N1439.jpg,N,train
..\..\data\raw\asl_alphabet\train\Q\Q948.jpg,Q,train
..\..\data\raw\asl_alphabet\train\X\X1558.jpg,X,train
..\..\data\raw\asl_alphabet\train\O\O2021.jpg,O,train
..\..\data\raw\asl_alphabet\train\X\X191.jpg,X,train
..\..\data\raw\asl_alphabet\train\O\O115.jpg,O,train
..\..\data\raw\asl_alphabet\train\U\U1447.jpg,U,train
..\..\data\raw\asl_alphabet\train\B\B2811.jpg,B,train
..\..\data\raw\asl_alphabet\train\P\P990.jpg,P,train
..\..\data\raw\asl_alphabet\train\G\G713.jpg,G,train
..\..\data\raw\asl_alphabet\train\Q\Q191.jpg,Q,train
..\..\data\raw\asl_alphabet\train\T\T863.jpg,T,train
..\..\data\raw\asl_alphabet\train\R\R1649.jpg,R,train
..\..\data\raw\asl_alphabet\train\U\U766.jpg,U,train
..\..\data\raw\asl_alphabet\train\P\P837.jpg,P,train
..\..\data\raw\asl_alphabet\train\L\L917.jpg,L,train
..\..\data\raw\asl_alphabet\train\W\W1958.jpg,W,train
..\..\data\raw\asl_alphabet\train\space\space1679.jpg,space,train
..\..\data\raw\asl_alphabet\train\T\T2327.jpg,T,train
..\..\data\raw\asl_alphabet\train\S\S619.jpg,S,train
..\..\data\raw\asl_alphabet\train\W\W2242.jpg,W,train
..\..\data\raw\asl_alphabet\train\M\M523.jpg,M,train
..\..\data\raw\asl_alphabet\train\N\N2826.jpg,N,train
..\..\data\raw\asl_alphabet\train\C\C2059.jpg,C,train
..\..\data\raw\asl_alphabet\train\S\S2913.jpg,S,train
..\..\data\raw\asl_alphabet\train\X\X2458.jpg,X,train
..\..\data\raw\asl_alphabet\train\I\I2797.jpg,I,train
..\..\data\raw\asl_alphabet\train\del\del729.jpg,del,train
..\..\data\raw\asl_alphabet\train\J\J2531.jpg,J,train
..\..\data\raw\asl_alphabet\train\K\K2707.jpg,K,train
..\..\data\raw\asl_alphabet\train\H\H2088.jpg,H,train
..\..\data\raw\asl_alphabet\train\O\O2287.jpg,O,train
..\..\data\raw\asl_alphabet\train\space\space1584.jpg,space,train
..\..\data\raw\asl_alphabet\train\Z\Z921.jpg,Z,train
..\..\data\raw\asl_alphabet\train\V\V2628.jpg,V,train
..\..\data\raw\asl_alphabet\train\N\N2606.jpg,N,train
..\..\data\raw\asl_alphabet\train\T\T16.jpg,T,train
..\..\data\raw\asl_alphabet\train\E\E1570.jpg,E,train
..\..\data\raw\asl_alphabet\train\S\S2767.jpg,S,train
..\..\data\raw\asl_alphabet\train\I\I2420.jpg,I,train
..\..\data\raw\asl_alphabet\train\I\I1381.jpg,I,train
..\..\data\raw\asl_alphabet\train\Y\Y1586.jpg,Y,train
..\..\data\raw\asl_alphabet\train\D\D373.jpg,D,train
..\..\data\raw\asl_alphabet\train\space\space937.jpg,space,train
..\..\data\raw\asl_alphabet\train\T\T1283.jpg,T,train
..\..\data\raw\asl_alphabet\train\X\X1036.jpg,X,train
..\..\data\raw\asl_alphabet\train\O\O820.jpg,O,train
..\..\data\raw\asl_alphabet\train\A\A1881.jpg,A,train
..\..\data\raw\asl_alphabet\train\V\V2870.jpg,V,train
..\..\data\raw\asl_alphabet\train\M\M2249.jpg,M,train
..\..\data\raw\asl_alphabet\train\M\M2086.jpg,M,train
..\..\data\raw\asl_alphabet\train\U\U434.jpg,U,train
..\..\data\raw\asl_alphabet\train\Q\Q678.jpg,Q,train
..\..\data\raw\asl_alphabet\train\J\J1028.jpg,J,train
..\..\data\raw\asl_alphabet\train\A\A2233.jpg,A,train
..\..\data\raw\asl_alphabet\train\U\U2277.jpg,U,train
..\..\data\raw\asl_alphabet\train\V\V49.jpg,V,train
..\..\data\raw\asl_alphabet\train\N\N72.jpg,N,train
..\..\data\raw\asl_alphabet\train\G\G1578.jpg,G,train
..\..\data\raw\asl_alphabet\train\del\del2563.jpg,del,train
..\..\data\raw\asl_alphabet\train\M\M1641.jpg,M,train
..\..\data\raw\asl_alphabet\train\J\J2811.jpg,J,train
..\..\data\raw\asl_alphabet\train\Y\Y1573.jpg,Y,train
..\..\data\raw\asl_alphabet\train\I\I2852.jpg,I,train
..\..\data\raw\asl_alphabet\train\W\W1161.jpg,W,train
..\..\data\raw\asl_alphabet\train\F\F810.jpg,F,train
..\..\data\raw\asl_alphabet\train\D\D899.jpg,D,train
..\..\data\raw\asl_alphabet\train\D\D208.jpg,D,train
..\..\data\raw\asl_alphabet\train\space\space351.jpg,space,train
..\..\data\raw\asl_alphabet\train\S\S2267.jpg,S,train
..\..\data\raw\asl_alphabet\train\Q\Q2124.jpg,Q,train
..\..\data\raw\asl_alphabet\train\M\M94.jpg,M,train
..\..\data\raw\asl_alphabet\train\Q\Q1195.jpg,Q,train
..\..\data\raw\asl_alphabet\train\X\X278.jpg,X,train
..\..\data\raw\asl_alphabet\train\Q\Q1033.jpg,Q,train
..\..\data\raw\asl_alphabet\train\B\B786.jpg,B,train
..\..\data\raw\asl_alphabet\train\K\K711.jpg,K,train
..\..\data\raw\asl_alphabet\train\G\G2254.jpg,G,train
..\..\data\raw\asl_alphabet\train\P\P508.jpg,P,train
..\..\data\raw\asl_alphabet\train\P\P2448.jpg,P,train
..\..\data\raw\asl_alphabet\train\I\I852.jpg,I,train
..\..\data\raw\asl_alphabet\train\nothing\nothing2098.jpg,nothing,train
..\..\data\raw\asl_alphabet\train\F\F2354.jpg,F,train
..\..\data\raw\asl_alphabet\train\D\D682.jpg,D,train
..\..\data\raw\asl_alphabet\train\X\X2666.jpg,X,train
..\..\data\raw\asl_alphabet\train\J\J1071.jpg,J,train
..\..\data\raw\asl_alphabet\train\E\E2325.jpg,E,train
..\..\data\raw\asl_alphabet\train\F\F1520.jpg,F,train
..\..\data\raw\asl_alphabet\train\K\K1559.jpg,K,train
..\..\data\raw\asl_alphabet\train\V\V1886.jpg,V,train
..\..\data\raw\asl_alphabet\train\J\J903.jpg,J,train
..\..\data\raw\asl_alphabet\train\K\K408.jpg,K,train
..\..\data\raw\asl_alphabet\train\space\space415.jpg,space,train
..\..\data\raw\asl_alphabet\train\del\del1059.jpg,del,train
..\..\data\raw\asl_alphabet\train\J\J1949.jpg,J,train
..\..\data\raw\asl_alphabet\train\X\X355.jpg,X,train
..\..\data\raw\asl_alphabet\train\N\N1925.jpg,N,train
..\..\data\raw\asl_alphabet\train\J\J342.jpg,J,train
..\..\data\raw\asl_alphabet\train\I\I109.jpg,I,train
..\..\data\raw\asl_alphabet\train\space\space411.jpg,space,train
..\..\data\raw\asl_alphabet\train\I\I218.jpg,I,train
..\..\data\raw\asl_alphabet\train\U\U2886.jpg,U,train
..\..\data\raw\asl_alphabet\train\D\D2234.jpg,D,train
..\..\data\raw\asl_alphabet\train\M\M2128.jpg,M,train
..\..\data\raw\asl_alphabet\train\N\N370.jpg,N,train
..\..\data\raw\asl_alphabet\train\D\D2119.jpg,D,train
..\..\data\raw\asl_alphabet\train\B\B1356.jpg,B,train
..\..\data\raw\asl_alphabet\train\X\X468.jpg,X,train
..\..\data\raw\asl_alphabet\train\X\X2013.jpg,X,train
..\..\data\raw\asl_alphabet\train\B\B2682.jpg,B,train
..\..\data\raw\asl_alphabet\train\P\P249.jpg,P,train
..\..\data\raw\asl_alphabet\train\N\N1134.jpg,N,train
..\..\data\raw\asl_alphabet\train\L\L1327.jpg,L,train
..\..\data\raw\asl_alphabet\train\F\F2927.jpg,F,train
..\..\data\raw\asl_alphabet\train\J\J1414.jpg,J,train
..\..\data\raw\asl_alphabet\train\del\del808.jpg,del,train
..\..\data\raw\asl_alphabet\train\F\F2614.jpg,F,train
..\..\data\raw\asl_alphabet\train\K\K1563.jpg,K,train
..\..\data\raw\asl_alphabet\train\M\M2963.jpg,M,train
..\..\data\raw\asl_alphabet\train\Q\Q671.jpg,Q,train
..\..\data\raw\asl_alphabet\train\space\space111.jpg,space,train
..\..\data\raw\asl_alphabet\train\D\D2355.jpg,D,train
..\..\data\raw\asl_alphabet\train\C\C1347.jpg,C,train
..\..\data\raw\asl_alphabet\train\S\S1379.jpg,S,train
..\..\data\raw\asl_alphabet\train\Y\Y448.jpg,Y,train
..\..\data\raw\asl_alphabet\train\C\C1165.jpg,C,train
..\..\data\raw\asl_alphabet\train\W\W2082.jpg,W,train
..\..\data\raw\asl_alphabet\train\P\P902.jpg,P,train
..\..\data\raw\asl_alphabet\train\M\M1519.jpg,M,train
..\..\data\raw\asl_alphabet\train\Q\Q2317.jpg,Q,train
..\..\data\raw\asl_alphabet\train\K\K605.jpg,K,train
..\..\data\raw\asl_alphabet\train\M\M455.jpg,M,train
..\..\data\raw\asl_alphabet\train\K\K2427.jpg,K,train
..\..\data\raw\asl_alphabet\train\space\space530.jpg,space,train
..\..\data\raw\asl_alphabet\train\B\B899.jpg,B,train
..\..\data\raw\asl_alphabet\train\L\L821.jpg,L,train
..\..\data\raw\asl_alphabet\train\M\M684.jpg,M,train
..\..\data\raw\asl_alphabet\train\I\I244.jpg,I,train
..\..\data\raw\asl_alphabet\train\F\F190.jpg,F,train
..\..\data\raw\asl_alphabet\train\Q\Q2837.jpg,Q,train
..\..\data\raw\asl_alphabet\train\W\W2758.jpg,W,train
..\..\data\raw\asl_alphabet\train\E\E2219.jpg,E,train
..\..\data\raw\asl_alphabet\train\R\R535.jpg,R,train
..\..\data\raw\asl_alphabet\train\Y\Y1065.jpg,Y,train
..\..\data\raw\asl_alphabet\train\Q\Q2553.jpg,Q,train
..\..\data\raw\asl_alphabet\train\M\M2329.jpg,M,train
..\..\data\raw\asl_alphabet\train\L\L1136.jpg,L,train
..\..\data\raw\asl_alphabet\train\B\B1728.jpg,B,train
..\..\data\raw\asl_alphabet\train\S\S2801.jpg,S,train
..\..\data\raw\asl_alphabet\train\W\W2506.jpg,W,train
..\..\data\raw\asl_alphabet\train\T\T2444.jpg,T,train
..\..\data\raw\asl_alphabet\train\space\space2071.jpg,space,train
..\..\data\raw\asl_alphabet\train\Y\Y2803.jpg,Y,train
..\..\data\raw\asl_alphabet\train\R\R1053.jpg,R,train
..\..\data\raw\asl_alphabet\train\J\J1293.jpg,J,train
..\..\data\raw\asl_alphabet\train\nothing\nothing2310.jpg,nothing,train
..\..\data\raw\asl_alphabet\train\M\M1564.jpg,M,train
..\..\data\raw\asl_alphabet\train\X\X1693.jpg,X,train
..\..\data\raw\asl_alphabet\train\T\T2848.jpg,T,train
..\..\data\raw\asl_alphabet\train\H\H1207.jpg,H,train
..\..\data\raw\asl_alphabet\train\N\N2294.jpg,N,train
..\..\data\raw\asl_alphabet\train\nothing\nothing598.jpg,nothing,train
..\..\data\raw\asl_alphabet\train\P\P2008.jpg,P,train
..\..\data\raw\asl_alphabet\train\Q\Q27.jpg,Q,train
..\..\data\raw\asl_alphabet\train\D\D1635.jpg,D,train
..\..\data\raw\asl_alphabet\train\O\O1406.jpg,O,train
..\..\data\raw\asl_alphabet\train\P\P2211.jpg,P,train
..\..\data\raw\asl_alphabet\train\R\R1190.jpg,R,train
..\..\data\raw\asl_alphabet\train\C\C1349.jpg,C,train
..\..\data\raw\asl_alphabet\train\D\D773.jpg,D,train
..\..\data\raw\asl_alphabet\train\T\T2566.jpg,T,train
..\..\data\raw\asl_alphabet\train\B\B970.jpg,B,train
..\..\data\raw\asl_alphabet\train\del\del2764.jpg,del,train
..\..\data\raw\asl_alphabet\train\P\P211.jpg,P,train
..\..\data\raw\asl_alphabet\train\P\P1905.jpg,P,train
..\..\data\raw\asl_alphabet\train\F\F2670.jpg,F,train
..\..\data\raw\asl_alphabet\train\F\F2065.jpg,F,train
..\..\data\raw\asl_alphabet\train\M\M2828.jpg,M,train
..\..\data\raw\asl_alphabet\train\I\I2979.jpg,I,train
..\..\data\raw\asl_alphabet\train\R\R1714.jpg,R,train
..\..\data\raw\asl_alphabet\train\nothing\nothing2263.jpg,nothing,train
..\..\data\raw\asl_alphabet\train\Z\Z2892.jpg,Z,train
..\..\data\raw\asl_alphabet\train\S\S2898.jpg,S,train
..\..\data\raw\asl_alphabet\train\M\M1645.jpg,M,train
..\..\data\raw\asl_alphabet\train\P\P1535.jpg,P,train
..\..\data\raw\asl_alphabet\train\space\space1634.jpg,space,train
..\..\data\raw\asl_alphabet\train\D\D1446.jpg,D,train
..\..\data\raw\asl_alphabet\train\R\R981.jpg,R,train
..\..\data\raw\asl_alphabet\train\H\H821.jpg,H,train
..\..\data\raw\asl_alphabet\train\U\U266.jpg,U,train
..\..\data\raw\asl_alphabet\train\J\J2393.jpg,J,train
..\..\data\raw\asl_alphabet\train\space\space2426.jpg,space,train
..\..\data\raw\asl_alphabet\train\K\K2189.jpg,K,train
..\..\data\raw\asl_alphabet\train\K\K2524.jpg,K,train
..\..\data\raw\asl_alphabet\train\Y\Y853.jpg,Y,train
..\..\data\raw\asl_alphabet\train\T\T1001.jpg,T,train
..\..\data\raw\asl_alphabet\train\Q\Q574.jpg,Q,train
..\..\data\raw\asl_alphabet\train\T\T1430.jpg,T,train
..\..\data\raw\asl_alphabet\train\space\space1805.jpg,space,train
..\..\data\raw\asl_alphabet\train\del\del343.jpg,del,train
..\..\data\raw\asl_alphabet\train\P\P2248.jpg,P,train
..\..\data\raw\asl_alphabet\train\N\N1311.jpg,N,train
..\..\data\raw\asl_alphabet\train\B\B2567.jpg,B,train
..\..\data\raw\asl_alphabet\train\G\G2454.jpg,G,train
..\..\data\raw\asl_alphabet\train\space\space2476.jpg,space,train
..\..\data\raw\asl_alphabet\train\L\L2603.jpg,L,train
..\..\data\raw\asl_alphabet\train\A\A1221.jpg,A,train
..\..\data\raw\asl_alphabet\train\R\R137.jpg,R,train
..\..\data\raw\asl_alphabet\train\A\A2671.jpg,A,train
..\..\data\raw\asl_alphabet\train\nothing\nothing323.jpg,nothing,train
..\..\data\raw\asl_alphabet\train\M\M2213.jpg,M,train
..\..\data\raw\asl_alphabet\train\M\M1611.jpg,M,train
..\..\data\raw\asl_alphabet\train\del\del2531.jpg,del,train
..\..\data\raw\asl_alphabet\train\X\X1130.jpg,X,train
..\..\data\raw\asl_alphabet\train\L\L1260.jpg,L,train
..\..\data\raw\asl_alphabet\train\F\F2439.jpg,F,train
..\..\data\raw\asl_alphabet\train\J\J2987.jpg,J,train
..\..\data\raw\asl_alphabet\train\space\space1366.jpg,space,train
..\..\data\raw\asl_alphabet\train\S\S2292.jpg,S,train
..\..\data\raw\asl_alphabet\train\R\R2754.jpg,R,train
..\..\data\raw\asl_alphabet\train\H\H1503.jpg,H,train
..\..\data\raw\asl_alphabet\train\H\H1514.jpg,H,train
..\..\data\raw\asl_alphabet\train\H\H1922.jpg,H,train
..\..\data\raw\asl_alphabet\train\N\N1684.jpg,N,train
..\..\data\raw\asl_alphabet\train\A\A2080.jpg,A,train
..\..\data\raw\asl_alphabet\train\I\I84.jpg,I,train
..\..\data\raw\asl_alphabet\train\F\F463.jpg,F,train
..\..\data\raw\asl_alphabet\train\W\W546.jpg,W,train
..\..\data\raw\asl_alphabet\train\nothing\nothing2721.jpg,nothing,train
..\..\data\raw\asl_alphabet\train\N\N187.jpg,N,train
..\..\data\raw\asl_alphabet\train\E\E1032.jpg,E,train
..\..\data\raw\asl_alphabet\train\A\A109.jpg,A,train
..\..\data\raw\asl_alphabet\train\Q\Q32.jpg,Q,train
..\..\data\raw\asl_alphabet\train\B\B2029.jpg,B,train
..\..\data\raw\asl_alphabet\train\nothing\nothing2190.jpg,nothing,train
..\..\data\raw\asl_alphabet\train\space\space886.jpg,space,train
..\..\data\raw\asl_alphabet\train\Y\Y1218.jpg,Y,train
..\..\data\raw\asl_alphabet\train\space\space2302.jpg,space,train
..\..\data\raw\asl_alphabet\train\J\J764.jpg,J,train
..\..\data\raw\asl_alphabet\train\V\V668.jpg,V,train
..\..\data\raw\asl_alphabet\train\R\R1123.jpg,R,train
..\..\data\raw\asl_alphabet\train\J\J2337.jpg,J,train
..\..\data\raw\asl_alphabet\train\B\B849.jpg,B,train
..\..\data\raw\asl_alphabet\train\Z\Z2192.jpg,Z,train
..\..\data\raw\asl_alphabet\train\D\D2823.jpg,D,train
..\..\data\raw\asl_alphabet\train\O\O2134.jpg,O,train
..\..\data\raw\asl_alphabet\train\L\L778.jpg,L,train
..\..\data\raw\asl_alphabet\train\M\M729.jpg,M,train
..\..\data\raw\asl_alphabet\train\R\R2653.jpg,R,train
..\..\data\raw\asl_alphabet\train\P\P2331.jpg,P,train
..\..\data\raw\asl_alphabet\train\T\T9.jpg,T,train
..\..\data\raw\asl_alphabet\train\C\C2415.jpg,C,train
..\..\data\raw\asl_alphabet\train\P\P2009.jpg,P,train
..\..\data\raw\asl_alphabet\train\X\X422.jpg,X,train
..\..\data\raw\asl_alphabet\train\Z\Z1772.jpg,Z,train
..\..\data\raw\asl_alphabet\train\J\J988.jpg,J,train
..\..\data\raw\asl_alphabet\train\Z\Z2858.jpg,Z,train
..\..\data\raw\asl_alphabet\train\U\U2546.jpg,U,train
..\..\data\raw\asl_alphabet\train\P\P892.jpg,P,train
..\..\data\raw\asl_alphabet\train\K\K2574.jpg,K,train
..\..\data\raw\asl_alphabet\train\C\C2228.jpg,C,train
..\..\data\raw\asl_alphabet\train\N\N2436.jpg,N,train
..\..\data\raw\asl_alphabet\train\V\V1520.jpg,V,train
..\..\data\raw\asl_alphabet\train\G\G2168.jpg,G,train
..\..\data\raw\asl_alphabet\train\V\V867.jpg,V,train
..\..\data\raw\asl_alphabet\train\R\R1810.jpg,R,train
..\..\data\raw\asl_alphabet\train\S\S1468.jpg,S,train
..\..\data\raw\asl_alphabet\train\Y\Y2394.jpg,Y,train
..\..\data\raw\asl_alphabet\train\Z\Z1722.jpg,Z,train
..\..\data\raw\asl_alphabet\train\P\P1272.jpg,P,train
..\..\data\raw\asl_alphabet\train\Y\Y1825.jpg,Y,train
..\..\data\raw\asl_alphabet\train\R\R1152.jpg,R,train
..\..\data\raw\asl_alphabet\train\F\F796.jpg,F,train
..\..\data\raw\asl_alphabet\train\A\A2571.jpg,A,train
..\..\data\raw\asl_alphabet\train\V\V1433.jpg,V,train
..\..\data\raw\asl_alphabet\train\P\P95.jpg,P,train
..\..\data\raw\asl_alphabet\train\M\M1201.jpg,M,train
..\..\data\raw\asl_alphabet\train\space\space2510.jpg,space,train
..\..\data\raw\asl_alphabet\train\O\O2711.jpg,O,train
..\..\data\raw\asl_alphabet\train\V\V802.jpg,V,train
..\..\data\raw\asl_alphabet\train\F\F104.jpg,F,train
..\..\data\raw\asl_alphabet\train\J\J108.jpg,J,train
..\..\data\raw\asl_alphabet\train\space\space2964.jpg,space,train
..\..\data\raw\asl_alphabet\train\J\J2731.jpg,J,train
..\..\data\raw\asl_alphabet\train\space\space2257.jpg,space,train
..\..\data\raw\asl_alphabet\train\T\T1663.jpg,T,train
..\..\data\raw\asl_alphabet\train\X\X1280.jpg,X,train
..\..\data\raw\asl_alphabet\train\F\F1522.jpg,F,train
..\..\data\raw\asl_alphabet\train\I\I729.jpg,I,train
..\..\data\raw\asl_alphabet\train\Z\Z2780.jpg,Z,train
..\..\data\raw\asl_alphabet\train\H\H1289.jpg,H,train
..\..\data\raw\asl_alphabet\train\J\J657.jpg,J,train
..\..\data\raw\asl_alphabet\train\O\O2815.jpg,O,train
..\..\data\raw\asl_alphabet\train\Q\Q79.jpg,Q,train
..\..\data\raw\asl_alphabet\train\T\T2139.jpg,T,train
..\..\data\raw\asl_alphabet\train\J\J423.jpg,J,train
..\..\data\raw\asl_alphabet\train\K\K2678.jpg,K,train
..\..\data\raw\asl_alphabet\train\E\E1333.jpg,E,train
..\..\data\raw\asl_alphabet\train\N\N2315.jpg,N,train
..\..\data\raw\asl_alphabet\train\C\C83.jpg,C,train
..\..\data\raw\asl_alphabet\train\X\X808.jpg,X,train
..\..\data\raw\asl_alphabet\train\S\S1513.jpg,S,train
..\..\data\raw\asl_alphabet\train\W\W1996.jpg,W,train
..\..\data\raw\asl_alphabet\train\H\H2271.jpg,H,train
..\..\data\raw\asl_alphabet\train\Y\Y2197.jpg,Y,train
..\..\data\raw\asl_alphabet\train\space\space1906.jpg,space,train
..\..\data\raw\asl_alphabet\train\L\L43.jpg,L,train
..\..\data\raw\asl_alphabet\train\B\B878.jpg,B,train
..\..\data\raw\asl_alphabet\train\nothing\nothing345.jpg,nothing,train
..\..\data\raw\asl_alphabet\train\I\I23.jpg,I,train
..\..\data\raw\asl_alphabet\train\C\C2791.jpg,C,train
..\..\data\raw\asl_alphabet\train\G\G472.jpg,G,train
..\..\data\raw\asl_alphabet\train\V\V1096.jpg,V,train
..\..\data\raw\asl_alphabet\train\del\del1904.jpg,del,train
..\..\data\raw\asl_alphabet\train\V\V1100.jpg,V,train
..\..\data\raw\asl_alphabet\train\J\J1746.jpg,J,train
..\..\data\raw\asl_alphabet\train\X\X2704.jpg,X,train
..\..\data\raw\asl_alphabet\train\C\C224.jpg,C,train
..\..\data\raw\asl_alphabet\train\A\A1607.jpg,A,train
..\..\data\raw\asl_alphabet\train\J\J1103.jpg,J,train
..\..\data\raw\asl_alphabet\train\space\space504.jpg,space,train
..\..\data\raw\asl_alphabet\train\S\S755.jpg,S,train
..\..\data\raw\asl_alphabet\train\C\C390.jpg,C,train
..\..\data\raw\asl_alphabet\train\L\L2880.jpg,L,train
..\..\data\raw\asl_alphabet\train\D\D2635.jpg,D,train
..\..\data\raw\asl_alphabet\train\H\H2508.jpg,H,train
..\..\data\raw\asl_alphabet\train\N\N2830.jpg,N,train
..\..\data\raw\asl_alphabet\train\N\N808.jpg,N,train
..\..\data\raw\asl_alphabet\train\J\J2265.jpg,J,train
..\..\data\raw\asl_alphabet\train\P\P840.jpg,P,train
..\..\data\raw\asl_alphabet\train\nothing\nothing742.jpg,nothing,train
..\..\data\raw\asl_alphabet\train\E\E1847.jpg,E,train
..\..\data\raw\asl_alphabet\train\P\P2917.jpg,P,train
..\..\data\raw\asl_alphabet\train\Z\Z2544.jpg,Z,train
..\..\data\raw\asl_alphabet\train\M\M2438.jpg,M,train
..\..\data\raw\asl_alphabet\train\M\M1731.jpg,M,train
..\..\data\raw\asl_alphabet\train\G\G748.jpg,G,train
..\..\data\raw\asl_alphabet\train\W\W2962.jpg,W,train
..\..\data\raw\asl_alphabet\train\M\M1855.jpg,M,train
..\..\data\raw\asl_alphabet\train\X\X1076.jpg,X,train
..\..\data\raw\asl_alphabet\train\T\T2764.jpg,T,train
..\..\data\raw\asl_alphabet\train\T\T747.jpg,T,train
..\..\data\raw\asl_alphabet\train\Q\Q989.jpg,Q,train
..\..\data\raw\asl_alphabet\train\T\T930.jpg,T,train
..\..\data\raw\asl_alphabet\train\W\W2970.jpg,W,train
..\..\data\raw\asl_alphabet\train\X\X2867.jpg,X,train
..\..\data\raw\asl_alphabet\train\W\W1162.jpg,W,train
..\..\data\raw\asl_alphabet\train\O\O1326.jpg,O,train
..\..\data\raw\asl_alphabet\train\I\I2795.jpg,I,train
..\..\data\raw\asl_alphabet\train\T\T1550.jpg,T,train
..\..\data\raw\asl_alphabet\train\Y\Y1371.jpg,Y,train
..\..\data\raw\asl_alphabet\train\G\G2475.jpg,G,train
..\..\data\raw\asl_alphabet\train\Y\Y2601.jpg,Y,train
..\..\data\raw\asl_alphabet\train\G\G728.jpg,G,train
..\..\data\raw\asl_alphabet\train\I\I1495.jpg,I,train
..\..\data\raw\asl_alphabet\train\Q\Q328.jpg,Q,train
..\..\data\raw\asl_alphabet\train\L\L2495.jpg,L,train
..\..\data\raw\asl_alphabet\train\F\F427.jpg,F,train
..\..\data\raw\asl_alphabet\train\O\O2046.jpg,O,train
..\..\data\raw\asl_alphabet\train\P\P1463.jpg,P,train
..\..\data\raw\asl_alphabet\train\W\W1423.jpg,W,train
..\..\data\raw\asl_alphabet\train\I\I903.jpg,I,train
..\..\data\raw\asl_alphabet\train\B\B1099.jpg,B,train
..\..\data\raw\asl_alphabet\train\K\K1850.jpg,K,train
..\..\data\raw\asl_alphabet\train\N\N2561.jpg,N,train
..\..\data\raw\asl_alphabet\train\Y\Y1899.jpg,Y,train
..\..\data\raw\asl_alphabet\train\D\D1058.jpg,D,train
..\..\data\raw\asl_alphabet\train\C\C1110.jpg,C,train
..\..\data\raw\asl_alphabet\train\W\W714.jpg,W,train
..\..\data\raw\asl_alphabet\train\N\N644.jpg,N,train
..\..\data\raw\asl_alphabet\train\D\D989.jpg,D,train
..\..\data\raw\asl_alphabet\train\D\D2563.jpg,D,train
..\..\data\raw\asl_alphabet\train\nothing\nothing2003.jpg,nothing,train
..\..\data\raw\asl_alphabet\train\M\M2121.jpg,M,train
..\..\data\raw\asl_alphabet\train\space\space737.jpg,space,train
..\..\data\raw\asl_alphabet\train\Q\Q336.jpg,Q,train
..\..\data\raw\asl_alphabet\train\G\G391.jpg,G,train
..\..\data\raw\asl_alphabet\train\V\V2905.jpg,V,train
..\..\data\raw\asl_alphabet\train\V\V2913.jpg,V,train
..\..\data\raw\asl_alphabet\train\A\A2377.jpg,A,train
..\..\data\raw\asl_alphabet\train\D\D1471.jpg,D,train
..\..\data\raw\asl_alphabet\train\Z\Z1033.jpg,Z,train
..\..\data\raw\asl_alphabet\train\K\K1291.jpg,K,train
..\..\data\raw\asl_alphabet\train\A\A256.jpg,A,train
..\..\data\raw\asl_alphabet\train\Q\Q1654.jpg,Q,train
..\..\data\raw\asl_alphabet\train\X\X2726.jpg,X,train
..\..\data\raw\asl_alphabet\train\X\X483.jpg,X,train
..\..\data\raw\asl_alphabet\train\C\C1795.jpg,C,train
..\..\data\raw\asl_alphabet\train\X\X2891.jpg,X,train
..\..\data\raw\asl_alphabet\train\B\B2128.jpg,B,train
..\..\data\raw\asl_alphabet\train\O\O1315.jpg,O,train
..\..\data\raw\asl_alphabet\train\H\H551.jpg,H,train
..\..\data\raw\asl_alphabet\train\V\V2882.jpg,V,train
..\..\data\raw\asl_alphabet\train\del\del1996.jpg,del,train
..\..\data\raw\asl_alphabet\train\space\space1258.jpg,space,train
..\..\data\raw\asl_alphabet\train\B\B1322.jpg,B,train
..\..\data\raw\asl_alphabet\train\V\V2992.jpg,V,train
..\..\data\raw\asl_alphabet\train\nothing\nothing2143.jpg,nothing,train
..\..\data\raw\asl_alphabet\train\E\E282.jpg,E,train
..\..\data\raw\asl_alphabet\train\L\L2987.jpg,L,train
..\..\data\raw\asl_alphabet\train\U\U2859.jpg,U,train
..\..\data\raw\asl_alphabet\train\B\B2623.jpg,B,train
..\..\data\raw\asl_alphabet\train\del\del991.jpg,del,train
..\..\data\raw\asl_alphabet\train\G\G948.jpg,G,train
..\..\data\raw\asl_alphabet\train\H\H684.jpg,H,train
..\..\data\raw\asl_alphabet\train\del\del1920.jpg,del,train
..\..\data\raw\asl_alphabet\train\Y\Y2709.jpg,Y,train
..\..\data\raw\asl_alphabet\train\C\C1296.jpg,C,train
..\..\data\raw\asl_alphabet\train\R\R1115.jpg,R,train
..\..\data\raw\asl_alphabet\train\E\E98.jpg,E,train
..\..\data\raw\asl_alphabet\train\N\N1062.jpg,N,train
..\..\data\raw\asl_alphabet\train\A\A1207.jpg,A,train
..\..\data\raw\asl_alphabet\train\F\F2031.jpg,F,train
..\..\data\raw\asl_alphabet\train\P\P218.jpg,P,train
..\..\data\raw\asl_alphabet\train\P\P1609.jpg,P,train
..\..\data\raw\asl_alphabet\train\G\G1890.jpg,G,train
..\..\data\raw\asl_alphabet\train\N\N2094.jpg,N,train
..\..\data\raw\asl_alphabet\train\R\R2024.jpg,R,train
..\..\data\raw\asl_alphabet\train\F\F1888.jpg,F,train
..\..\data\raw\asl_alphabet\train\S\S478.jpg,S,train
..\..\data\raw\asl_alphabet\train\S\S102.jpg,S,train
..\..\data\raw\asl_alphabet\train\N\N2750.jpg,N,train
..\..\data\raw\asl_alphabet\train\Q\Q1917.jpg,Q,train
..\..\data\raw\asl_alphabet\train\H\H2086.jpg,H,train
..\..\data\raw\asl_alphabet\train\P\P363.jpg,P,train
..\..\data\raw\asl_alphabet\train\del\del1645.jpg,del,train
..\..\data\raw\asl_alphabet\train\L\L2440.jpg,L,train
..\..\data\raw\asl_alphabet\train\nothing\nothing2016.jpg,nothing,train
..\..\data\raw\asl_alphabet\train\T\T2037.jpg,T,train
..\..\data\raw\asl_alphabet\train\U\U2022.jpg,U,train
..\..\data\raw\asl_alphabet\train\C\C2292.jpg,C,train
..\..\data\raw\asl_alphabet\train\V\V1763.jpg,V,train
..\..\data\raw\asl_alphabet\train\nothing\nothing305.jpg,nothing,train
..\..\data\raw\asl_alphabet\train\R\R640.jpg,R,train
..\..\data\raw\asl_alphabet\train\N\N579.jpg,N,train
..\..\data\raw\asl_alphabet\train\A\A1586.jpg,A,train
..\..\data\raw\asl_alphabet\train\Q\Q220.jpg,Q,train
..\..\data\raw\asl_alphabet\train\R\R2976.jpg,R,train
..\..\data\raw\asl_alphabet\train\F\F992.jpg,F,train
..\..\data\raw\asl_alphabet\train\B\B2864.jpg,B,train
..\..\data\raw\asl_alphabet\train\T\T2746.jpg,T,train
..\..\data\raw\asl_alphabet\train\V\V1117.jpg,V,train
..\..\data\raw\asl_alphabet\train\P\P2786.jpg,P,train
..\..\data\raw\asl_alphabet\train\X\X2787.jpg,X,train
..\..\data\raw\asl_alphabet\train\T\T2168.jpg,T,train
..\..\data\raw\asl_alphabet\train\F\F1966.jpg,F,train
..\..\data\raw\asl_alphabet\train\Y\Y2269.jpg,Y,train
..\..\data\raw\asl_alphabet\train\del\del206.jpg,del,train
..\..\data\raw\asl_alphabet\train\nothing\nothing2810.jpg,nothing,train
..\..\data\raw\asl_alphabet\train\R\R2239.jpg,R,train
..\..\data\raw\asl_alphabet\train\nothing\nothing611.jpg,nothing,train
..\..\data\raw\asl_alphabet\train\J\J2841.jpg,J,train
..\..\data\raw\asl_alphabet\train\S\S386.jpg,S,train
..\..\data\raw\asl_alphabet\train\I\I331.jpg,I,train
..\..\data\raw\asl_alphabet\train\D\D1403.jpg,D,train
..\..\data\raw\asl_alphabet\train\A\A1807.jpg,A,train
..\..\data\raw\asl_alphabet\train\space\space1175.jpg,space,train
..\..\data\raw\asl_alphabet\train\nothing\nothing1526.jpg,nothing,train
..\..\data\raw\asl_alphabet\train\E\E2539.jpg,E,train
..\..\data\raw\asl_alphabet\train\J\J675.jpg,J,train
..\..\data\raw\asl_alphabet\train\F\F1853.jpg,F,train
..\..\data\raw\asl_alphabet\train\N\N1927.jpg,N,train
..\..\data\raw\asl_alphabet\train\del\del1944.jpg,del,train
..\..\data\raw\asl_alphabet\train\Z\Z31.jpg,Z,train
..\..\data\raw\asl_alphabet\train\M\M93.jpg,M,train
..\..\data\raw\asl_alphabet\train\T\T1519.jpg,T,train
..\..\data\raw\asl_alphabet\train\M\M297.jpg,M,train
..\..\data\raw\asl_alphabet\train\T\T139.jpg,T,train
..\..\data\raw\asl_alphabet\train\B\B274.jpg,B,train
..\..\data\raw\asl_alphabet\train\space\space1832.jpg,space,train
..\..\data\raw\asl_alphabet\train\V\V1033.jpg,V,train
..\..\data\raw\asl_alphabet\train\Z\Z213.jpg,Z,train
..\..\data\raw\asl_alphabet\train\del\del2757.jpg,del,train
..\..\data\raw\asl_alphabet\train\B\B1702.jpg,B,train
..\..\data\raw\asl_alphabet\train\D\D1878.jpg,D,train
..\..\data\raw\asl_alphabet\train\T\T827.jpg,T,train
..\..\data\raw\asl_alphabet\train\F\F1042.jpg,F,train
..\..\data\raw\asl_alphabet\train\C\C576.jpg,C,train
..\..\data\raw\asl_alphabet\train\L\L2864.jpg,L,train
..\..\data\raw\asl_alphabet\train\del\del760.jpg,del,train
..\..\data\raw\asl_alphabet\train\I\I2333.jpg,I,train
..\..\data\raw\asl_alphabet\train\M\M2266.jpg,M,train
..\..\data\raw\asl_alphabet\train\X\X1775.jpg,X,train
..\..\data\raw\asl_alphabet\train\H\H1385.jpg,H,train
..\..\data\raw\asl_alphabet\train\Z\Z2102.jpg,Z,train
..\..\data\raw\asl_alphabet\train\O\O447.jpg,O,train
..\..\data\raw\asl_alphabet\train\K\K860.jpg,K,train
..\..\data\raw\asl_alphabet\train\J\J2836.jpg,J,train
..\..\data\raw\asl_alphabet\train\del\del2557.jpg,del,train
..\..\data\raw\asl_alphabet\train\I\I2488.jpg,I,train
..\..\data\raw\asl_alphabet\train\V\V617.jpg,V,train
..\..\data\raw\asl_alphabet\train\F\F471.jpg,F,train
..\..\data\raw\asl_alphabet\train\K\K148.jpg,K,train
..\..\data\raw\asl_alphabet\train\V\V1254.jpg,V,train
..\..\data\raw\asl_alphabet\train\B\B666.jpg,B,train
..\..\data\raw\asl_alphabet\train\space\space1547.jpg,space,train
..\..\data\raw\asl_alphabet\train\del\del1582.jpg,del,train
..\..\data\raw\asl_alphabet\train\Q\Q18.jpg,Q,train
..\..\data\raw\asl_alphabet\train\F\F2840.jpg,F,train
..\..\data\raw\asl_alphabet\train\T\T741.jpg,T,train
..\..\data\raw\asl_alphabet\train\del\del1774.jpg,del,train
..\..\data\raw\asl_alphabet\train\Q\Q589.jpg,Q,train
..\..\data\raw\asl_alphabet\train\G\G928.jpg,G,train
..\..\data\raw\asl_alphabet\train\Q\Q1039.jpg,Q,train
..\..\data\raw\asl_alphabet\train\S\S1173.jpg,S,train
..\..\data\raw\asl_alphabet\train\space\space851.jpg,space,train
..\..\data\raw\asl_alphabet\train\F\F383.jpg,F,train
..\..\data\raw\asl_alphabet\train\U\U1528.jpg,U,train
..\..\data\raw\asl_alphabet\train\L\L799.jpg,L,train
..\..\data\raw\asl_alphabet\train\L\L1281.jpg,L,train
..\..\data\raw\asl_alphabet\train\nothing\nothing1960.jpg,nothing,train
..\..\data\raw\asl_alphabet\train\H\H2416.jpg,H,train
..\..\data\raw\asl_alphabet\train\W\W2517.jpg,W,train
..\..\data\raw\asl_alphabet\train\I\I1627.jpg,I,train
..\..\data\raw\asl_alphabet\train\O\O2822.jpg,O,train
..\..\data\raw\asl_alphabet\train\Q\Q2593.jpg,Q,train
..\..\data\raw\asl_alphabet\train\V\V2656.jpg,V,train
..\..\data\raw\asl_alphabet\train\V\V2934.jpg,V,train
..\..\data\raw\asl_alphabet\train\Q\Q1501.jpg,Q,train
..\..\data\raw\asl_alphabet\train\A\A2105.jpg,A,train
..\..\data\raw\asl_alphabet\train\I\I682.jpg,I,train
..\..\data\raw\asl_alphabet\train\M\M1446.jpg,M,train
..\..\data\raw\asl_alphabet\train\G\G1517.jpg,G,train
..\..\data\raw\asl_alphabet\train\E\E1993.jpg,E,train
..\..\data\raw\asl_alphabet\train\O\O255.jpg,O,train
..\..\data\raw\asl_alphabet\train\P\P530.jpg,P,train
..\..\data\raw\asl_alphabet\train\H\H813.jpg,H,train
..\..\data\raw\asl_alphabet\train\Q\Q1385.jpg,Q,train
..\..\data\raw\asl_alphabet\train\K\K1322.jpg,K,train
..\..\data\raw\asl_alphabet\train\H\H1720.jpg,H,train
..\..\data\raw\asl_alphabet\train\U\U630.jpg,U,train
..\..\data\raw\asl_alphabet\train\Q\Q1478.jpg,Q,train
..\..\data\raw\asl_alphabet\train\H\H624.jpg,H,train
..\..\data\raw\asl_alphabet\train\U\U2006.jpg,U,train
..\..\data\raw\asl_alphabet\train\G\G621.jpg,G,train
..\..\data\raw\asl_alphabet\train\J\J1795.jpg,J,train
..\..\data\raw\asl_alphabet\train\Y\Y2711.jpg,Y,train
..\..\data\raw\asl_alphabet\train\del\del1696.jpg,del,train
..\..\data\raw\asl_alphabet\train\I\I525.jpg,I,train
..\..\data\raw\asl_alphabet\train\J\J296.jpg,J,train
..\..\data\raw\asl_alphabet\train\O\O2099.jpg,O,train
..\..\data\raw\asl_alphabet\train\D\D2069.jpg,D,train
..\..\data\raw\asl_alphabet\train\G\G68.jpg,G,train
..\..\data\raw\asl_alphabet\train\H\H207.jpg,H,train
..\..\data\raw\asl_alphabet\train\space\space1814.jpg,space,train
..\..\data\raw\asl_alphabet\train\A\A2785.jpg,A,train
..\..\data\raw\asl_alphabet\train\G\G2937.jpg,G,train
..\..\data\raw\asl_alphabet\train\N\N1365.jpg,N,train
..\..\data\raw\asl_alphabet\train\nothing\nothing762.jpg,nothing,train
..\..\data\raw\asl_alphabet\train\B\B1103.jpg,B,train
..\..\data\raw\asl_alphabet\train\L\L2536.jpg,L,train
..\..\data\raw\asl_alphabet\train\X\X2913.jpg,X,train
..\..\data\raw\asl_alphabet\train\Y\Y2847.jpg,Y,train
..\..\data\raw\asl_alphabet\train\I\I328.jpg,I,train
..\..\data\raw\asl_alphabet\train\I\I1494.jpg,I,train
..\..\data\raw\asl_alphabet\train\A\A2793.jpg,A,train
..\..\data\raw\asl_alphabet\train\F\F684.jpg,F,train
..\..\data\raw\asl_alphabet\train\A\A534.jpg,A,train
..\..\data\raw\asl_alphabet\train\H\H2257.jpg,H,train
..\..\data\raw\asl_alphabet\train\J\J2319.jpg,J,train
..\..\data\raw\asl_alphabet\train\W\W2817.jpg,W,train
..\..\data\raw\asl_alphabet\train\C\C341.jpg,C,train
..\..\data\raw\asl_alphabet\train\P\P2480.jpg,P,train
..\..\data\raw\asl_alphabet\train\U\U887.jpg,U,train
..\..\data\raw\asl_alphabet\train\J\J1029.jpg,J,train
..\..\data\raw\asl_alphabet\train\L\L588.jpg,L,train
..\..\data\raw\asl_alphabet\train\W\W2920.jpg,W,train
..\..\data\raw\asl_alphabet\train\U\U1192.jpg,U,train
..\..\data\raw\asl_alphabet\train\B\B70.jpg,B,train
..\..\data\raw\asl_alphabet\train\V\V2725.jpg,V,train
..\..\data\raw\asl_alphabet\train\G\G2541.jpg,G,train
..\..\data\raw\asl_alphabet\train\nothing\nothing375.jpg,nothing,train
..\..\data\raw\asl_alphabet\train\G\G203.jpg,G,train
..\..\data\raw\asl_alphabet\train\R\R476.jpg,R,train
..\..\data\raw\asl_alphabet\train\V\V2484.jpg,V,train
..\..\data\raw\asl_alphabet\train\A\A439.jpg,A,train
..\..\data\raw\asl_alphabet\train\X\X1381.jpg,X,train
..\..\data\raw\asl_alphabet\train\D\D2114.jpg,D,train
..\..\data\raw\asl_alphabet\train\space\space166.jpg,space,train
..\..\data\raw\asl_alphabet\train\K\K2849.jpg,K,train
..\..\data\raw\asl_alphabet\train\G\G1275.jpg,G,train
..\..\data\raw\asl_alphabet\train\Q\Q2611.jpg,Q,train
..\..\data\raw\asl_alphabet\train\W\W12.jpg,W,train
..\..\data\raw\asl_alphabet\train\R\R1594.jpg,R,train
..\..\data\raw\asl_alphabet\train\B\B2683.jpg,B,train
..\..\data\raw\asl_alphabet\train\C\C2357.jpg,C,train
..\..\data\raw\asl_alphabet\train\G\G1523.jpg,G,train
..\..\data\raw\asl_alphabet\train\I\I2218.jpg,I,train
..\..\data\raw\asl_alphabet\train\F\F1891.jpg,F,train
..\..\data\raw\asl_alphabet\train\space\space502.jpg,space,train
..\..\data\raw\asl_alphabet\train\del\del2539.jpg,del,train
..\..\data\raw\asl_alphabet\train\Y\Y1612.jpg,Y,train
..\..\data\raw\asl_alphabet\train\D\D2530.jpg,D,train
..\..\data\raw\asl_alphabet\train\S\S482.jpg,S,train
..\..\data\raw\asl_alphabet\train\nothing\nothing281.jpg,nothing,train
..\..\data\raw\asl_alphabet\train\A\A2272.jpg,A,train
..\..\data\raw\asl_alphabet\train\nothing\nothing1296.jpg,nothing,train
..\..\data\raw\asl_alphabet\train\C\C1354.jpg,C,train
..\..\data\raw\asl_alphabet\train\X\X933.jpg,X,train
..\..\data\raw\asl_alphabet\train\G\G2316.jpg,G,train
..\..\data\raw\asl_alphabet\train\Q\Q280.jpg,Q,train
..\..\data\raw\asl_alphabet\train\M\M2569.jpg,M,train
..\..\data\raw\asl_alphabet\train\N\N1983.jpg,N,train
..\..\data\raw\asl_alphabet\train\X\X1931.jpg,X,train
..\..\data\raw\asl_alphabet\train\O\O887.jpg,O,train
..\..\data\raw\asl_alphabet\train\X\X1584.jpg,X,train
..\..\data\raw\asl_alphabet\train\Y\Y809.jpg,Y,train
..\..\data\raw\asl_alphabet\train\Y\Y1691.jpg,Y,train
..\..\data\raw\asl_alphabet\train\D\D1792.jpg,D,train
..\..\data\raw\asl_alphabet\train\Z\Z696.jpg,Z,train
..\..\data\raw\asl_alphabet\train\J\J549.jpg,J,train
..\..\data\raw\asl_alphabet\train\C\C618.jpg,C,train
..\..\data\raw\asl_alphabet\train\nothing\nothing2362.jpg,nothing,train
..\..\data\raw\asl_alphabet\train\W\W989.jpg,W,train
..\..\data\raw\asl_alphabet\train\A\A1021.jpg,A,train
..\..\data\raw\asl_alphabet\train\Z\Z1999.jpg,Z,train
..\..\data\raw\asl_alphabet\train\Q\Q1369.jpg,Q,train
..\..\data\raw\asl_alphabet\train\F\F1832.jpg,F,train
..\..\data\raw\asl_alphabet\train\W\W2917.jpg,W,train
..\..\data\raw\asl_alphabet\train\B\B2630.jpg,B,train
..\..\data\raw\asl_alphabet\train\L\L1950.jpg,L,train
..\..\data\raw\asl_alphabet\train\W\W2541.jpg,W,train
..\..\data\raw\asl_alphabet\train\E\E333.jpg,E,train
..\..\data\raw\asl_alphabet\train\A\A2194.jpg,A,train
..\..\data\raw\asl_alphabet\train\M\M148.jpg,M,train
..\..\data\raw\asl_alphabet\train\P\P943.jpg,P,train
..\..\data\raw\asl_alphabet\train\del\del610.jpg,del,train
..\..\data\raw\asl_alphabet\train\G\G1440.jpg,G,train
..\..\data\raw\asl_alphabet\train\D\D1342.jpg,D,train
..\..\data\raw\asl_alphabet\train\S\S1441.jpg,S,train
..\..\data\raw\asl_alphabet\train\A\A1629.jpg,A,train
..\..\data\raw\asl_alphabet\train\I\I775.jpg,I,train
..\..\data\raw\asl_alphabet\train\X\X2697.jpg,X,train
..\..\data\raw\asl_alphabet\train\B\B1983.jpg,B,train
..\..\data\raw\asl_alphabet\train\A\A678.jpg,A,train
..\..\data\raw\asl_alphabet\train\B\B1913.jpg,B,train
..\..\data\raw\asl_alphabet\train\del\del372.jpg,del,train
..\..\data\raw\asl_alphabet\train\A\A1313.jpg,A,train
..\..\data\raw\asl_alphabet\train\Y\Y1104.jpg,Y,train
..\..\data\raw\asl_alphabet\train\D\D735.jpg,D,train
..\..\data\raw\asl_alphabet\train\V\V43.jpg,V,train
..\..\data\raw\asl_alphabet\train\Q\Q2721.jpg,Q,train
..\..\data\raw\asl_alphabet\train\Q\Q1064.jpg,Q,train
..\..\data\raw\asl_alphabet\train\X\X1577.jpg,X,train
..\..\data\raw\asl_alphabet\train\C\C2663.jpg,C,train
..\..\data\raw\asl_alphabet\train\nothing\nothing1968.jpg,nothing,train
..\..\data\raw\asl_alphabet\train\O\O149.jpg,O,train
..\..\data\raw\asl_alphabet\train\D\D2512.jpg,D,train
..\..\data\raw\asl_alphabet\train\B\B481.jpg,B,train
..\..\data\raw\asl_alphabet\train\F\F2124.jpg,F,train
..\..\data\raw\asl_alphabet\train\J\J412.jpg,J,train
..\..\data\raw\asl_alphabet\train\S\S364.jpg,S,train
..\..\data\raw\asl_alphabet\train\R\R1246.jpg,R,train
..\..\data\raw\asl_alphabet\train\A\A955.jpg,A,train
..\..\data\raw\asl_alphabet\train\space\space1570.jpg,space,train
..\..\data\raw\asl_alphabet\train\G\G326.jpg,G,train
..\..\data\raw\asl_alphabet\train\K\K2193.jpg,K,train
..\..\data\raw\asl_alphabet\train\X\X2361.jpg,X,train
..\..\data\raw\asl_alphabet\train\F\F2998.jpg,F,train
..\..\data\raw\asl_alphabet\train\K\K1504.jpg,K,train
..\..\data\raw\asl_alphabet\train\U\U1011.jpg,U,train
..\..\data\raw\asl_alphabet\train\O\O281.jpg,O,train
..\..\data\raw\asl_alphabet\train\S\S563.jpg,S,train
..\..\data\raw\asl_alphabet\train\D\D571.jpg,D,train
..\..\data\raw\asl_alphabet\train\F\F2345.jpg,F,train
..\..\data\raw\asl_alphabet\train\Q\Q767.jpg,Q,train
..\..\data\raw\asl_alphabet\train\J\J2376.jpg,J,train
..\..\data\raw\asl_alphabet\train\I\I675.jpg,I,train
..\..\data\raw\asl_alphabet\train\U\U2374.jpg,U,train
..\..\data\raw\asl_alphabet\train\Y\Y195.jpg,Y,train
..\..\data\raw\asl_alphabet\train\J\J1095.jpg,J,train
..\..\data\raw\asl_alphabet\train\H\H2153.jpg,H,train
..\..\data\raw\asl_alphabet\train\space\space1354.jpg,space,train
..\..\data\raw\asl_alphabet\train\I\I2006.jpg,I,train
..\..\data\raw\asl_alphabet\train\Y\Y626.jpg,Y,train
..\..\data\raw\asl_alphabet\train\U\U1892.jpg,U,train
..\..\data\raw\asl_alphabet\train\P\P2035.jpg,P,train
..\..\data\raw\asl_alphabet\train\space\space1609.jpg,space,train
..\..\data\raw\asl_alphabet\train\A\A1820.jpg,A,train
..\..\data\raw\asl_alphabet\train\B\B2994.jpg,B,train
..\..\data\raw\asl_alphabet\train\nothing\nothing2756.jpg,nothing,train
..\..\data\raw\asl_alphabet\train\D\D794.jpg,D,train
..\..\data\raw\asl_alphabet\train\R\R770.jpg,R,train
..\..\data\raw\asl_alphabet\train\R\R639.jpg,R,train
..\..\data\raw\asl_alphabet\train\P\P2686.jpg,P,train
..\..\data\raw\asl_alphabet\train\E\E52.jpg,E,train
..\..\data\raw\asl_alphabet\train\space\space1274.jpg,space,train
..\..\data\raw\asl_alphabet\train\L\L1105.jpg,L,train
..\..\data\raw\asl_alphabet\train\R\R1045.jpg,R,train
..\..\data\raw\asl_alphabet\train\del\del2977.jpg,del,train
..\..\data\raw\asl_alphabet\train\K\K2336.jpg,K,train
..\..\data\raw\asl_alphabet\train\nothing\nothing2580.jpg,nothing,train
..\..\data\raw\asl_alphabet\train\E\E2005.jpg,E,train
..\..\data\raw\asl_alphabet\train\H\H999.jpg,H,train
..\..\data\raw\asl_alphabet\train\V\V453.jpg,V,train
..\..\data\raw\asl_alphabet\train\A\A451.jpg,A,train
..\..\data\raw\asl_alphabet\train\M\M690.jpg,M,train
..\..\data\raw\asl_alphabet\train\space\space761.jpg,space,train
..\..\data\raw\asl_alphabet\train\Z\Z788.jpg,Z,train
..\..\data\raw\asl_alphabet\train\nothing\nothing2229.jpg,nothing,train
..\..\data\raw\asl_alphabet\train\E\E641.jpg,E,train
..\..\data\raw\asl_alphabet\train\G\G1719.jpg,G,train
..\..\data\raw\asl_alphabet\train\U\U2034.jpg,U,train
..\..\data\raw\asl_alphabet\train\S\S196.jpg,S,train
..\..\data\raw\asl_alphabet\train\G\G1693.jpg,G,train
..\..\data\raw\asl_alphabet\train\Y\Y493.jpg,Y,train
..\..\data\raw\asl_alphabet\train\W\W398.jpg,W,train
..\..\data\raw\asl_alphabet\train\B\B1007.jpg,B,train
..\..\data\raw\asl_alphabet\train\V\V397.jpg,V,train
..\..\data\raw\asl_alphabet\train\V\V789.jpg,V,train
..\..\data\raw\asl_alphabet\train\P\P1461.jpg,P,train
..\..\data\raw\asl_alphabet\train\Z\Z2261.jpg,Z,train
..\..\data\raw\asl_alphabet\train\X\X2277.jpg,X,train
..\..\data\raw\asl_alphabet\train\S\S2270.jpg,S,train
..\..\data\raw\asl_alphabet\train\S\S1329.jpg,S,train
..\..\data\raw\asl_alphabet\train\D\D1126.jpg,D,train
..\..\data\raw\asl_alphabet\train\R\R926.jpg,R,train
..\..\data\raw\asl_alphabet\train\X\X1417.jpg,X,train
..\..\data\raw\asl_alphabet\train\V\V940.jpg,V,train
..\..\data\raw\asl_alphabet\train\K\K2233.jpg,K,train
..\..\data\raw\asl_alphabet\train\space\space2319.jpg,space,train
..\..\data\raw\asl_alphabet\train\E\E2702.jpg,E,train
..\..\data\raw\asl_alphabet\train\Y\Y5.jpg,Y,train
..\..\data\raw\asl_alphabet\train\K\K604.jpg,K,train
..\..\data\raw\asl_alphabet\train\K\K2627.jpg,K,train
..\..\data\raw\asl_alphabet\train\Z\Z1678.jpg,Z,train
..\..\data\raw\asl_alphabet\train\C\C2873.jpg,C,train
..\..\data\raw\asl_alphabet\train\G\G2701.jpg,G,train
..\..\data\raw\asl_alphabet\train\C\C2147.jpg,C,train
..\..\data\raw\asl_alphabet\train\I\I997.jpg,I,train
..\..\data\raw\asl_alphabet\train\space\space277.jpg,space,train
..\..\data\raw\asl_alphabet\train\Q\Q1687.jpg,Q,train
..\..\data\raw\asl_alphabet\train\I\I153.jpg,I,train
..\..\data\raw\asl_alphabet\train\Q\Q1132.jpg,Q,train
..\..\data\raw\asl_alphabet\train\F\F2846.jpg,F,train
..\..\data\raw\asl_alphabet\train\S\S1233.jpg,S,train
..\..\data\raw\asl_alphabet\train\R\R200.jpg,R,train
..\..\data\raw\asl_alphabet\train\U\U171.jpg,U,train
..\..\data\raw\asl_alphabet\train\F\F332.jpg,F,train
..\..\data\raw\asl_alphabet\train\R\R2374.jpg,R,train
..\..\data\raw\asl_alphabet\train\X\X2910.jpg,X,train
..\..\data\raw\asl_alphabet\train\Z\Z2680.jpg,Z,train
..\..\data\raw\asl_alphabet\train\X\X1553.jpg,X,train
..\..\data\raw\asl_alphabet\train\O\O886.jpg,O,train
..\..\data\raw\asl_alphabet\train\F\F1282.jpg,F,train
..\..\data\raw\asl_alphabet\train\I\I421.jpg,I,train
..\..\data\raw\asl_alphabet\train\K\K2976.jpg,K,train
..\..\data\raw\asl_alphabet\train\Q\Q2888.jpg,Q,train
..\..\data\raw\asl_alphabet\train\nothing\nothing488.jpg,nothing,train
..\..\data\raw\asl_alphabet\train\V\V1538.jpg,V,train
..\..\data\raw\asl_alphabet\train\E\E488.jpg,E,train
..\..\data\raw\asl_alphabet\train\P\P1525.jpg,P,train
..\..\data\raw\asl_alphabet\train\space\space1075.jpg,space,train
..\..\data\raw\asl_alphabet\train\B\B2712.jpg,B,train
..\..\data\raw\asl_alphabet\train\D\D654.jpg,D,train
..\..\data\raw\asl_alphabet\train\E\E1960.jpg,E,train
..\..\data\raw\asl_alphabet\train\A\A2962.jpg,A,train
..\..\data\raw\asl_alphabet\train\L\L2642.jpg,L,train
..\..\data\raw\asl_alphabet\train\space\space506.jpg,space,train
..\..\data\raw\asl_alphabet\train\N\N2398.jpg,N,train
..\..\data\raw\asl_alphabet\train\B\B1935.jpg,B,train
..\..\data\raw\asl_alphabet\train\P\P1152.jpg,P,train
..\..\data\raw\asl_alphabet\train\nothing\nothing13.jpg,nothing,train
..\..\data\raw\asl_alphabet\train\V\V485.jpg,V,train
..\..\data\raw\asl_alphabet\train\P\P337.jpg,P,train
..\..\data\raw\asl_alphabet\train\F\F2675.jpg,F,train
..\..\data\raw\asl_alphabet\train\T\T366.jpg,T,train
..\..\data\raw\asl_alphabet\train\X\X731.jpg,X,train
..\..\data\raw\asl_alphabet\train\X\X2818.jpg,X,train
..\..\data\raw\asl_alphabet\train\Q\Q1051.jpg,Q,train
..\..\data\raw\asl_alphabet\train\R\R2837.jpg,R,train
..\..\data\raw\asl_alphabet\train\P\P1721.jpg,P,train
..\..\data\raw\asl_alphabet\train\Q\Q1057.jpg,Q,train
..\..\data\raw\asl_alphabet\train\L\L2158.jpg,L,train
..\..\data\raw\asl_alphabet\train\C\C2561.jpg,C,train
..\..\data\raw\asl_alphabet\train\nothing\nothing889.jpg,nothing,train
..\..\data\raw\asl_alphabet\train\W\W1551.jpg,W,train
..\..\data\raw\asl_alphabet\train\P\P650.jpg,P,train
..\..\data\raw\asl_alphabet\train\Z\Z414.jpg,Z,train
..\..\data\raw\asl_alphabet\train\nothing\nothing425.jpg,nothing,train
..\..\data\raw\asl_alphabet\train\Q\Q1758.jpg,Q,train
..\..\data\raw\asl_alphabet\train\F\F2431.jpg,F,train
..\..\data\raw\asl_alphabet\train\X\X715.jpg,X,train
..\..\data\raw\asl_alphabet\train\E\E105.jpg,E,train
..\..\data\raw\asl_alphabet\train\del\del2908.jpg,del,train
..\..\data\raw\asl_alphabet\train\D\D2683.jpg,D,train
..\..\data\raw\asl_alphabet\train\K\K1226.jpg,K,train
..\..\data\raw\asl_alphabet\train\K\K1832.jpg,K,train
..\..\data\raw\asl_alphabet\train\C\C253.jpg,C,train
..\..\data\raw\asl_alphabet\train\A\A543.jpg,A,train
..\..\data\raw\asl_alphabet\train\S\S348.jpg,S,train
..\..\data\raw\asl_alphabet\train\N\N1101.jpg,N,train
..\..\data\raw\asl_alphabet\train\Q\Q2134.jpg,Q,train
..\..\data\raw\asl_alphabet\train\Y\Y1406.jpg,Y,train
..\..\data\raw\asl_alphabet\train\space\space1073.jpg,space,train
..\..\data\raw\asl_alphabet\train\Y\Y564.jpg,Y,train
..\..\data\raw\asl_alphabet\train\Z\Z652.jpg,Z,train
..\..\data\raw\asl_alphabet\train\J\J1532.jpg,J,train
..\..\data\raw\asl_alphabet\train\G\G1273.jpg,G,train
..\..\data\raw\asl_alphabet\train\Z\Z2494.jpg,Z,train
..\..\data\raw\asl_alphabet\train\S\S2116.jpg,S,train
..\..\data\raw\asl_alphabet\train\J\J188.jpg,J,train
..\..\data\raw\asl_alphabet\train\A\A1968.jpg,A,train
..\..\data\raw\asl_alphabet\train\V\V1313.jpg,V,train
..\..\data\raw\asl_alphabet\train\I\I164.jpg,I,train
..\..\data\raw\asl_alphabet\train\T\T2663.jpg,T,train
..\..\data\raw\asl_alphabet\train\D\D133.jpg,D,train
..\..\data\raw\asl_alphabet\train\R\R789.jpg,R,train
..\..\data\raw\asl_alphabet\train\F\F301.jpg,F,train
..\..\data\raw\asl_alphabet\train\H\H1925.jpg,H,train
..\..\data\raw\asl_alphabet\train\G\G1086.jpg,G,train
..\..\data\raw\asl_alphabet\train\M\M284.jpg,M,train
..\..\data\raw\asl_alphabet\train\M\M230.jpg,M,train
..\..\data\raw\asl_alphabet\train\P\P2089.jpg,P,train
..\..\data\raw\asl_alphabet\train\space\space2602.jpg,space,train
..\..\data\raw\asl_alphabet\train\T\T1514.jpg,T,train
..\..\data\raw\asl_alphabet\train\G\G643.jpg,G,train
..\..\data\raw\asl_alphabet\train\A\A688.jpg,A,train
..\..\data\raw\asl_alphabet\train\R\R2488.jpg,R,train
..\..\data\raw\asl_alphabet\train\V\V2572.jpg,V,train
..\..\data\raw\asl_alphabet\train\O\O1202.jpg,O,train
..\..\data\raw\asl_alphabet\train\L\L15.jpg,L,train
..\..\data\raw\asl_alphabet\train\S\S136.jpg,S,train
..\..\data\raw\asl_alphabet\train\S\S2480.jpg,S,train
..\..\data\raw\asl_alphabet\train\A\A1145.jpg,A,train
..\..\data\raw\asl_alphabet\train\N\N965.jpg,N,train
..\..\data\raw\asl_alphabet\train\nothing\nothing1470.jpg,nothing,train
..\..\data\raw\asl_alphabet\train\U\U2521.jpg,U,train
..\..\data\raw\asl_alphabet\train\del\del1276.jpg,del,train
..\..\data\raw\asl_alphabet\train\O\O2676.jpg,O,train
..\..\data\raw\asl_alphabet\train\A\A1819.jpg,A,train
..\..\data\raw\asl_alphabet\train\O\O957.jpg,O,train
..\..\data\raw\asl_alphabet\train\Z\Z1691.jpg,Z,train
..\..\data\raw\asl_alphabet\train\L\L2384.jpg,L,train
..\..\data\raw\asl_alphabet\train\B\B2799.jpg,B,train
..\..\data\raw\asl_alphabet\train\C\C46.jpg,C,train
..\..\data\raw\asl_alphabet\train\Y\Y1094.jpg,Y,train
..\..\data\raw\asl_alphabet\train\space\space1441.jpg,space,train
..\..\data\raw\asl_alphabet\train\D\D1407.jpg,D,train
..\..\data\raw\asl_alphabet\train\J\J2614.jpg,J,train
..\..\data\raw\asl_alphabet\train\H\H2542.jpg,H,train
..\..\data\raw\asl_alphabet\train\B\B772.jpg,B,train
..\..\data\raw\asl_alphabet\train\K\K469.jpg,K,train
..\..\data\raw\asl_alphabet\train\X\X1046.jpg,X,train
..\..\data\raw\asl_alphabet\train\del\del463.jpg,del,train
..\..\data\raw\asl_alphabet\train\E\E2800.jpg,E,train
..\..\data\raw\asl_alphabet\train\X\X343.jpg,X,train
..\..\data\raw\asl_alphabet\train\T\T2152.jpg,T,train
..\..\data\raw\asl_alphabet\train\W\W3000.jpg,W,train
..\..\data\raw\asl_alphabet\train\I\I1832.jpg,I,train
..\..\data\raw\asl_alphabet\train\nothing\nothing2841.jpg,nothing,train
..\..\data\raw\asl_alphabet\train\K\K41.jpg,K,train
..\..\data\raw\asl_alphabet\train\L\L1616.jpg,L,train
..\..\data\raw\asl_alphabet\train\G\G1217.jpg,G,train
..\..\data\raw\asl_alphabet\train\K\K2015.jpg,K,train
..\..\data\raw\asl_alphabet\train\R\R1819.jpg,R,train
..\..\data\raw\asl_alphabet\train\J\J1153.jpg,J,train
..\..\data\raw\asl_alphabet\train\N\N2384.jpg,N,train
..\..\data\raw\asl_alphabet\train\X\X962.jpg,X,train
..\..\data\raw\asl_alphabet\train\G\G140.jpg,G,train
..\..\data\raw\asl_alphabet\train\H\H1012.jpg,H,train
..\..\data\raw\asl_alphabet\train\M\M2225.jpg,M,train
..\..\data\raw\asl_alphabet\train\I\I973.jpg,I,train
..\..\data\raw\asl_alphabet\train\H\H2338.jpg,H,train
..\..\data\raw\asl_alphabet\train\J\J1692.jpg,J,train
..\..\data\raw\asl_alphabet\train\S\S1763.jpg,S,train
..\..\data\raw\asl_alphabet\train\E\E2697.jpg,E,train
..\..\data\raw\asl_alphabet\train\X\X2805.jpg,X,train
..\..\data\raw\asl_alphabet\train\B\B1159.jpg,B,train
..\..\data\raw\asl_alphabet\train\del\del823.jpg,del,train
..\..\data\raw\asl_alphabet\train\Z\Z2849.jpg,Z,train
..\..\data\raw\asl_alphabet\train\V\V534.jpg,V,train
..\..\data\raw\asl_alphabet\train\O\O2796.jpg,O,train
..\..\data\raw\asl_alphabet\train\X\X2744.jpg,X,train
..\..\data\raw\asl_alphabet\train\S\S523.jpg,S,train
..\..\data\raw\asl_alphabet\train\T\T1885.jpg,T,train
..\..\data\raw\asl_alphabet\train\Q\Q1755.jpg,Q,train
..\..\data\raw\asl_alphabet\train\S\S704.jpg,S,train
..\..\data\raw\asl_alphabet\train\nothing\nothing1998.jpg,nothing,train
..\..\data\raw\asl_alphabet\train\K\K2230.jpg,K,train
..\..\data\raw\asl_alphabet\train\Q\Q1785.jpg,Q,train
..\..\data\raw\asl_alphabet\train\Z\Z158.jpg,Z,train
..\..\data\raw\asl_alphabet\train\O\O2153.jpg,O,train
..\..\data\raw\asl_alphabet\train\M\M2600.jpg,M,train
..\..\data\raw\asl_alphabet\train\V\V825.jpg,V,train
..\..\data\raw\asl_alphabet\train\R\R670.jpg,R,train
..\..\data\raw\asl_alphabet\train\H\H2307.jpg,H,train
..\..\data\raw\asl_alphabet\train\N\N1449.jpg,N,train
..\..\data\raw\asl_alphabet\train\K\K1328.jpg,K,train
..\..\data\raw\asl_alphabet\train\nothing\nothing1913.jpg,nothing,train
..\..\data\raw\asl_alphabet\train\R\R905.jpg,R,train
..\..\data\raw\asl_alphabet\train\A\A1032.jpg,A,train
..\..\data\raw\asl_alphabet\train\I\I459.jpg,I,train
..\..\data\raw\asl_alphabet\train\Z\Z262.jpg,Z,train
..\..\data\raw\asl_alphabet\train\O\O147.jpg,O,train
..\..\data\raw\asl_alphabet\train\C\C1363.jpg,C,train
..\..\data\raw\asl_alphabet\train\W\W717.jpg,W,train
..\..\data\raw\asl_alphabet\train\nothing\nothing17.jpg,nothing,train
..\..\data\raw\asl_alphabet\train\K\K775.jpg,K,train
..\..\data\raw\asl_alphabet\train\Y\Y1952.jpg,Y,train
..\..\data\raw\asl_alphabet\train\K\K2105.jpg,K,train
..\..\data\raw\asl_alphabet\train\Z\Z751.jpg,Z,train
..\..\data\raw\asl_alphabet\train\U\U854.jpg,U,train
..\..\data\raw\asl_alphabet\train\Z\Z2464.jpg,Z,train
..\..\data\raw\asl_alphabet\train\del\del2375.jpg,del,train
..\..\data\raw\asl_alphabet\train\S\S936.jpg,S,train
..\..\data\raw\asl_alphabet\train\J\J93.jpg,J,train
..\..\data\raw\asl_alphabet\train\D\D841.jpg,D,train
..\..\data\raw\asl_alphabet\train\J\J1053.jpg,J,train
..\..\data\raw\asl_alphabet\train\S\S1396.jpg,S,train
..\..\data\raw\asl_alphabet\train\del\del2656.jpg,del,train
..\..\data\raw\asl_alphabet\train\Q\Q735.jpg,Q,train
..\..\data\raw\asl_alphabet\train\T\T1648.jpg,T,train
..\..\data\raw\asl_alphabet\train\L\L2227.jpg,L,train
..\..\data\raw\asl_alphabet\train\space\space2267.jpg,space,train
..\..\data\raw\asl_alphabet\train\Q\Q66.jpg,Q,train
..\..\data\raw\asl_alphabet\train\L\L793.jpg,L,train
..\..\data\raw\asl_alphabet\train\nothing\nothing1254.jpg,nothing,train
..\..\data\raw\asl_alphabet\train\E\E1694.jpg,E,train
..\..\data\raw\asl_alphabet\train\L\L2142.jpg,L,train
..\..\data\raw\asl_alphabet\train\B\B496.jpg,B,train
..\..\data\raw\asl_alphabet\train\L\L741.jpg,L,train
..\..\data\raw\asl_alphabet\train\A\A374.jpg,A,train
..\..\data\raw\asl_alphabet\train\L\L2270.jpg,L,train
..\..\data\raw\asl_alphabet\train\K\K186.jpg,K,train
..\..\data\raw\asl_alphabet\train\P\P900.jpg,P,train
..\..\data\raw\asl_alphabet\train\A\A1684.jpg,A,train
..\..\data\raw\asl_alphabet\train\M\M1116.jpg,M,train
..\..\data\raw\asl_alphabet\train\B\B347.jpg,B,train
..\..\data\raw\asl_alphabet\train\O\O950.jpg,O,train
..\..\data\raw\asl_alphabet\train\M\M705.jpg,M,train
..\..\data\raw\asl_alphabet\train\F\F1442.jpg,F,train
..\..\data\raw\asl_alphabet\train\S\S1393.jpg,S,train
..\..\data\raw\asl_alphabet\train\F\F2353.jpg,F,train
..\..\data\raw\asl_alphabet\train\Y\Y393.jpg,Y,train
..\..\data\raw\asl_alphabet\train\D\D933.jpg,D,train
..\..\data\raw\asl_alphabet\train\space\space196.jpg,space,train
..\..\data\raw\asl_alphabet\train\G\G2596.jpg,G,train
..\..\data\raw\asl_alphabet\train\O\O1760.jpg,O,train
..\..\data\raw\asl_alphabet\train\G\G537.jpg,G,train
..\..\data\raw\asl_alphabet\train\space\space403.jpg,space,train
..\..\data\raw\asl_alphabet\train\S\S2953.jpg,S,train
..\..\data\raw\asl_alphabet\train\L\L23.jpg,L,train
..\..\data\raw\asl_alphabet\train\space\space2189.jpg,space,train
..\..\data\raw\asl_alphabet\train\O\O2277.jpg,O,train
..\..\data\raw\asl_alphabet\train\E\E445.jpg,E,train
..\..\data\raw\asl_alphabet\train\H\H448.jpg,H,train
..\..\data\raw\asl_alphabet\train\del\del1035.jpg,del,train
..\..\data\raw\asl_alphabet\train\G\G1176.jpg,G,train
..\..\data\raw\asl_alphabet\train\U\U430.jpg,U,train
..\..\data\raw\asl_alphabet\train\M\M2977.jpg,M,train
..\..\data\raw\asl_alphabet\train\S\S687.jpg,S,train
..\..\data\raw\asl_alphabet\train\X\X1350.jpg,X,train
..\..\data\raw\asl_alphabet\train\K\K488.jpg,K,train
..\..\data\raw\asl_alphabet\train\H\H1476.jpg,H,train
..\..\data\raw\asl_alphabet\train\Q\Q842.jpg,Q,train
..\..\data\raw\asl_alphabet\train\space\space367.jpg,space,train
..\..\data\raw\asl_alphabet\train\space\space2642.jpg,space,train
..\..\data\raw\asl_alphabet\train\nothing\nothing2200.jpg,nothing,train
..\..\data\raw\asl_alphabet\train\L\L161.jpg,L,train
..\..\data\raw\asl_alphabet\train\J\J1375.jpg,J,train
..\..\data\raw\asl_alphabet\train\I\I948.jpg,I,train
..\..\data\raw\asl_alphabet\train\V\V2611.jpg,V,train
..\..\data\raw\asl_alphabet\train\Z\Z2488.jpg,Z,train
..\..\data\raw\asl_alphabet\train\X\X53.jpg,X,train
..\..\data\raw\asl_alphabet\train\space\space615.jpg,space,train
..\..\data\raw\asl_alphabet\train\N\N2349.jpg,N,train
..\..\data\raw\asl_alphabet\train\T\T1236.jpg,T,train
..\..\data\raw\asl_alphabet\train\Z\Z1239.jpg,Z,train
..\..\data\raw\asl_alphabet\train\H\H2719.jpg,H,train
..\..\data\raw\asl_alphabet\train\del\del449.jpg,del,train
..\..\data\raw\asl_alphabet\train\C\C670.jpg,C,train
..\..\data\raw\asl_alphabet\train\E\E990.jpg,E,train
..\..\data\raw\asl_alphabet\train\M\M2999.jpg,M,train
..\..\data\raw\asl_alphabet\train\K\K1243.jpg,K,train
..\..\data\raw\asl_alphabet\train\C\C1833.jpg,C,train
..\..\data\raw\asl_alphabet\train\B\B129.jpg,B,train
..\..\data\raw\asl_alphabet\train\nothing\nothing965.jpg,nothing,train
..\..\data\raw\asl_alphabet\train\J\J68.jpg,J,train
..\..\data\raw\asl_alphabet\train\S\S2812.jpg,S,train
..\..\data\raw\asl_alphabet\train\S\S1469.jpg,S,train
..\..\data\raw\asl_alphabet\train\A\A1459.jpg,A,train
..\..\data\raw\asl_alphabet\train\N\N828.jpg,N,train
..\..\data\raw\asl_alphabet\train\P\P699.jpg,P,train
..\..\data\raw\asl_alphabet\train\Z\Z156.jpg,Z,train
..\..\data\raw\asl_alphabet\train\V\V1962.jpg,V,train
..\..\data\raw\asl_alphabet\train\B\B1851.jpg,B,train
..\..\data\raw\asl_alphabet\train\F\F1735.jpg,F,train
..\..\data\raw\asl_alphabet\train\U\U577.jpg,U,train
..\..\data\raw\asl_alphabet\train\M\M881.jpg,M,train
..\..\data\raw\asl_alphabet\train\J\J790.jpg,J,train
..\..\data\raw\asl_alphabet\train\E\E981.jpg,E,train
..\..\data\raw\asl_alphabet\train\K\K2932.jpg,K,train
..\..\data\raw\asl_alphabet\train\X\X1636.jpg,X,train
..\..\data\raw\asl_alphabet\train\B\B2279.jpg,B,train
..\..\data\raw\asl_alphabet\train\L\L1160.jpg,L,train
..\..\data\raw\asl_alphabet\train\Z\Z676.jpg,Z,train
..\..\data\raw\asl_alphabet\train\I\I1838.jpg,I,train
..\..\data\raw\asl_alphabet\train\E\E545.jpg,E,train
..\..\data\raw\asl_alphabet\train\W\W262.jpg,W,train
..\..\data\raw\asl_alphabet\train\Q\Q629.jpg,Q,train
..\..\data\raw\asl_alphabet\train\U\U986.jpg,U,train
..\..\data\raw\asl_alphabet\train\X\X2824.jpg,X,train
..\..\data\raw\asl_alphabet\train\T\T178.jpg,T,train
..\..\data\raw\asl_alphabet\train\nothing\nothing675.jpg,nothing,train
..\..\data\raw\asl_alphabet\train\P\P2328.jpg,P,train
..\..\data\raw\asl_alphabet\train\V\V732.jpg,V,train
..\..\data\raw\asl_alphabet\train\Y\Y1003.jpg,Y,train
..\..\data\raw\asl_alphabet\train\G\G2950.jpg,G,train
..\..\data\raw\asl_alphabet\train\E\E825.jpg,E,train
..\..\data\raw\asl_alphabet\train\space\space477.jpg,space,train
..\..\data\raw\asl_alphabet\train\Z\Z2479.jpg,Z,train
..\..\data\raw\asl_alphabet\train\E\E2166.jpg,E,train
..\..\data\raw\asl_alphabet\train\B\B2321.jpg,B,train
..\..\data\raw\asl_alphabet\train\W\W948.jpg,W,train
..\..\data\raw\asl_alphabet\train\nothing\nothing1866.jpg,nothing,train
..\..\data\raw\asl_alphabet\train\D\D1750.jpg,D,train
..\..\data\raw\asl_alphabet\train\P\P2966.jpg,P,train
..\..\data\raw\asl_alphabet\train\H\H2514.jpg,H,train
..\..\data\raw\asl_alphabet\train\G\G2571.jpg,G,train
..\..\data\raw\asl_alphabet\train\K\K1764.jpg,K,train
..\..\data\raw\asl_alphabet\train\V\V294.jpg,V,train
..\..\data\raw\asl_alphabet\train\P\P542.jpg,P,train
..\..\data\raw\asl_alphabet\train\I\I298.jpg,I,train
..\..\data\raw\asl_alphabet\train\Z\Z273.jpg,Z,train
..\..\data\raw\asl_alphabet\train\B\B1974.jpg,B,train
..\..\data\raw\asl_alphabet\train\N\N195.jpg,N,train
..\..\data\raw\asl_alphabet\train\P\P1529.jpg,P,train
..\..\data\raw\asl_alphabet\train\Q\Q959.jpg,Q,train
..\..\data\raw\asl_alphabet\train\D\D65.jpg,D,train
..\..\data\raw\asl_alphabet\train\Q\Q2228.jpg,Q,train
..\..\data\raw\asl_alphabet\train\I\I2047.jpg,I,train
..\..\data\raw\asl_alphabet\train\nothing\nothing943.jpg,nothing,train
..\..\data\raw\asl_alphabet\train\F\F1554.jpg,F,train
..\..\data\raw\asl_alphabet\train\space\space2698.jpg,space,train
..\..\data\raw\asl_alphabet\train\M\M2385.jpg,M,train
..\..\data\raw\asl_alphabet\train\U\U2691.jpg,U,train
..\..\data\raw\asl_alphabet\train\U\U970.jpg,U,train
..\..\data\raw\asl_alphabet\train\E\E653.jpg,E,train
..\..\data\raw\asl_alphabet\train\I\I76.jpg,I,train
..\..\data\raw\asl_alphabet\train\P\P1708.jpg,P,train
..\..\data\raw\asl_alphabet\train\del\del1685.jpg,del,train
..\..\data\raw\asl_alphabet\train\del\del1555.jpg,del,train
..\..\data\raw\asl_alphabet\train\L\L1248.jpg,L,train
..\..\data\raw\asl_alphabet\train\X\X2887.jpg,X,train
..\..\data\raw\asl_alphabet\train\F\F394.jpg,F,train
..\..\data\raw\asl_alphabet\train\A\A2079.jpg,A,train
..\..\data\raw\asl_alphabet\train\E\E2523.jpg,E,train
..\..\data\raw\asl_alphabet\train\X\X62.jpg,X,train
..\..\data\raw\asl_alphabet\train\del\del1563.jpg,del,train
..\..\data\raw\asl_alphabet\train\Y\Y154.jpg,Y,train
..\..\data\raw\asl_alphabet\train\V\V1552.jpg,V,train
..\..\data\raw\asl_alphabet\train\O\O826.jpg,O,train
..\..\data\raw\asl_alphabet\train\N\N827.jpg,N,train
..\..\data\raw\asl_alphabet\train\L\L2867.jpg,L,train
..\..\data\raw\asl_alphabet\train\F\F2735.jpg,F,train
..\..\data\raw\asl_alphabet\train\E\E322.jpg,E,train
..\..\data\raw\asl_alphabet\train\Q\Q834.jpg,Q,train
..\..\data\raw\asl_alphabet\train\nothing\nothing1249.jpg,nothing,train
..\..\data\raw\asl_alphabet\train\A\A2340.jpg,A,train
..\..\data\raw\asl_alphabet\train\nothing\nothing2133.jpg,nothing,train
..\..\data\raw\asl_alphabet\train\N\N982.jpg,N,train
..\..\data\raw\asl_alphabet\train\I\I2889.jpg,I,train
..\..\data\raw\asl_alphabet\train\F\F2884.jpg,F,train
..\..\data\raw\asl_alphabet\train\G\G1412.jpg,G,train
..\..\data\raw\asl_alphabet\train\L\L1996.jpg,L,train
..\..\data\raw\asl_alphabet\train\B\B2075.jpg,B,train
..\..\data\raw\asl_alphabet\train\S\S17.jpg,S,train
..\..\data\raw\asl_alphabet\train\N\N1307.jpg,N,train
..\..\data\raw\asl_alphabet\train\space\space559.jpg,space,train
..\..\data\raw\asl_alphabet\train\Y\Y1626.jpg,Y,train
..\..\data\raw\asl_alphabet\train\Q\Q492.jpg,Q,train
..\..\data\raw\asl_alphabet\train\space\space311.jpg,space,train
..\..\data\raw\asl_alphabet\train\P\P1776.jpg,P,train
..\..\data\raw\asl_alphabet\train\space\space13.jpg,space,train
..\..\data\raw\asl_alphabet\train\V\V932.jpg,V,train
..\..\data\raw\asl_alphabet\train\R\R1962.jpg,R,train
..\..\data\raw\asl_alphabet\train\I\I634.jpg,I,train
..\..\data\raw\asl_alphabet\train\nothing\nothing1881.jpg,nothing,train
..\..\data\raw\asl_alphabet\train\G\G1236.jpg,G,train
..\..\data\raw\asl_alphabet\train\J\J1734.jpg,J,train
..\..\data\raw\asl_alphabet\train\P\P2997.jpg,P,train
..\..\data\raw\asl_alphabet\train\J\J623.jpg,J,train
..\..\data\raw\asl_alphabet\train\E\E1041.jpg,E,train
..\..\data\raw\asl_alphabet\train\V\V439.jpg,V,train
..\..\data\raw\asl_alphabet\train\B\B2532.jpg,B,train
..\..\data\raw\asl_alphabet\train\N\N883.jpg,N,train
..\..\data\raw\asl_alphabet\train\del\del99.jpg,del,train
..\..\data\raw\asl_alphabet\train\C\C2879.jpg,C,train
..\..\data\raw\asl_alphabet\train\F\F369.jpg,F,train
..\..\data\raw\asl_alphabet\train\S\S173.jpg,S,train
..\..\data\raw\asl_alphabet\train\P\P767.jpg,P,train
..\..\data\raw\asl_alphabet\train\H\H2613.jpg,H,train
..\..\data\raw\asl_alphabet\train\P\P2271.jpg,P,train
..\..\data\raw\asl_alphabet\train\L\L2247.jpg,L,train
..\..\data\raw\asl_alphabet\train\S\S1019.jpg,S,train
..\..\data\raw\asl_alphabet\train\M\M1189.jpg,M,train
..\..\data\raw\asl_alphabet\train\G\G429.jpg,G,train
..\..\data\raw\asl_alphabet\train\N\N1373.jpg,N,train
..\..\data\raw\asl_alphabet\train\E\E166.jpg,E,train
..\..\data\raw\asl_alphabet\train\U\U895.jpg,U,train
..\..\data\raw\asl_alphabet\train\Z\Z350.jpg,Z,train
..\..\data\raw\asl_alphabet\train\F\F2484.jpg,F,train
..\..\data\raw\asl_alphabet\train\G\G2806.jpg,G,train
..\..\data\raw\asl_alphabet\train\Y\Y2160.jpg,Y,train
..\..\data\raw\asl_alphabet\train\Z\Z1354.jpg,Z,train
..\..\data\raw\asl_alphabet\train\E\E564.jpg,E,train
..\..\data\raw\asl_alphabet\train\V\V880.jpg,V,train
..\..\data\raw\asl_alphabet\train\Z\Z25.jpg,Z,train
..\..\data\raw\asl_alphabet\train\space\space1431.jpg,space,train
..\..\data\raw\asl_alphabet\train\space\space2590.jpg,space,train
..\..\data\raw\asl_alphabet\train\D\D2246.jpg,D,train
..\..\data\raw\asl_alphabet\train\F\F284.jpg,F,train
..\..\data\raw\asl_alphabet\train\I\I456.jpg,I,train
..\..\data\raw\asl_alphabet\train\X\X303.jpg,X,train
..\..\data\raw\asl_alphabet\train\W\W2167.jpg,W,train
..\..\data\raw\asl_alphabet\train\nothing\nothing2114.jpg,nothing,train
..\..\data\raw\asl_alphabet\train\Y\Y338.jpg,Y,train
..\..\data\raw\asl_alphabet\train\L\L2740.jpg,L,train
..\..\data\raw\asl_alphabet\train\F\F1097.jpg,F,train
..\..\data\raw\asl_alphabet\train\H\H180.jpg,H,train
..\..\data\raw\asl_alphabet\train\W\W478.jpg,W,train
..\..\data\raw\asl_alphabet\train\R\R1660.jpg,R,train
..\..\data\raw\asl_alphabet\train\S\S843.jpg,S,train
..\..\data\raw\asl_alphabet\train\Y\Y2971.jpg,Y,train
..\..\data\raw\asl_alphabet\train\E\E2233.jpg,E,train
..\..\data\raw\asl_alphabet\train\K\K175.jpg,K,train
..\..\data\raw\asl_alphabet\train\B\B2421.jpg,B,train
..\..\data\raw\asl_alphabet\train\S\S2865.jpg,S,train
..\..\data\raw\asl_alphabet\train\Q\Q2582.jpg,Q,train
..\..\data\raw\asl_alphabet\train\Y\Y631.jpg,Y,train
..\..\data\raw\asl_alphabet\train\D\D718.jpg,D,train
..\..\data\raw\asl_alphabet\train\O\O948.jpg,O,train
..\..\data\raw\asl_alphabet\train\L\L362.jpg,L,train
..\..\data\raw\asl_alphabet\train\K\K1602.jpg,K,train
..\..\data\raw\asl_alphabet\train\X\X1104.jpg,X,train
..\..\data\raw\asl_alphabet\train\V\V2007.jpg,V,train
..\..\data\raw\asl_alphabet\train\C\C157.jpg,C,train
..\..\data\raw\asl_alphabet\train\N\N2004.jpg,N,train
..\..\data\raw\asl_alphabet\train\K\K1314.jpg,K,train
..\..\data\raw\asl_alphabet\train\Z\Z1360.jpg,Z,train
..\..\data\raw\asl_alphabet\train\del\del2180.jpg,del,train
..\..\data\raw\asl_alphabet\train\V\V1108.jpg,V,train
..\..\data\raw\asl_alphabet\train\G\G1368.jpg,G,train
..\..\data\raw\asl_alphabet\train\J\J1258.jpg,J,train
..\..\data\raw\asl_alphabet\train\U\U1650.jpg,U,train
..\..\data\raw\asl_alphabet\train\Q\Q2085.jpg,Q,train
..\..\data\raw\asl_alphabet\train\C\C2366.jpg,C,train
..\..\data\raw\asl_alphabet\train\nothing\nothing1741.jpg,nothing,train
..\..\data\raw\asl_alphabet\train\B\B355.jpg,B,train
..\..\data\raw\asl_alphabet\train\A\A2558.jpg,A,train
..\..\data\raw\asl_alphabet\train\E\E2158.jpg,E,train
..\..\data\raw\asl_alphabet\train\M\M2364.jpg,M,train
..\..\data\raw\asl_alphabet\train\del\del1091.jpg,del,train
..\..\data\raw\asl_alphabet\train\nothing\nothing1429.jpg,nothing,train
..\..\data\raw\asl_alphabet\train\K\K1431.jpg,K,train
..\..\data\raw\asl_alphabet\train\C\C819.jpg,C,train
..\..\data\raw\asl_alphabet\train\S\S47.jpg,S,train
..\..\data\raw\asl_alphabet\train\G\G2118.jpg,G,train
..\..\data\raw\asl_alphabet\train\I\I1783.jpg,I,train
..\..\data\raw\asl_alphabet\train\M\M1588.jpg,M,train
..\..\data\raw\asl_alphabet\train\nothing\nothing2640.jpg,nothing,train
..\..\data\raw\asl_alphabet\train\Y\Y762.jpg,Y,train
..\..\data\raw\asl_alphabet\train\B\B1801.jpg,B,train
..\..\data\raw\asl_alphabet\train\G\G1778.jpg,G,train
..\..\data\raw\asl_alphabet\train\I\I1266.jpg,I,train
..\..\data\raw\asl_alphabet\train\W\W1664.jpg,W,train
..\..\data\raw\asl_alphabet\train\C\C2421.jpg,C,train
..\..\data\raw\asl_alphabet\train\space\space399.jpg,space,train
..\..\data\raw\asl_alphabet\train\B\B1830.jpg,B,train
..\..\data\raw\asl_alphabet\train\P\P2684.jpg,P,train
..\..\data\raw\asl_alphabet\train\T\T2648.jpg,T,train
..\..\data\raw\asl_alphabet\train\X\X1950.jpg,X,train
..\..\data\raw\asl_alphabet\train\Z\Z2738.jpg,Z,train
..\..\data\raw\asl_alphabet\train\U\U2730.jpg,U,train
..\..\data\raw\asl_alphabet\train\H\H2535.jpg,H,train
..\..\data\raw\asl_alphabet\train\B\B619.jpg,B,train
..\..\data\raw\asl_alphabet\train\X\X1245.jpg,X,train
..\..\data\raw\asl_alphabet\train\M\M536.jpg,M,train
..\..\data\raw\asl_alphabet\train\Q\Q1137.jpg,Q,train
..\..\data\raw\asl_alphabet\train\M\M2362.jpg,M,train
..\..\data\raw\asl_alphabet\train\S\S2288.jpg,S,train
..\..\data\raw\asl_alphabet\train\F\F375.jpg,F,train
..\..\data\raw\asl_alphabet\train\C\C152.jpg,C,train
..\..\data\raw\asl_alphabet\train\N\N211.jpg,N,train
..\..\data\raw\asl_alphabet\train\M\M714.jpg,M,train
..\..\data\raw\asl_alphabet\train\H\H1994.jpg,H,train
..\..\data\raw\asl_alphabet\train\R\R37.jpg,R,train
..\..\data\raw\asl_alphabet\train\Q\Q796.jpg,Q,train
..\..\data\raw\asl_alphabet\train\Y\Y507.jpg,Y,train
..\..\data\raw\asl_alphabet\train\B\B2253.jpg,B,train
..\..\data\raw\asl_alphabet\train\del\del277.jpg,del,train
..\..\data\raw\asl_alphabet\train\Y\Y2212.jpg,Y,train
..\..\data\raw\asl_alphabet\train\N\N2802.jpg,N,train
..\..\data\raw\asl_alphabet\train\H\H2779.jpg,H,train
..\..\data\raw\asl_alphabet\train\S\S915.jpg,S,train
..\..\data\raw\asl_alphabet\train\T\T1599.jpg,T,train
..\..\data\raw\asl_alphabet\train\space\space1151.jpg,space,train
..\..\data\raw\asl_alphabet\train\nothing\nothing1476.jpg,nothing,train
..\..\data\raw\asl_alphabet\train\V\V1382.jpg,V,train
..\..\data\raw\asl_alphabet\train\J\J909.jpg,J,train
..\..\data\raw\asl_alphabet\train\V\V2547.jpg,V,train
..\..\data\raw\asl_alphabet\train\P\P2364.jpg,P,train
..\..\data\raw\asl_alphabet\train\Y\Y2556.jpg,Y,train
..\..\data\raw\asl_alphabet\train\W\W415.jpg,W,train
..\..\data\raw\asl_alphabet\train\H\H2273.jpg,H,train
..\..\data\raw\asl_alphabet\train\C\C1135.jpg,C,train
..\..\data\raw\asl_alphabet\train\I\I2033.jpg,I,train
..\..\data\raw\asl_alphabet\train\Q\Q1084.jpg,Q,train
..\..\data\raw\asl_alphabet\train\V\V907.jpg,V,train
..\..\data\raw\asl_alphabet\train\T\T1029.jpg,T,train
..\..\data\raw\asl_alphabet\train\Q\Q648.jpg,Q,train
..\..\data\raw\asl_alphabet\train\E\E1804.jpg,E,train
..\..\data\raw\asl_alphabet\train\K\K2735.jpg,K,train
..\..\data\raw\asl_alphabet\train\H\H1863.jpg,H,train
..\..\data\raw\asl_alphabet\train\M\M2464.jpg,M,train
..\..\data\raw\asl_alphabet\train\del\del334.jpg,del,train
..\..\data\raw\asl_alphabet\train\S\S1784.jpg,S,train
..\..\data\raw\asl_alphabet\train\X\X36.jpg,X,train
..\..\data\raw\asl_alphabet\train\J\J143.jpg,J,train
..\..\data\raw\asl_alphabet\train\I\I827.jpg,I,train
..\..\data\raw\asl_alphabet\train\V\V2295.jpg,V,train
..\..\data\raw\asl_alphabet\train\E\E2460.jpg,E,train
..\..\data\raw\asl_alphabet\train\A\A727.jpg,A,train
..\..\data\raw\asl_alphabet\train\M\M1231.jpg,M,train
..\..\data\raw\asl_alphabet\train\nothing\nothing1203.jpg,nothing,train
..\..\data\raw\asl_alphabet\train\A\A2818.jpg,A,train
..\..\data\raw\asl_alphabet\train\J\J2432.jpg,J,train
..\..\data\raw\asl_alphabet\train\K\K646.jpg,K,train
..\..\data\raw\asl_alphabet\train\F\F2667.jpg,F,train
..\..\data\raw\asl_alphabet\train\P\P1724.jpg,P,train
..\..\data\raw\asl_alphabet\train\T\T542.jpg,T,train
..\..\data\raw\asl_alphabet\train\Y\Y454.jpg,Y,train
..\..\data\raw\asl_alphabet\train\I\I2036.jpg,I,train
..\..\data\raw\asl_alphabet\train\del\del1232.jpg,del,train
..\..\data\raw\asl_alphabet\train\Z\Z168.jpg,Z,train
..\..\data\raw\asl_alphabet\train\O\O774.jpg,O,train
..\..\data\raw\asl_alphabet\train\G\G1976.jpg,G,train
..\..\data\raw\asl_alphabet\train\D\D1368.jpg,D,train
..\..\data\raw\asl_alphabet\train\W\W1612.jpg,W,train
..\..\data\raw\asl_alphabet\train\L\L2562.jpg,L,train
..\..\data\raw\asl_alphabet\train\M\M1662.jpg,M,train
..\..\data\raw\asl_alphabet\train\B\B1951.jpg,B,train
..\..\data\raw\asl_alphabet\train\del\del505.jpg,del,train
..\..\data\raw\asl_alphabet\train\T\T2645.jpg,T,train
..\..\data\raw\asl_alphabet\train\X\X1856.jpg,X,train
..\..\data\raw\asl_alphabet\train\K\K1241.jpg,K,train
..\..\data\raw\asl_alphabet\train\M\M1811.jpg,M,train
..\..\data\raw\asl_alphabet\train\E\E2175.jpg,E,train
..\..\data\raw\asl_alphabet\train\T\T329.jpg,T,train
..\..\data\raw\asl_alphabet\train\E\E707.jpg,E,train
..\..\data\raw\asl_alphabet\train\R\R678.jpg,R,train
..\..\data\raw\asl_alphabet\train\Q\Q958.jpg,Q,train
..\..\data\raw\asl_alphabet\train\V\V1441.jpg,V,train
..\..\data\raw\asl_alphabet\train\V\V1663.jpg,V,train
..\..\data\raw\asl_alphabet\train\W\W2860.jpg,W,train
..\..\data\raw\asl_alphabet\train\del\del671.jpg,del,train
..\..\data\raw\asl_alphabet\train\T\T1928.jpg,T,train
..\..\data\raw\asl_alphabet\train\O\O2755.jpg,O,train
..\..\data\raw\asl_alphabet\train\Z\Z1432.jpg,Z,train
..\..\data\raw\asl_alphabet\train\N\N56.jpg,N,train
..\..\data\raw\asl_alphabet\train\U\U336.jpg,U,train
..\..\data\raw\asl_alphabet\train\N\N2374.jpg,N,train
..\..\data\raw\asl_alphabet\train\nothing\nothing1.jpg,nothing,train
..\..\data\raw\asl_alphabet\train\J\J656.jpg,J,train
..\..\data\raw\asl_alphabet\train\del\del2622.jpg,del,train
..\..\data\raw\asl_alphabet\train\B\B2784.jpg,B,train
..\..\data\raw\asl_alphabet\train\V\V538.jpg,V,train
..\..\data\raw\asl_alphabet\train\A\A366.jpg,A,train
..\..\data\raw\asl_alphabet\train\Y\Y2510.jpg,Y,train
..\..\data\raw\asl_alphabet\train\N\N1438.jpg,N,train
..\..\data\raw\asl_alphabet\train\S\S1824.jpg,S,train
..\..\data\raw\asl_alphabet\train\del\del155.jpg,del,train
..\..\data\raw\asl_alphabet\train\space\space54.jpg,space,train
..\..\data\raw\asl_alphabet\train\Z\Z1271.jpg,Z,train
..\..\data\raw\asl_alphabet\train\O\O824.jpg,O,train
..\..\data\raw\asl_alphabet\train\J\J1471.jpg,J,train
..\..\data\raw\asl_alphabet\train\O\O572.jpg,O,train
..\..\data\raw\asl_alphabet\train\Z\Z901.jpg,Z,train
..\..\data\raw\asl_alphabet\train\X\X421.jpg,X,train
..\..\data\raw\asl_alphabet\train\W\W1213.jpg,W,train
..\..\data\raw\asl_alphabet\train\F\F1270.jpg,F,train
..\..\data\raw\asl_alphabet\train\space\space1969.jpg,space,train
..\..\data\raw\asl_alphabet\train\X\X620.jpg,X,train
..\..\data\raw\asl_alphabet\train\L\L226.jpg,L,train
..\..\data\raw\asl_alphabet\train\K\K2786.jpg,K,train
..\..\data\raw\asl_alphabet\train\A\A661.jpg,A,train
..\..\data\raw\asl_alphabet\train\K\K1949.jpg,K,train
..\..\data\raw\asl_alphabet\train\C\C1665.jpg,C,train
..\..\data\raw\asl_alphabet\train\B\B1903.jpg,B,train
..\..\data\raw\asl_alphabet\train\Y\Y987.jpg,Y,train
..\..\data\raw\asl_alphabet\train\U\U1254.jpg,U,train
..\..\data\raw\asl_alphabet\train\T\T1623.jpg,T,train
..\..\data\raw\asl_alphabet\train\P\P2901.jpg,P,train
..\..\data\raw\asl_alphabet\train\S\S2576.jpg,S,train
..\..\data\raw\asl_alphabet\train\U\U634.jpg,U,train
..\..\data\raw\asl_alphabet\train\P\P977.jpg,P,train
..\..\data\raw\asl_alphabet\train\M\M2688.jpg,M,train
..\..\data\raw\asl_alphabet\train\F\F1842.jpg,F,train
..\..\data\raw\asl_alphabet\train\B\B1391.jpg,B,train
..\..\data\raw\asl_alphabet\train\C\C777.jpg,C,train
..\..\data\raw\asl_alphabet\train\S\S646.jpg,S,train
..\..\data\raw\asl_alphabet\train\M\M1412.jpg,M,train
..\..\data\raw\asl_alphabet\train\H\H1771.jpg,H,train
..\..\data\raw\asl_alphabet\train\K\K2083.jpg,K,train
..\..\data\raw\asl_alphabet\train\N\N2265.jpg,N,train
..\..\data\raw\asl_alphabet\train\K\K1262.jpg,K,train
..\..\data\raw\asl_alphabet\train\space\space245.jpg,space,train
..\..\data\raw\asl_alphabet\train\E\E1685.jpg,E,train
..\..\data\raw\asl_alphabet\train\A\A1599.jpg,A,train
..\..\data\raw\asl_alphabet\train\O\O2117.jpg,O,train
..\..\data\raw\asl_alphabet\train\P\P2418.jpg,P,train
..\..\data\raw\asl_alphabet\train\M\M2436.jpg,M,train
..\..\data\raw\asl_alphabet\train\J\J2139.jpg,J,train
..\..\data\raw\asl_alphabet\train\F\F2617.jpg,F,train
..\..\data\raw\asl_alphabet\train\D\D1450.jpg,D,train
..\..\data\raw\asl_alphabet\train\G\G1179.jpg,G,train
..\..\data\raw\asl_alphabet\train\I\I2404.jpg,I,train
..\..\data\raw\asl_alphabet\train\B\B1295.jpg,B,train
..\..\data\raw\asl_alphabet\train\M\M1581.jpg,M,train
..\..\data\raw\asl_alphabet\train\X\X619.jpg,X,train
..\..\data\raw\asl_alphabet\train\A\A641.jpg,A,train
..\..\data\raw\asl_alphabet\train\L\L2602.jpg,L,train
..\..\data\raw\asl_alphabet\train\S\S304.jpg,S,train
..\..\data\raw\asl_alphabet\train\Z\Z1631.jpg,Z,train
..\..\data\raw\asl_alphabet\train\L\L2451.jpg,L,train
..\..\data\raw\asl_alphabet\train\R\R2133.jpg,R,train
..\..\data\raw\asl_alphabet\train\C\C2528.jpg,C,train
..\..\data\raw\asl_alphabet\train\D\D602.jpg,D,train
..\..\data\raw\asl_alphabet\train\X\X201.jpg,X,train
..\..\data\raw\asl_alphabet\train\space\space854.jpg,space,train
..\..\data\raw\asl_alphabet\train\Z\Z2657.jpg,Z,train
..\..\data\raw\asl_alphabet\train\space\space1834.jpg,space,train
..\..\data\raw\asl_alphabet\train\nothing\nothing54.jpg,nothing,train
..\..\data\raw\asl_alphabet\train\D\D1664.jpg,D,train
..\..\data\raw\asl_alphabet\train\I\I2124.jpg,I,train
..\..\data\raw\asl_alphabet\train\E\E1769.jpg,E,train
..\..\data\raw\asl_alphabet\train\U\U1380.jpg,U,train
..\..\data\raw\asl_alphabet\train\B\B1617.jpg,B,train
..\..\data\raw\asl_alphabet\train\M\M1591.jpg,M,train
..\..\data\raw\asl_alphabet\train\J\J836.jpg,J,train
..\..\data\raw\asl_alphabet\train\V\V2438.jpg,V,train
..\..\data\raw\asl_alphabet\train\space\space2078.jpg,space,train
..\..\data\raw\asl_alphabet\train\space\space2291.jpg,space,train
..\..\data\raw\asl_alphabet\train\A\A2545.jpg,A,train
..\..\data\raw\asl_alphabet\train\Q\Q1153.jpg,Q,train
..\..\data\raw\asl_alphabet\train\I\I1268.jpg,I,train
..\..\data\raw\asl_alphabet\train\B\B1526.jpg,B,train
..\..\data\raw\asl_alphabet\train\F\F1160.jpg,F,train
..\..\data\raw\asl_alphabet\train\P\P61.jpg,P,train
..\..\data\raw\asl_alphabet\train\I\I2216.jpg,I,train
..\..\data\raw\asl_alphabet\train\F\F1252.jpg,F,train
..\..\data\raw\asl_alphabet\train\space\space1838.jpg,space,train
..\..\data\raw\asl_alphabet\train\X\X1686.jpg,X,train
..\..\data\raw\asl_alphabet\train\S\S1272.jpg,S,train
..\..\data\raw\asl_alphabet\train\I\I2874.jpg,I,train
..\..\data\raw\asl_alphabet\train\nothing\nothing1746.jpg,nothing,train
..\..\data\raw\asl_alphabet\train\X\X2223.jpg,X,train
..\..\data\raw\asl_alphabet\train\E\E738.jpg,E,train
..\..\data\raw\asl_alphabet\train\space\space522.jpg,space,train
..\..\data\raw\asl_alphabet\train\N\N822.jpg,N,train
..\..\data\raw\asl_alphabet\train\R\R600.jpg,R,train
..\..\data\raw\asl_alphabet\train\O\O1964.jpg,O,train
..\..\data\raw\asl_alphabet\train\F\F2824.jpg,F,train
..\..\data\raw\asl_alphabet\train\Q\Q1860.jpg,Q,train
..\..\data\raw\asl_alphabet\train\Q\Q2262.jpg,Q,train
..\..\data\raw\asl_alphabet\train\J\J577.jpg,J,train
..\..\data\raw\asl_alphabet\train\T\T888.jpg,T,train
..\..\data\raw\asl_alphabet\train\X\X46.jpg,X,train
..\..\data\raw\asl_alphabet\train\Q\Q430.jpg,Q,train
..\..\data\raw\asl_alphabet\train\O\O2798.jpg,O,train
..\..\data\raw\asl_alphabet\train\I\I560.jpg,I,train
..\..\data\raw\asl_alphabet\train\Q\Q1922.jpg,Q,train
..\..\data\raw\asl_alphabet\train\C\C1330.jpg,C,train
..\..\data\raw\asl_alphabet\train\V\V2316.jpg,V,train
..\..\data\raw\asl_alphabet\train\Y\Y2335.jpg,Y,train
..\..\data\raw\asl_alphabet\train\M\M657.jpg,M,train
..\..\data\raw\asl_alphabet\train\H\H453.jpg,H,train
..\..\data\raw\asl_alphabet\train\U\U2660.jpg,U,train
..\..\data\raw\asl_alphabet\train\Y\Y972.jpg,Y,train
..\..\data\raw\asl_alphabet\train\M\M749.jpg,M,train
..\..\data\raw\asl_alphabet\train\space\space2285.jpg,space,train
..\..\data\raw\asl_alphabet\train\space\space315.jpg,space,train
..\..\data\raw\asl_alphabet\train\D\D565.jpg,D,train
..\..\data\raw\asl_alphabet\train\E\E1530.jpg,E,train
..\..\data\raw\asl_alphabet\train\N\N224.jpg,N,train
..\..\data\raw\asl_alphabet\train\E\E1989.jpg,E,train
..\..\data\raw\asl_alphabet\train\M\M2736.jpg,M,train
..\..\data\raw\asl_alphabet\train\Z\Z1438.jpg,Z,train
..\..\data\raw\asl_alphabet\train\M\M267.jpg,M,train
..\..\data\raw\asl_alphabet\train\J\J625.jpg,J,train
..\..\data\raw\asl_alphabet\train\P\P86.jpg,P,train
..\..\data\raw\asl_alphabet\train\J\J2329.jpg,J,train
..\..\data\raw\asl_alphabet\train\F\F2661.jpg,F,train
..\..\data\raw\asl_alphabet\train\D\D2534.jpg,D,train
..\..\data\raw\asl_alphabet\train\Y\Y1568.jpg,Y,train
..\..\data\raw\asl_alphabet\train\O\O692.jpg,O,train
..\..\data\raw\asl_alphabet\train\E\E2200.jpg,E,train
..\..\data\raw\asl_alphabet\train\P\P1930.jpg,P,train
..\..\data\raw\asl_alphabet\train\B\B1384.jpg,B,train
..\..\data\raw\asl_alphabet\train\V\V2019.jpg,V,train
..\..\data\raw\asl_alphabet\train\L\L215.jpg,L,train
..\..\data\raw\asl_alphabet\train\W\W773.jpg,W,train
..\..\data\raw\asl_alphabet\train\del\del1409.jpg,del,train
..\..\data\raw\asl_alphabet\train\X\X2611.jpg,X,train
..\..\data\raw\asl_alphabet\train\F\F2477.jpg,F,train
..\..\data\raw\asl_alphabet\train\U\U1175.jpg,U,train
..\..\data\raw\asl_alphabet\train\B\B2938.jpg,B,train
..\..\data\raw\asl_alphabet\train\E\E1231.jpg,E,train
..\..\data\raw\asl_alphabet\train\space\space2018.jpg,space,train
..\..\data\raw\asl_alphabet\train\del\del1399.jpg,del,train
..\..\data\raw\asl_alphabet\train\P\P384.jpg,P,train
..\..\data\raw\asl_alphabet\train\T\T1145.jpg,T,train
..\..\data\raw\asl_alphabet\train\N\N915.jpg,N,train
..\..\data\raw\asl_alphabet\train\C\C2226.jpg,C,train
..\..\data\raw\asl_alphabet\train\B\B270.jpg,B,train
..\..\data\raw\asl_alphabet\train\Y\Y1967.jpg,Y,train
..\..\data\raw\asl_alphabet\train\G\G1553.jpg,G,train
..\..\data\raw\asl_alphabet\train\nothing\nothing2647.jpg,nothing,train
..\..\data\raw\asl_alphabet\train\G\G1856.jpg,G,train
..\..\data\raw\asl_alphabet\train\S\S419.jpg,S,train
..\..\data\raw\asl_alphabet\train\C\C632.jpg,C,train
..\..\data\raw\asl_alphabet\train\Z\Z2117.jpg,Z,train
..\..\data\raw\asl_alphabet\train\K\K1090.jpg,K,train
..\..\data\raw\asl_alphabet\train\C\C2367.jpg,C,train
..\..\data\raw\asl_alphabet\train\X\X2127.jpg,X,train
..\..\data\raw\asl_alphabet\train\space\space392.jpg,space,train
..\..\data\raw\asl_alphabet\train\space\space374.jpg,space,train
..\..\data\raw\asl_alphabet\train\R\R106.jpg,R,train
..\..\data\raw\asl_alphabet\train\N\N2003.jpg,N,train
..\..\data\raw\asl_alphabet\train\I\I1737.jpg,I,train
..\..\data\raw\asl_alphabet\train\L\L643.jpg,L,train
..\..\data\raw\asl_alphabet\train\T\T2773.jpg,T,train
..\..\data\raw\asl_alphabet\train\C\C862.jpg,C,train
..\..\data\raw\asl_alphabet\train\S\S2850.jpg,S,train
..\..\data\raw\asl_alphabet\train\W\W2944.jpg,W,train
..\..\data\raw\asl_alphabet\train\V\V1226.jpg,V,train
..\..\data\raw\asl_alphabet\train\P\P1111.jpg,P,train
..\..\data\raw\asl_alphabet\train\I\I1018.jpg,I,train
..\..\data\raw\asl_alphabet\train\B\B2009.jpg,B,train
..\..\data\raw\asl_alphabet\train\H\H476.jpg,H,train
..\..\data\raw\asl_alphabet\train\J\J2.jpg,J,train
..\..\data\raw\asl_alphabet\train\H\H1393.jpg,H,train
..\..\data\raw\asl_alphabet\train\C\C1517.jpg,C,train
..\..\data\raw\asl_alphabet\train\L\L1646.jpg,L,train
..\..\data\raw\asl_alphabet\train\N\N2461.jpg,N,train
..\..\data\raw\asl_alphabet\train\A\A885.jpg,A,train
..\..\data\raw\asl_alphabet\train\K\K1483.jpg,K,train
..\..\data\raw\asl_alphabet\train\Z\Z2606.jpg,Z,train
..\..\data\raw\asl_alphabet\train\S\S793.jpg,S,train
..\..\data\raw\asl_alphabet\train\S\S2842.jpg,S,train
..\..\data\raw\asl_alphabet\train\G\G1120.jpg,G,train
..\..\data\raw\asl_alphabet\train\F\F1501.jpg,F,train
..\..\data\raw\asl_alphabet\train\nothing\nothing1172.jpg,nothing,train
..\..\data\raw\asl_alphabet\train\K\K1053.jpg,K,train
..\..\data\raw\asl_alphabet\train\W\W969.jpg,W,train
..\..\data\raw\asl_alphabet\train\W\W2362.jpg,W,train
..\..\data\raw\asl_alphabet\train\M\M85.jpg,M,train
..\..\data\raw\asl_alphabet\train\T\T1638.jpg,T,train
..\..\data\raw\asl_alphabet\train\U\U1421.jpg,U,train
..\..\data\raw\asl_alphabet\train\C\C2194.jpg,C,train
..\..\data\raw\asl_alphabet\train\L\L1425.jpg,L,train
..\..\data\raw\asl_alphabet\train\Q\Q2598.jpg,Q,train
..\..\data\raw\asl_alphabet\train\Y\Y2457.jpg,Y,train
..\..\data\raw\asl_alphabet\train\P\P1029.jpg,P,train
..\..\data\raw\asl_alphabet\train\nothing\nothing16.jpg,nothing,train
..\..\data\raw\asl_alphabet\train\F\F135.jpg,F,train
..\..\data\raw\asl_alphabet\train\B\B2500.jpg,B,train
..\..\data\raw\asl_alphabet\train\space\space2682.jpg,space,train
..\..\data\raw\asl_alphabet\train\A\A2613.jpg,A,train
..\..\data\raw\asl_alphabet\train\X\X1752.jpg,X,train
..\..\data\raw\asl_alphabet\train\U\U2858.jpg,U,train
..\..\data\raw\asl_alphabet\train\M\M1858.jpg,M,train
..\..\data\raw\asl_alphabet\train\K\K1746.jpg,K,train
..\..\data\raw\asl_alphabet\train\T\T2439.jpg,T,train
..\..\data\raw\asl_alphabet\train\Z\Z2554.jpg,Z,train
..\..\data\raw\asl_alphabet\train\E\E1009.jpg,E,train
..\..\data\raw\asl_alphabet\train\P\P2612.jpg,P,train
..\..\data\raw\asl_alphabet\train\Z\Z1165.jpg,Z,train
..\..\data\raw\asl_alphabet\train\S\S1520.jpg,S,train
..\..\data\raw\asl_alphabet\train\V\V1404.jpg,V,train
..\..\data\raw\asl_alphabet\train\T\T357.jpg,T,train
..\..\data\raw\asl_alphabet\train\U\U273.jpg,U,train
..\..\data\raw\asl_alphabet\train\V\V341.jpg,V,train
..\..\data\raw\asl_alphabet\train\Z\Z697.jpg,Z,train
..\..\data\raw\asl_alphabet\train\P\P195.jpg,P,train
..\..\data\raw\asl_alphabet\train\Q\Q1374.jpg,Q,train
..\..\data\raw\asl_alphabet\train\L\L1510.jpg,L,train
..\..\data\raw\asl_alphabet\train\V\V1287.jpg,V,train
..\..\data\raw\asl_alphabet\train\T\T1366.jpg,T,train
..\..\data\raw\asl_alphabet\train\Y\Y2935.jpg,Y,train
..\..\data\raw\asl_alphabet\train\J\J116.jpg,J,train
..\..\data\raw\asl_alphabet\train\Y\Y2240.jpg,Y,train
..\..\data\raw\asl_alphabet\train\P\P1627.jpg,P,train
..\..\data\raw\asl_alphabet\train\F\F52.jpg,F,train
..\..\data\raw\asl_alphabet\train\Z\Z1916.jpg,Z,train
..\..\data\raw\asl_alphabet\train\S\S1918.jpg,S,train
..\..\data\raw\asl_alphabet\train\V\V1824.jpg,V,train
..\..\data\raw\asl_alphabet\train\nothing\nothing2373.jpg,nothing,train
..\..\data\raw\asl_alphabet\train\C\C2152.jpg,C,train
..\..\data\raw\asl_alphabet\train\K\K643.jpg,K,train
..\..\data\raw\asl_alphabet\train\M\M1367.jpg,M,train
..\..\data\raw\asl_alphabet\train\P\P98.jpg,P,train
..\..\data\raw\asl_alphabet\train\V\V1721.jpg,V,train
..\..\data\raw\asl_alphabet\train\U\U1541.jpg,U,train
..\..\data\raw\asl_alphabet\train\G\G1945.jpg,G,train
..\..\data\raw\asl_alphabet\train\N\N1136.jpg,N,train
..\..\data\raw\asl_alphabet\train\U\U625.jpg,U,train
..\..\data\raw\asl_alphabet\train\Z\Z2896.jpg,Z,train
..\..\data\raw\asl_alphabet\train\V\V1682.jpg,V,train
..\..\data\raw\asl_alphabet\train\H\H1637.jpg,H,train
..\..\data\raw\asl_alphabet\train\K\K185.jpg,K,train
..\..\data\raw\asl_alphabet\train\A\A694.jpg,A,train
..\..\data\raw\asl_alphabet\train\H\H2526.jpg,H,train
..\..\data\raw\asl_alphabet\train\G\G2393.jpg,G,train
..\..\data\raw\asl_alphabet\train\del\del1799.jpg,del,train
..\..\data\raw\asl_alphabet\train\F\F1151.jpg,F,train
..\..\data\raw\asl_alphabet\train\U\U1916.jpg,U,train
..\..\data\raw\asl_alphabet\train\W\W172.jpg,W,train
..\..\data\raw\asl_alphabet\train\O\O1637.jpg,O,train
..\..\data\raw\asl_alphabet\train\space\space2030.jpg,space,train
..\..\data\raw\asl_alphabet\train\B\B1271.jpg,B,train
..\..\data\raw\asl_alphabet\train\N\N913.jpg,N,train
..\..\data\raw\asl_alphabet\train\R\R2651.jpg,R,train
..\..\data\raw\asl_alphabet\train\A\A1108.jpg,A,train
..\..\data\raw\asl_alphabet\train\Q\Q2007.jpg,Q,train
..\..\data\raw\asl_alphabet\train\nothing\nothing2464.jpg,nothing,train
..\..\data\raw\asl_alphabet\train\nothing\nothing2406.jpg,nothing,train
..\..\data\raw\asl_alphabet\train\Z\Z932.jpg,Z,train
..\..\data\raw\asl_alphabet\train\Z\Z1068.jpg,Z,train
..\..\data\raw\asl_alphabet\train\I\I2661.jpg,I,train
..\..\data\raw\asl_alphabet\train\V\V744.jpg,V,train
..\..\data\raw\asl_alphabet\train\Z\Z2226.jpg,Z,train
..\..\data\raw\asl_alphabet\train\O\O1960.jpg,O,train
..\..\data\raw\asl_alphabet\train\Z\Z1116.jpg,Z,train
..\..\data\raw\asl_alphabet\train\G\G2589.jpg,G,train
..\..\data\raw\asl_alphabet\train\G\G1155.jpg,G,train
..\..\data\raw\asl_alphabet\train\R\R1659.jpg,R,train
..\..\data\raw\asl_alphabet\train\T\T2350.jpg,T,train
..\..\data\raw\asl_alphabet\train\S\S575.jpg,S,train
..\..\data\raw\asl_alphabet\train\V\V864.jpg,V,train
..\..\data\raw\asl_alphabet\train\P\P145.jpg,P,train
..\..\data\raw\asl_alphabet\train\B\B1714.jpg,B,train
..\..\data\raw\asl_alphabet\train\A\A1870.jpg,A,train
..\..\data\raw\asl_alphabet\train\U\U1033.jpg,U,train
..\..\data\raw\asl_alphabet\train\T\T285.jpg,T,train
..\..\data\raw\asl_alphabet\train\O\O2589.jpg,O,train
..\..\data\raw\asl_alphabet\train\Y\Y30.jpg,Y,train
..\..\data\raw\asl_alphabet\train\K\K2462.jpg,K,train
..\..\data\raw\asl_alphabet\train\P\P1787.jpg,P,train
..\..\data\raw\asl_alphabet\train\H\H1380.jpg,H,train
..\..\data\raw\asl_alphabet\train\del\del2979.jpg,del,train
..\..\data\raw\asl_alphabet\train\F\F1163.jpg,F,train
..\..\data\raw\asl_alphabet\train\H\H45.jpg,H,train
..\..\data\raw\asl_alphabet\train\S\S280.jpg,S,train
..\..\data\raw\asl_alphabet\train\A\A2342.jpg,A,train
..\..\data\raw\asl_alphabet\train\del\del1841.jpg,del,train
..\..\data\raw\asl_alphabet\train\G\G1919.jpg,G,train
..\..\data\raw\asl_alphabet\train\U\U2185.jpg,U,train
..\..\data\raw\asl_alphabet\train\Z\Z2028.jpg,Z,train
..\..\data\raw\asl_alphabet\train\G\G2484.jpg,G,train
..\..\data\raw\asl_alphabet\train\Q\Q2044.jpg,Q,train
..\..\data\raw\asl_alphabet\train\P\P2965.jpg,P,train
..\..\data\raw\asl_alphabet\train\R\R695.jpg,R,train
..\..\data\raw\asl_alphabet\train\F\F2100.jpg,F,train
..\..\data\raw\asl_alphabet\train\O\O159.jpg,O,train
..\..\data\raw\asl_alphabet\train\J\J2543.jpg,J,train
..\..\data\raw\asl_alphabet\train\F\F1511.jpg,F,train
..\..\data\raw\asl_alphabet\train\J\J1767.jpg,J,train
..\..\data\raw\asl_alphabet\train\J\J1114.jpg,J,train
..\..\data\raw\asl_alphabet\train\E\E2698.jpg,E,train
..\..\data\raw\asl_alphabet\train\N\N1541.jpg,N,train
..\..\data\raw\asl_alphabet\train\Y\Y2176.jpg,Y,train
..\..\data\raw\asl_alphabet\train\M\M2744.jpg,M,train
..\..\data\raw\asl_alphabet\train\F\F126.jpg,F,train
..\..\data\raw\asl_alphabet\train\O\O1300.jpg,O,train
..\..\data\raw\asl_alphabet\train\L\L1973.jpg,L,train
..\..\data\raw\asl_alphabet\train\O\O1027.jpg,O,train
..\..\data\raw\asl_alphabet\train\S\S1595.jpg,S,train
..\..\data\raw\asl_alphabet\train\T\T1716.jpg,T,train
..\..\data\raw\asl_alphabet\train\B\B2281.jpg,B,train
..\..\data\raw\asl_alphabet\train\Y\Y225.jpg,Y,train
..\..\data\raw\asl_alphabet\train\G\G594.jpg,G,train
..\..\data\raw\asl_alphabet\train\nothing\nothing2116.jpg,nothing,train
..\..\data\raw\asl_alphabet\train\Y\Y2914.jpg,Y,train
..\..\data\raw\asl_alphabet\train\Y\Y574.jpg,Y,train
..\..\data\raw\asl_alphabet\train\A\A1469.jpg,A,train
..\..\data\raw\asl_alphabet\train\S\S1666.jpg,S,train
..\..\data\raw\asl_alphabet\train\nothing\nothing2184.jpg,nothing,train
..\..\data\raw\asl_alphabet\train\C\C1221.jpg,C,train
..\..\data\raw\asl_alphabet\train\X\X2106.jpg,X,train
..\..\data\raw\asl_alphabet\train\F\F1772.jpg,F,train
..\..\data\raw\asl_alphabet\train\B\B17.jpg,B,train
..\..\data\raw\asl_alphabet\train\R\R2513.jpg,R,train
..\..\data\raw\asl_alphabet\train\H\H1546.jpg,H,train
..\..\data\raw\asl_alphabet\train\del\del2364.jpg,del,train
..\..\data\raw\asl_alphabet\train\C\C770.jpg,C,train
..\..\data\raw\asl_alphabet\train\D\D1944.jpg,D,train
..\..\data\raw\asl_alphabet\train\A\A771.jpg,A,train
..\..\data\raw\asl_alphabet\train\R\R1614.jpg,R,train
..\..\data\raw\asl_alphabet\train\N\N491.jpg,N,train
..\..\data\raw\asl_alphabet\train\L\L475.jpg,L,train
..\..\data\raw\asl_alphabet\train\nothing\nothing2986.jpg,nothing,train
..\..\data\raw\asl_alphabet\train\Y\Y2995.jpg,Y,train
..\..\data\raw\asl_alphabet\train\Z\Z1525.jpg,Z,train
..\..\data\raw\asl_alphabet\train\J\J1968.jpg,J,train
..\..\data\raw\asl_alphabet\train\O\O1808.jpg,O,train
..\..\data\raw\asl_alphabet\train\X\X1847.jpg,X,train
..\..\data\raw\asl_alphabet\train\Q\Q1697.jpg,Q,train
..\..\data\raw\asl_alphabet\train\E\E1555.jpg,E,train
..\..\data\raw\asl_alphabet\train\W\W1464.jpg,W,train
..\..\data\raw\asl_alphabet\train\P\P2906.jpg,P,train
..\..\data\raw\asl_alphabet\train\G\G758.jpg,G,train
..\..\data\raw\asl_alphabet\train\P\P2100.jpg,P,train
..\..\data\raw\asl_alphabet\train\W\W774.jpg,W,train
..\..\data\raw\asl_alphabet\train\Z\Z2915.jpg,Z,train
..\..\data\raw\asl_alphabet\train\W\W181.jpg,W,train
..\..\data\raw\asl_alphabet\train\E\E1812.jpg,E,train
..\..\data\raw\asl_alphabet\train\I\I429.jpg,I,train
..\..\data\raw\asl_alphabet\train\K\K2110.jpg,K,train
..\..\data\raw\asl_alphabet\train\Q\Q2136.jpg,Q,train
..\..\data\raw\asl_alphabet\train\T\T1991.jpg,T,train
..\..\data\raw\asl_alphabet\train\X\X1378.jpg,X,train
..\..\data\raw\asl_alphabet\train\I\I1565.jpg,I,train
..\..\data\raw\asl_alphabet\train\T\T1412.jpg,T,train
..\..\data\raw\asl_alphabet\train\F\F1145.jpg,F,train
..\..\data\raw\asl_alphabet\train\R\R2792.jpg,R,train
..\..\data\raw\asl_alphabet\train\L\L2302.jpg,L,train
..\..\data\raw\asl_alphabet\train\D\D1513.jpg,D,train
..\..\data\raw\asl_alphabet\train\del\del2712.jpg,del,train
..\..\data\raw\asl_alphabet\train\D\D2035.jpg,D,train
..\..\data\raw\asl_alphabet\train\O\O2447.jpg,O,train
..\..\data\raw\asl_alphabet\train\S\S2005.jpg,S,train
..\..\data\raw\asl_alphabet\train\P\P263.jpg,P,train
..\..\data\raw\asl_alphabet\train\M\M2493.jpg,M,train
..\..\data\raw\asl_alphabet\train\D\D676.jpg,D,train
..\..\data\raw\asl_alphabet\train\del\del2334.jpg,del,train
..\..\data\raw\asl_alphabet\train\X\X1824.jpg,X,train
..\..\data\raw\asl_alphabet\train\O\O317.jpg,O,train
..\..\data\raw\asl_alphabet\train\M\M1051.jpg,M,train
..\..\data\raw\asl_alphabet\train\space\space2103.jpg,space,train
..\..\data\raw\asl_alphabet\train\K\K96.jpg,K,train
..\..\data\raw\asl_alphabet\train\A\A342.jpg,A,train
..\..\data\raw\asl_alphabet\train\E\E2434.jpg,E,train
..\..\data\raw\asl_alphabet\train\U\U1870.jpg,U,train
..\..\data\raw\asl_alphabet\train\P\P813.jpg,P,train
..\..\data\raw\asl_alphabet\train\J\J1942.jpg,J,train
..\..\data\raw\asl_alphabet\train\W\W1849.jpg,W,train
..\..\data\raw\asl_alphabet\train\space\space2090.jpg,space,train
..\..\data\raw\asl_alphabet\train\D\D1480.jpg,D,train
..\..\data\raw\asl_alphabet\train\B\B1582.jpg,B,train
..\..\data\raw\asl_alphabet\train\del\del2339.jpg,del,train
..\..\data\raw\asl_alphabet\train\F\F844.jpg,F,train
..\..\data\raw\asl_alphabet\train\E\E531.jpg,E,train
..\..\data\raw\asl_alphabet\train\I\I418.jpg,I,train
..\..\data\raw\asl_alphabet\train\D\D2588.jpg,D,train
..\..\data\raw\asl_alphabet\train\A\A295.jpg,A,train
..\..\data\raw\asl_alphabet\train\U\U424.jpg,U,train
..\..\data\raw\asl_alphabet\train\Y\Y696.jpg,Y,train
..\..\data\raw\asl_alphabet\train\Z\Z2333.jpg,Z,train
..\..\data\raw\asl_alphabet\train\L\L704.jpg,L,train
..\..\data\raw\asl_alphabet\train\K\K2447.jpg,K,train
..\..\data\raw\asl_alphabet\train\S\S1844.jpg,S,train
..\..\data\raw\asl_alphabet\train\N\N521.jpg,N,train
..\..\data\raw\asl_alphabet\train\T\T955.jpg,T,train
..\..\data\raw\asl_alphabet\train\L\L855.jpg,L,train
..\..\data\raw\asl_alphabet\train\S\S29.jpg,S,train
..\..\data\raw\asl_alphabet\train\C\C2255.jpg,C,train
..\..\data\raw\asl_alphabet\train\H\H868.jpg,H,train
..\..\data\raw\asl_alphabet\train\H\H1850.jpg,H,train
..\..\data\raw\asl_alphabet\train\Z\Z2683.jpg,Z,train
..\..\data\raw\asl_alphabet\train\S\S2766.jpg,S,train
..\..\data\raw\asl_alphabet\train\T\T1506.jpg,T,train
..\..\data\raw\asl_alphabet\train\W\W2284.jpg,W,train
..\..\data\raw\asl_alphabet\train\M\M913.jpg,M,train
..\..\data\raw\asl_alphabet\train\V\V131.jpg,V,train
..\..\data\raw\asl_alphabet\train\nothing\nothing797.jpg,nothing,train
..\..\data\raw\asl_alphabet\train\T\T886.jpg,T,train
..\..\data\raw\asl_alphabet\train\L\L60.jpg,L,train
..\..\data\raw\asl_alphabet\train\del\del779.jpg,del,train
..\..\data\raw\asl_alphabet\train\W\W466.jpg,W,train
..\..\data\raw\asl_alphabet\train\Q\Q2637.jpg,Q,train
..\..\data\raw\asl_alphabet\train\T\T522.jpg,T,train
..\..\data\raw\asl_alphabet\train\del\del149.jpg,del,train
..\..\data\raw\asl_alphabet\train\O\O1890.jpg,O,train
..\..\data\raw\asl_alphabet\train\A\A236.jpg,A,train
..\..\data\raw\asl_alphabet\train\A\A2413.jpg,A,train
..\..\data\raw\asl_alphabet\train\U\U366.jpg,U,train
..\..\data\raw\asl_alphabet\train\E\E1778.jpg,E,train
..\..\data\raw\asl_alphabet\train\V\V1078.jpg,V,train
..\..\data\raw\asl_alphabet\train\G\G1181.jpg,G,train
..\..\data\raw\asl_alphabet\train\M\M1332.jpg,M,train
..\..\data\raw\asl_alphabet\train\X\X1132.jpg,X,train
..\..\data\raw\asl_alphabet\train\G\G409.jpg,G,train
..\..\data\raw\asl_alphabet\train\Z\Z2672.jpg,Z,train
..\..\data\raw\asl_alphabet\train\Z\Z1222.jpg,Z,train
..\..\data\raw\asl_alphabet\train\del\del245.jpg,del,train
..\..\data\raw\asl_alphabet\train\D\D663.jpg,D,train
..\..\data\raw\asl_alphabet\train\S\S954.jpg,S,train
..\..\data\raw\asl_alphabet\train\Y\Y2338.jpg,Y,train
..\..\data\raw\asl_alphabet\train\R\R2081.jpg,R,train
..\..\data\raw\asl_alphabet\train\O\O576.jpg,O,train
..\..\data\raw\asl_alphabet\train\C\C456.jpg,C,train
..\..\data\raw\asl_alphabet\train\B\B914.jpg,B,train
..\..\data\raw\asl_alphabet\train\L\L1224.jpg,L,train
..\..\data\raw\asl_alphabet\train\Y\Y974.jpg,Y,train
..\..\data\raw\asl_alphabet\train\Q\Q2889.jpg,Q,train
..\..\data\raw\asl_alphabet\train\N\N2605.jpg,N,train
..\..\data\raw\asl_alphabet\train\H\H2733.jpg,H,train
..\..\data\raw\asl_alphabet\train\I\I465.jpg,I,train
..\..\data\raw\asl_alphabet\train\G\G1285.jpg,G,train
..\..\data\raw\asl_alphabet\train\G\G1614.jpg,G,train
..\..\data\raw\asl_alphabet\train\W\W1457.jpg,W,train
..\..\data\raw\asl_alphabet\train\X\X2189.jpg,X,train
..\..\data\raw\asl_alphabet\train\U\U1118.jpg,U,train
..\..\data\raw\asl_alphabet\train\U\U1416.jpg,U,train
..\..\data\raw\asl_alphabet\train\T\T1267.jpg,T,train
..\..\data\raw\asl_alphabet\train\del\del1439.jpg,del,train
..\..\data\raw\asl_alphabet\train\Q\Q1771.jpg,Q,train
..\..\data\raw\asl_alphabet\train\D\D1192.jpg,D,train
..\..\data\raw\asl_alphabet\train\E\E640.jpg,E,train
..\..\data\raw\asl_alphabet\train\H\H659.jpg,H,train
..\..\data\raw\asl_alphabet\train\F\F2373.jpg,F,train
..\..\data\raw\asl_alphabet\train\M\M1886.jpg,M,train
..\..\data\raw\asl_alphabet\train\L\L1708.jpg,L,train
..\..\data\raw\asl_alphabet\train\Q\Q760.jpg,Q,train
..\..\data\raw\asl_alphabet\train\space\space1163.jpg,space,train
..\..\data\raw\asl_alphabet\train\del\del840.jpg,del,train
..\..\data\raw\asl_alphabet\train\H\H1454.jpg,H,train
..\..\data\raw\asl_alphabet\train\del\del2803.jpg,del,train
..\..\data\raw\asl_alphabet\train\space\space2114.jpg,space,train
..\..\data\raw\asl_alphabet\train\A\A1775.jpg,A,train
..\..\data\raw\asl_alphabet\train\R\R996.jpg,R,train
..\..\data\raw\asl_alphabet\train\X\X2915.jpg,X,train
..\..\data\raw\asl_alphabet\train\Y\Y274.jpg,Y,train
..\..\data\raw\asl_alphabet\train\Q\Q1905.jpg,Q,train
..\..\data\raw\asl_alphabet\train\space\space2461.jpg,space,train
..\..\data\raw\asl_alphabet\train\E\E606.jpg,E,train
..\..\data\raw\asl_alphabet\train\I\I2512.jpg,I,train
..\..\data\raw\asl_alphabet\train\S\S1232.jpg,S,train
..\..\data\raw\asl_alphabet\train\O\O1748.jpg,O,train
..\..\data\raw\asl_alphabet\train\V\V1196.jpg,V,train
..\..\data\raw\asl_alphabet\train\P\P1170.jpg,P,train
..\..\data\raw\asl_alphabet\train\del\del2657.jpg,del,train
..\..\data\raw\asl_alphabet\train\R\R832.jpg,R,train
..\..\data\raw\asl_alphabet\train\Y\Y2791.jpg,Y,train
..\..\data\raw\asl_alphabet\train\S\S2959.jpg,S,train
..\..\data\raw\asl_alphabet\train\Q\Q1732.jpg,Q,train
..\..\data\raw\asl_alphabet\train\H\H105.jpg,H,train
..\..\data\raw\asl_alphabet\train\Y\Y2419.jpg,Y,train
..\..\data\raw\asl_alphabet\train\E\E1588.jpg,E,train
..\..\data\raw\asl_alphabet\train\C\C1075.jpg,C,train
..\..\data\raw\asl_alphabet\train\C\C1188.jpg,C,train
..\..\data\raw\asl_alphabet\train\H\H2882.jpg,H,train
..\..\data\raw\asl_alphabet\train\X\X1988.jpg,X,train
..\..\data\raw\asl_alphabet\train\T\T2329.jpg,T,train
..\..\data\raw\asl_alphabet\train\F\F867.jpg,F,train
..\..\data\raw\asl_alphabet\train\A\A1675.jpg,A,train
..\..\data\raw\asl_alphabet\train\J\J2776.jpg,J,train
..\..\data\raw\asl_alphabet\train\T\T2432.jpg,T,train
..\..\data\raw\asl_alphabet\train\K\K2556.jpg,K,train
..\..\data\raw\asl_alphabet\train\E\E2645.jpg,E,train
..\..\data\raw\asl_alphabet\train\M\M2708.jpg,M,train
..\..\data\raw\asl_alphabet\train\R\R888.jpg,R,train
..\..\data\raw\asl_alphabet\train\H\H2684.jpg,H,train
..\..\data\raw\asl_alphabet\train\Q\Q2470.jpg,Q,train
..\..\data\raw\asl_alphabet\train\R\R671.jpg,R,train
..\..\data\raw\asl_alphabet\train\space\space2664.jpg,space,train
..\..\data\raw\asl_alphabet\train\Y\Y398.jpg,Y,train
..\..\data\raw\asl_alphabet\train\G\G222.jpg,G,train
..\..\data\raw\asl_alphabet\train\nothing\nothing2088.jpg,nothing,train
..\..\data\raw\asl_alphabet\train\del\del270.jpg,del,train
..\..\data\raw\asl_alphabet\train\A\A2336.jpg,A,train
..\..\data\raw\asl_alphabet\train\T\T1489.jpg,T,train
..\..\data\raw\asl_alphabet\train\Q\Q2004.jpg,Q,train
..\..\data\raw\asl_alphabet\train\Y\Y1283.jpg,Y,train
..\..\data\raw\asl_alphabet\train\Y\Y2432.jpg,Y,train
..\..\data\raw\asl_alphabet\train\N\N1982.jpg,N,train
..\..\data\raw\asl_alphabet\train\J\J990.jpg,J,train
..\..\data\raw\asl_alphabet\train\C\C2989.jpg,C,train
..\..\data\raw\asl_alphabet\train\W\W2935.jpg,W,train
..\..\data\raw\asl_alphabet\train\Q\Q2211.jpg,Q,train
..\..\data\raw\asl_alphabet\train\U\U1956.jpg,U,train
..\..\data\raw\asl_alphabet\train\Q\Q2704.jpg,Q,train
..\..\data\raw\asl_alphabet\train\C\C1312.jpg,C,train
..\..\data\raw\asl_alphabet\train\L\L2697.jpg,L,train
..\..\data\raw\asl_alphabet\train\J\J1190.jpg,J,train
..\..\data\raw\asl_alphabet\train\M\M2530.jpg,M,train
..\..\data\raw\asl_alphabet\train\Z\Z575.jpg,Z,train
..\..\data\raw\asl_alphabet\train\N\N2510.jpg,N,train
..\..\data\raw\asl_alphabet\train\O\O221.jpg,O,train
..\..\data\raw\asl_alphabet\train\N\N1659.jpg,N,train
..\..\data\raw\asl_alphabet\train\O\O1377.jpg,O,train
..\..\data\raw\asl_alphabet\train\K\K2007.jpg,K,train
..\..\data\raw\asl_alphabet\train\space\space2994.jpg,space,train
..\..\data\raw\asl_alphabet\train\I\I256.jpg,I,train
..\..\data\raw\asl_alphabet\train\G\G2423.jpg,G,train
..\..\data\raw\asl_alphabet\train\Y\Y556.jpg,Y,train
..\..\data\raw\asl_alphabet\train\E\E9.jpg,E,train
..\..\data\raw\asl_alphabet\train\space\space2831.jpg,space,train
..\..\data\raw\asl_alphabet\train\O\O347.jpg,O,train
..\..\data\raw\asl_alphabet\train\H\H697.jpg,H,train
..\..\data\raw\asl_alphabet\train\Q\Q2095.jpg,Q,train
..\..\data\raw\asl_alphabet\train\V\V2120.jpg,V,train
..\..\data\raw\asl_alphabet\train\I\I2807.jpg,I,train
..\..\data\raw\asl_alphabet\train\Z\Z2736.jpg,Z,train
..\..\data\raw\asl_alphabet\train\I\I517.jpg,I,train
..\..\data\raw\asl_alphabet\train\U\U2954.jpg,U,train
..\..\data\raw\asl_alphabet\train\del\del454.jpg,del,train
..\..\data\raw\asl_alphabet\train\R\R1424.jpg,R,train
..\..\data\raw\asl_alphabet\train\V\V1868.jpg,V,train
..\..\data\raw\asl_alphabet\train\D\D801.jpg,D,train
..\..\data\raw\asl_alphabet\train\T\T897.jpg,T,train
..\..\data\raw\asl_alphabet\train\S\S1979.jpg,S,train
..\..\data\raw\asl_alphabet\train\X\X1398.jpg,X,train
..\..\data\raw\asl_alphabet\train\R\R2576.jpg,R,train
..\..\data\raw\asl_alphabet\train\W\W2113.jpg,W,train
..\..\data\raw\asl_alphabet\train\Y\Y1453.jpg,Y,train
..\..\data\raw\asl_alphabet\train\J\J1573.jpg,J,train
..\..\data\raw\asl_alphabet\train\J\J2762.jpg,J,train
..\..\data\raw\asl_alphabet\train\W\W999.jpg,W,train
..\..\data\raw\asl_alphabet\train\K\K2059.jpg,K,train
..\..\data\raw\asl_alphabet\train\D\D60.jpg,D,train
..\..\data\raw\asl_alphabet\train\A\A896.jpg,A,train
..\..\data\raw\asl_alphabet\train\space\space516.jpg,space,train
..\..\data\raw\asl_alphabet\train\Q\Q1268.jpg,Q,train
..\..\data\raw\asl_alphabet\train\V\V653.jpg,V,train
..\..\data\raw\asl_alphabet\train\V\V854.jpg,V,train
..\..\data\raw\asl_alphabet\train\R\R2190.jpg,R,train
..\..\data\raw\asl_alphabet\train\A\A2200.jpg,A,train
..\..\data\raw\asl_alphabet\train\P\P2390.jpg,P,train
..\..\data\raw\asl_alphabet\train\D\D559.jpg,D,train
..\..\data\raw\asl_alphabet\train\T\T1399.jpg,T,train
..\..\data\raw\asl_alphabet\train\D\D2911.jpg,D,train
..\..\data\raw\asl_alphabet\train\P\P2753.jpg,P,train
..\..\data\raw\asl_alphabet\train\A\A1508.jpg,A,train
..\..\data\raw\asl_alphabet\train\A\A324.jpg,A,train
..\..\data\raw\asl_alphabet\train\H\H797.jpg,H,train
..\..\data\raw\asl_alphabet\train\O\O1560.jpg,O,train
..\..\data\raw\asl_alphabet\train\G\G12.jpg,G,train
..\..\data\raw\asl_alphabet\train\G\G2654.jpg,G,train
..\..\data\raw\asl_alphabet\train\N\N1601.jpg,N,train
..\..\data\raw\asl_alphabet\train\E\E529.jpg,E,train
..\..\data\raw\asl_alphabet\train\nothing\nothing1979.jpg,nothing,train
..\..\data\raw\asl_alphabet\train\F\F2882.jpg,F,train
..\..\data\raw\asl_alphabet\train\M\M642.jpg,M,train
..\..\data\raw\asl_alphabet\train\K\K730.jpg,K,train
..\..\data\raw\asl_alphabet\train\Y\Y1594.jpg,Y,train
..\..\data\raw\asl_alphabet\train\del\del160.jpg,del,train
..\..\data\raw\asl_alphabet\train\F\F2323.jpg,F,train
..\..\data\raw\asl_alphabet\train\Y\Y2846.jpg,Y,train
..\..\data\raw\asl_alphabet\train\I\I2365.jpg,I,train
..\..\data\raw\asl_alphabet\train\nothing\nothing2412.jpg,nothing,train
..\..\data\raw\asl_alphabet\train\Y\Y2018.jpg,Y,train
..\..\data\raw\asl_alphabet\train\L\L595.jpg,L,train
..\..\data\raw\asl_alphabet\train\N\N160.jpg,N,train
..\..\data\raw\asl_alphabet\train\J\J2066.jpg,J,train
..\..\data\raw\asl_alphabet\train\W\W511.jpg,W,train
..\..\data\raw\asl_alphabet\train\U\U86.jpg,U,train
..\..\data\raw\asl_alphabet\train\M\M2640.jpg,M,train
..\..\data\raw\asl_alphabet\train\D\D2299.jpg,D,train
..\..\data\raw\asl_alphabet\train\X\X140.jpg,X,train
..\..\data\raw\asl_alphabet\train\B\B1235.jpg,B,train
..\..\data\raw\asl_alphabet\train\K\K986.jpg,K,train
..\..\data\raw\asl_alphabet\train\V\V1199.jpg,V,train
..\..\data\raw\asl_alphabet\train\R\R1610.jpg,R,train
..\..\data\raw\asl_alphabet\train\C\C1077.jpg,C,train
..\..\data\raw\asl_alphabet\train\R\R1260.jpg,R,train
..\..\data\raw\asl_alphabet\train\J\J4.jpg,J,train
..\..\data\raw\asl_alphabet\train\D\D1855.jpg,D,train
..\..\data\raw\asl_alphabet\train\W\W1748.jpg,W,train
..\..\data\raw\asl_alphabet\train\W\W1390.jpg,W,train
..\..\data\raw\asl_alphabet\train\G\G997.jpg,G,train
..\..\data\raw\asl_alphabet\train\X\X2974.jpg,X,train
..\..\data\raw\asl_alphabet\train\Z\Z535.jpg,Z,train
..\..\data\raw\asl_alphabet\train\K\K825.jpg,K,train
..\..\data\raw\asl_alphabet\train\A\A1486.jpg,A,train
..\..\data\raw\asl_alphabet\train\G\G1351.jpg,G,train
..\..\data\raw\asl_alphabet\train\E\E792.jpg,E,train
..\..\data\raw\asl_alphabet\train\C\C2040.jpg,C,train
..\..\data\raw\asl_alphabet\train\Z\Z2667.jpg,Z,train
..\..\data\raw\asl_alphabet\train\Z\Z2187.jpg,Z,train
..\..\data\raw\asl_alphabet\train\Z\Z459.jpg,Z,train
..\..\data\raw\asl_alphabet\train\G\G959.jpg,G,train
..\..\data\raw\asl_alphabet\train\L\L1041.jpg,L,train
..\..\data\raw\asl_alphabet\train\M\M992.jpg,M,train
..\..\data\raw\asl_alphabet\train\Z\Z2216.jpg,Z,train
..\..\data\raw\asl_alphabet\train\H\H2581.jpg,H,train
..\..\data\raw\asl_alphabet\train\A\A587.jpg,A,train
..\..\data\raw\asl_alphabet\train\X\X1091.jpg,X,train
..\..\data\raw\asl_alphabet\train\G\G1618.jpg,G,train
..\..\data\raw\asl_alphabet\train\V\V1977.jpg,V,train
..\..\data\raw\asl_alphabet\train\D\D1114.jpg,D,train
..\..\data\raw\asl_alphabet\train\S\S2279.jpg,S,train
..\..\data\raw\asl_alphabet\train\X\X1818.jpg,X,train
..\..\data\raw\asl_alphabet\train\nothing\nothing1337.jpg,nothing,train
..\..\data\raw\asl_alphabet\train\B\B68.jpg,B,train
..\..\data\raw\asl_alphabet\train\F\F178.jpg,F,train
..\..\data\raw\asl_alphabet\train\M\M1413.jpg,M,train
..\..\data\raw\asl_alphabet\train\G\G600.jpg,G,train
..\..\data\raw\asl_alphabet\train\O\O2504.jpg,O,train
..\..\data\raw\asl_alphabet\train\H\H240.jpg,H,train
..\..\data\raw\asl_alphabet\train\O\O2113.jpg,O,train
..\..\data\raw\asl_alphabet\train\G\G1812.jpg,G,train
..\..\data\raw\asl_alphabet\train\F\F1233.jpg,F,train
..\..\data\raw\asl_alphabet\train\X\X1228.jpg,X,train
..\..\data\raw\asl_alphabet\train\N\N2116.jpg,N,train
..\..\data\raw\asl_alphabet\train\X\X367.jpg,X,train
..\..\data\raw\asl_alphabet\train\V\V2941.jpg,V,train
..\..\data\raw\asl_alphabet\train\E\E811.jpg,E,train
..\..\data\raw\asl_alphabet\train\F\F336.jpg,F,train
..\..\data\raw\asl_alphabet\train\U\U2080.jpg,U,train
..\..\data\raw\asl_alphabet\train\D\D354.jpg,D,train
..\..\data\raw\asl_alphabet\train\I\I472.jpg,I,train
..\..\data\raw\asl_alphabet\train\V\V193.jpg,V,train
..\..\data\raw\asl_alphabet\train\N\N2097.jpg,N,train
..\..\data\raw\asl_alphabet\train\I\I1157.jpg,I,train
..\..\data\raw\asl_alphabet\train\J\J2986.jpg,J,train
..\..\data\raw\asl_alphabet\train\J\J1378.jpg,J,train
..\..\data\raw\asl_alphabet\train\B\B2504.jpg,B,train
..\..\data\raw\asl_alphabet\train\H\H2322.jpg,H,train
..\..\data\raw\asl_alphabet\train\R\R516.jpg,R,train
..\..\data\raw\asl_alphabet\train\D\D2849.jpg,D,train
..\..\data\raw\asl_alphabet\train\Y\Y2044.jpg,Y,train
..\..\data\raw\asl_alphabet\train\W\W2772.jpg,W,train
..\..\data\raw\asl_alphabet\train\X\X1763.jpg,X,train
..\..\data\raw\asl_alphabet\train\Y\Y208.jpg,Y,train
..\..\data\raw\asl_alphabet\train\Y\Y2219.jpg,Y,train
..\..\data\raw\asl_alphabet\train\space\space2314.jpg,space,train
..\..\data\raw\asl_alphabet\train\V\V2094.jpg,V,train
..\..\data\raw\asl_alphabet\train\P\P851.jpg,P,train
..\..\data\raw\asl_alphabet\train\K\K2982.jpg,K,train
..\..\data\raw\asl_alphabet\train\C\C2832.jpg,C,train
..\..\data\raw\asl_alphabet\train\S\S208.jpg,S,train
..\..\data\raw\asl_alphabet\train\X\X253.jpg,X,train
..\..\data\raw\asl_alphabet\train\N\N2767.jpg,N,train
..\..\data\raw\asl_alphabet\train\A\A423.jpg,A,train
..\..\data\raw\asl_alphabet\train\D\D39.jpg,D,train
..\..\data\raw\asl_alphabet\train\K\K2466.jpg,K,train
..\..\data\raw\asl_alphabet\train\L\L2192.jpg,L,train
..\..\data\raw\asl_alphabet\train\Q\Q2512.jpg,Q,train
..\..\data\raw\asl_alphabet\train\T\T1734.jpg,T,train
..\..\data\raw\asl_alphabet\train\J\J2754.jpg,J,train
..\..\data\raw\asl_alphabet\train\X\X835.jpg,X,train
..\..\data\raw\asl_alphabet\train\C\C692.jpg,C,train
..\..\data\raw\asl_alphabet\train\space\space1368.jpg,space,train
..\..\data\raw\asl_alphabet\train\A\A95.jpg,A,train
..\..\data\raw\asl_alphabet\train\nothing\nothing442.jpg,nothing,train
..\..\data\raw\asl_alphabet\train\A\A1838.jpg,A,train
..\..\data\raw\asl_alphabet\train\X\X2378.jpg,X,train
..\..\data\raw\asl_alphabet\train\E\E2003.jpg,E,train
..\..\data\raw\asl_alphabet\train\space\space897.jpg,space,train
..\..\data\raw\asl_alphabet\train\nothing\nothing2882.jpg,nothing,train
..\..\data\raw\asl_alphabet\train\space\space2526.jpg,space,train
..\..\data\raw\asl_alphabet\train\F\F1247.jpg,F,train
..\..\data\raw\asl_alphabet\train\R\R1042.jpg,R,train
..\..\data\raw\asl_alphabet\train\S\S175.jpg,S,train
..\..\data\raw\asl_alphabet\train\P\P2251.jpg,P,train
..\..\data\raw\asl_alphabet\train\U\U237.jpg,U,train
..\..\data\raw\asl_alphabet\train\Y\Y1427.jpg,Y,train
..\..\data\raw\asl_alphabet\train\M\M165.jpg,M,train
..\..\data\raw\asl_alphabet\train\M\M108.jpg,M,train
..\..\data\raw\asl_alphabet\train\T\T2543.jpg,T,train
..\..\data\raw\asl_alphabet\train\C\C282.jpg,C,train
..\..\data\raw\asl_alphabet\train\W\W1068.jpg,W,train
..\..\data\raw\asl_alphabet\train\J\J2396.jpg,J,train
..\..\data\raw\asl_alphabet\train\S\S1698.jpg,S,train
..\..\data\raw\asl_alphabet\train\B\B480.jpg,B,train
..\..\data\raw\asl_alphabet\train\U\U1768.jpg,U,train
..\..\data\raw\asl_alphabet\train\D\D2670.jpg,D,train
..\..\data\raw\asl_alphabet\train\X\X779.jpg,X,train
..\..\data\raw\asl_alphabet\train\P\P921.jpg,P,train
..\..\data\raw\asl_alphabet\train\J\J155.jpg,J,train
..\..\data\raw\asl_alphabet\train\K\K187.jpg,K,train
..\..\data\raw\asl_alphabet\train\P\P514.jpg,P,train
..\..\data\raw\asl_alphabet\train\nothing\nothing1108.jpg,nothing,train
..\..\data\raw\asl_alphabet\train\Z\Z2008.jpg,Z,train
..\..\data\raw\asl_alphabet\train\A\A2503.jpg,A,train
..\..\data\raw\asl_alphabet\train\L\L2780.jpg,L,train
..\..\data\raw\asl_alphabet\train\P\P2920.jpg,P,train
..\..\data\raw\asl_alphabet\train\D\D843.jpg,D,train
..\..\data\raw\asl_alphabet\train\nothing\nothing25.jpg,nothing,train
..\..\data\raw\asl_alphabet\train\M\M1233.jpg,M,train
..\..\data\raw\asl_alphabet\train\Q\Q2851.jpg,Q,train
..\..\data\raw\asl_alphabet\train\M\M1715.jpg,M,train
..\..\data\raw\asl_alphabet\train\T\T1972.jpg,T,train
..\..\data\raw\asl_alphabet\train\Y\Y1067.jpg,Y,train
..\..\data\raw\asl_alphabet\train\V\V2098.jpg,V,train
..\..\data\raw\asl_alphabet\train\T\T2338.jpg,T,train
..\..\data\raw\asl_alphabet\train\E\E69.jpg,E,train
..\..\data\raw\asl_alphabet\train\W\W790.jpg,W,train
..\..\data\raw\asl_alphabet\train\B\B2001.jpg,B,train
..\..\data\raw\asl_alphabet\train\O\O795.jpg,O,train
..\..\data\raw\asl_alphabet\train\X\X901.jpg,X,train
..\..\data\raw\asl_alphabet\train\G\G1652.jpg,G,train
..\..\data\raw\asl_alphabet\train\O\O194.jpg,O,train
..\..\data\raw\asl_alphabet\train\F\F1611.jpg,F,train
..\..\data\raw\asl_alphabet\train\B\B2148.jpg,B,train
..\..\data\raw\asl_alphabet\train\nothing\nothing435.jpg,nothing,train
..\..\data\raw\asl_alphabet\train\V\V1889.jpg,V,train
..\..\data\raw\asl_alphabet\train\R\R2811.jpg,R,train
..\..\data\raw\asl_alphabet\train\H\H511.jpg,H,train
..\..\data\raw\asl_alphabet\train\E\E758.jpg,E,train
..\..\data\raw\asl_alphabet\train\W\W1839.jpg,W,train
..\..\data\raw\asl_alphabet\train\M\M400.jpg,M,train
..\..\data\raw\asl_alphabet\train\V\V1194.jpg,V,train
..\..\data\raw\asl_alphabet\train\X\X254.jpg,X,train
..\..\data\raw\asl_alphabet\train\K\K2452.jpg,K,train
..\..\data\raw\asl_alphabet\train\J\J365.jpg,J,train
..\..\data\raw\asl_alphabet\train\W\W1526.jpg,W,train
..\..\data\raw\asl_alphabet\train\I\I756.jpg,I,train
..\..\data\raw\asl_alphabet\train\H\H2799.jpg,H,train
..\..\data\raw\asl_alphabet\train\nothing\nothing671.jpg,nothing,train
..\..\data\raw\asl_alphabet\train\G\G721.jpg,G,train
..\..\data\raw\asl_alphabet\train\I\I1803.jpg,I,train
..\..\data\raw\asl_alphabet\train\space\space86.jpg,space,train
..\..\data\raw\asl_alphabet\train\R\R1627.jpg,R,train
..\..\data\raw\asl_alphabet\train\M\M1706.jpg,M,train
..\..\data\raw\asl_alphabet\train\Q\Q1708.jpg,Q,train
..\..\data\raw\asl_alphabet\train\del\del2726.jpg,del,train
..\..\data\raw\asl_alphabet\train\I\I2500.jpg,I,train
..\..\data\raw\asl_alphabet\train\B\B327.jpg,B,train
..\..\data\raw\asl_alphabet\train\P\P1923.jpg,P,train
..\..\data\raw\asl_alphabet\train\I\I660.jpg,I,train
..\..\data\raw\asl_alphabet\train\F\F2788.jpg,F,train
..\..\data\raw\asl_alphabet\train\T\T1002.jpg,T,train
..\..\data\raw\asl_alphabet\train\S\S2680.jpg,S,train
..\..\data\raw\asl_alphabet\train\X\X1802.jpg,X,train
..\..\data\raw\asl_alphabet\train\V\V1346.jpg,V,train
..\..\data\raw\asl_alphabet\train\T\T2101.jpg,T,train
..\..\data\raw\asl_alphabet\train\W\W2838.jpg,W,train
..\..\data\raw\asl_alphabet\train\Y\Y176.jpg,Y,train
..\..\data\raw\asl_alphabet\train\D\D465.jpg,D,train
..\..\data\raw\asl_alphabet\train\S\S901.jpg,S,train
..\..\data\raw\asl_alphabet\train\T\T1373.jpg,T,train
..\..\data\raw\asl_alphabet\train\G\G2526.jpg,G,train
..\..\data\raw\asl_alphabet\train\T\T2574.jpg,T,train
..\..\data\raw\asl_alphabet\train\D\D2438.jpg,D,train
..\..\data\raw\asl_alphabet\train\F\F795.jpg,F,train
..\..\data\raw\asl_alphabet\train\J\J1077.jpg,J,train
..\..\data\raw\asl_alphabet\train\space\space93.jpg,space,train
..\..\data\raw\asl_alphabet\train\O\O1174.jpg,O,train
..\..\data\raw\asl_alphabet\train\O\O1482.jpg,O,train
..\..\data\raw\asl_alphabet\train\nothing\nothing785.jpg,nothing,train
..\..\data\raw\asl_alphabet\train\C\C219.jpg,C,train
..\..\data\raw\asl_alphabet\train\B\B1648.jpg,B,train
..\..\data\raw\asl_alphabet\train\P\P2859.jpg,P,train
..\..\data\raw\asl_alphabet\train\P\P71.jpg,P,train
..\..\data\raw\asl_alphabet\train\G\G991.jpg,G,train
..\..\data\raw\asl_alphabet\train\D\D1741.jpg,D,train
..\..\data\raw\asl_alphabet\train\del\del58.jpg,del,train
..\..\data\raw\asl_alphabet\train\W\W786.jpg,W,train
..\..\data\raw\asl_alphabet\train\Q\Q2439.jpg,Q,train
..\..\data\raw\asl_alphabet\train\Y\Y820.jpg,Y,train
..\..\data\raw\asl_alphabet\train\A\A10.jpg,A,train
..\..\data\raw\asl_alphabet\train\J\J1.jpg,J,train
..\..\data\raw\asl_alphabet\train\del\del1206.jpg,del,train
..\..\data\raw\asl_alphabet\train\X\X257.jpg,X,train
..\..\data\raw\asl_alphabet\train\P\P2891.jpg,P,train
..\..\data\raw\asl_alphabet\train\N\N2441.jpg,N,train
..\..\data\raw\asl_alphabet\train\K\K1743.jpg,K,train
..\..\data\raw\asl_alphabet\train\F\F65.jpg,F,train
..\..\data\raw\asl_alphabet\train\I\I1644.jpg,I,train
..\..\data\raw\asl_alphabet\train\M\M2753.jpg,M,train
..\..\data\raw\asl_alphabet\train\M\M2431.jpg,M,train
..\..\data\raw\asl_alphabet\train\L\L2496.jpg,L,train
..\..\data\raw\asl_alphabet\train\K\K597.jpg,K,train
..\..\data\raw\asl_alphabet\train\P\P2386.jpg,P,train
..\..\data\raw\asl_alphabet\train\K\K1731.jpg,K,train
..\..\data\raw\asl_alphabet\train\X\X677.jpg,X,train
..\..\data\raw\asl_alphabet\train\M\M1488.jpg,M,train
..\..\data\raw\asl_alphabet\train\del\del1725.jpg,del,train
..\..\data\raw\asl_alphabet\train\J\J2359.jpg,J,train
..\..\data\raw\asl_alphabet\train\F\F1634.jpg,F,train
..\..\data\raw\asl_alphabet\train\I\I1708.jpg,I,train
..\..\data\raw\asl_alphabet\train\Y\Y2085.jpg,Y,train
..\..\data\raw\asl_alphabet\train\V\V1453.jpg,V,train
..\..\data\raw\asl_alphabet\train\space\space2926.jpg,space,train
..\..\data\raw\asl_alphabet\train\D\D2957.jpg,D,train
..\..\data\raw\asl_alphabet\train\D\D1524.jpg,D,train
..\..\data\raw\asl_alphabet\train\Y\Y1672.jpg,Y,train
..\..\data\raw\asl_alphabet\train\F\F2430.jpg,F,train
..\..\data\raw\asl_alphabet\train\F\F5.jpg,F,train
..\..\data\raw\asl_alphabet\train\U\U201.jpg,U,train
..\..\data\raw\asl_alphabet\train\D\D2005.jpg,D,train
..\..\data\raw\asl_alphabet\train\I\I1314.jpg,I,train
..\..\data\raw\asl_alphabet\train\Z\Z990.jpg,Z,train
..\..\data\raw\asl_alphabet\train\K\K89.jpg,K,train
..\..\data\raw\asl_alphabet\train\O\O2686.jpg,O,train
..\..\data\raw\asl_alphabet\train\del\del843.jpg,del,train
..\..\data\raw\asl_alphabet\train\del\del459.jpg,del,train
..\..\data\raw\asl_alphabet\train\E\E2980.jpg,E,train
..\..\data\raw\asl_alphabet\train\A\A2321.jpg,A,train
..\..\data\raw\asl_alphabet\train\X\X2008.jpg,X,train
..\..\data\raw\asl_alphabet\train\C\C699.jpg,C,train
..\..\data\raw\asl_alphabet\train\N\N2835.jpg,N,train
..\..\data\raw\asl_alphabet\train\N\N2270.jpg,N,train
..\..\data\raw\asl_alphabet\train\R\R211.jpg,R,train
..\..\data\raw\asl_alphabet\train\L\L572.jpg,L,train
..\..\data\raw\asl_alphabet\train\V\V1854.jpg,V,train
..\..\data\raw\asl_alphabet\train\D\D366.jpg,D,train
..\..\data\raw\asl_alphabet\train\Q\Q2488.jpg,Q,train
..\..\data\raw\asl_alphabet\train\O\O2353.jpg,O,train
..\..\data\raw\asl_alphabet\train\G\G1565.jpg,G,train
..\..\data\raw\asl_alphabet\train\R\R1882.jpg,R,train
..\..\data\raw\asl_alphabet\train\V\V1933.jpg,V,train
..\..\data\raw\asl_alphabet\train\U\U2296.jpg,U,train
..\..\data\raw\asl_alphabet\train\P\P2317.jpg,P,train
..\..\data\raw\asl_alphabet\train\G\G1330.jpg,G,train
..\..\data\raw\asl_alphabet\train\I\I956.jpg,I,train
..\..\data\raw\asl_alphabet\train\H\H1667.jpg,H,train
..\..\data\raw\asl_alphabet\train\I\I14.jpg,I,train
..\..\data\raw\asl_alphabet\train\T\T1573.jpg,T,train
..\..\data\raw\asl_alphabet\train\W\W2048.jpg,W,train
..\..\data\raw\asl_alphabet\train\N\N2860.jpg,N,train
..\..\data\raw\asl_alphabet\train\A\A2027.jpg,A,train
..\..\data\raw\asl_alphabet\train\U\U189.jpg,U,train
..\..\data\raw\asl_alphabet\train\B\B1548.jpg,B,train
..\..\data\raw\asl_alphabet\train\Q\Q712.jpg,Q,train
..\..\data\raw\asl_alphabet\train\D\D329.jpg,D,train
..\..\data\raw\asl_alphabet\train\P\P2122.jpg,P,train
..\..\data\raw\asl_alphabet\train\space\space1200.jpg,space,train
..\..\data\raw\asl_alphabet\train\M\M2858.jpg,M,train
..\..\data\raw\asl_alphabet\train\D\D2613.jpg,D,train
..\..\data\raw\asl_alphabet\train\R\R665.jpg,R,train
..\..\data\raw\asl_alphabet\train\I\I980.jpg,I,train
..\..\data\raw\asl_alphabet\train\Q\Q952.jpg,Q,train
..\..\data\raw\asl_alphabet\train\Q\Q2962.jpg,Q,train
..\..\data\raw\asl_alphabet\train\S\S2765.jpg,S,train
..\..\data\raw\asl_alphabet\train\Y\Y2505.jpg,Y,train
..\..\data\raw\asl_alphabet\train\A\A3000.jpg,A,train
..\..\data\raw\asl_alphabet\train\space\space2910.jpg,space,train
..\..\data\raw\asl_alphabet\train\X\X1430.jpg,X,train
..\..\data\raw\asl_alphabet\train\A\A1266.jpg,A,train
..\..\data\raw\asl_alphabet\train\S\S2678.jpg,S,train
..\..\data\raw\asl_alphabet\train\M\M2784.jpg,M,train
..\..\data\raw\asl_alphabet\train\space\space1669.jpg,space,train
..\..\data\raw\asl_alphabet\train\N\N1743.jpg,N,train
..\..\data\raw\asl_alphabet\train\L\L2871.jpg,L,train
..\..\data\raw\asl_alphabet\train\Q\Q1807.jpg,Q,train
..\..\data\raw\asl_alphabet\train\R\R822.jpg,R,train
..\..\data\raw\asl_alphabet\train\L\L172.jpg,L,train
..\..\data\raw\asl_alphabet\train\D\D1838.jpg,D,train
..\..\data\raw\asl_alphabet\train\V\V1994.jpg,V,train
..\..\data\raw\asl_alphabet\train\J\J2318.jpg,J,train
..\..\data\raw\asl_alphabet\train\K\K732.jpg,K,train
..\..\data\raw\asl_alphabet\train\E\E1550.jpg,E,train
..\..\data\raw\asl_alphabet\train\W\W1435.jpg,W,train
..\..\data\raw\asl_alphabet\train\nothing\nothing1917.jpg,nothing,train
..\..\data\raw\asl_alphabet\train\E\E2180.jpg,E,train
..\..\data\raw\asl_alphabet\train\space\space2518.jpg,space,train
..\..\data\raw\asl_alphabet\train\R\R2530.jpg,R,train
..\..\data\raw\asl_alphabet\train\I\I2925.jpg,I,train
..\..\data\raw\asl_alphabet\train\U\U1242.jpg,U,train
..\..\data\raw\asl_alphabet\train\A\A2676.jpg,A,train
..\..\data\raw\asl_alphabet\train\S\S1705.jpg,S,train
..\..\data\raw\asl_alphabet\train\K\K2575.jpg,K,train
..\..\data\raw\asl_alphabet\train\del\del103.jpg,del,train
..\..\data\raw\asl_alphabet\train\D\D866.jpg,D,train
..\..\data\raw\asl_alphabet\train\V\V276.jpg,V,train
..\..\data\raw\asl_alphabet\train\H\H922.jpg,H,train
..\..\data\raw\asl_alphabet\train\nothing\nothing713.jpg,nothing,train
..\..\data\raw\asl_alphabet\train\O\O1309.jpg,O,train
..\..\data\raw\asl_alphabet\train\V\V2213.jpg,V,train
..\..\data\raw\asl_alphabet\train\nothing\nothing669.jpg,nothing,train
..\..\data\raw\asl_alphabet\train\K\K731.jpg,K,train
..\..\data\raw\asl_alphabet\train\F\F68.jpg,F,train
..\..\data\raw\asl_alphabet\train\A\A872.jpg,A,train
..\..\data\raw\asl_alphabet\train\N\N1479.jpg,N,train
..\..\data\raw\asl_alphabet\train\O\O925.jpg,O,train
..\..\data\raw\asl_alphabet\train\I\I1716.jpg,I,train
..\..\data\raw\asl_alphabet\train\I\I1282.jpg,I,train
..\..\data\raw\asl_alphabet\train\Y\Y1660.jpg,Y,train
..\..\data\raw\asl_alphabet\train\X\X2925.jpg,X,train
..\..\data\raw\asl_alphabet\train\L\L834.jpg,L,train
..\..\data\raw\asl_alphabet\train\R\R1304.jpg,R,train
..\..\data\raw\asl_alphabet\train\V\V1120.jpg,V,train
..\..\data\raw\asl_alphabet\train\M\M2693.jpg,M,train
..\..\data\raw\asl_alphabet\train\N\N2603.jpg,N,train
..\..\data\raw\asl_alphabet\train\X\X314.jpg,X,train
..\..\data\raw\asl_alphabet\train\Z\Z2505.jpg,Z,train
..\..\data\raw\asl_alphabet\train\X\X407.jpg,X,train
..\..\data\raw\asl_alphabet\train\I\I1776.jpg,I,train
..\..\data\raw\asl_alphabet\train\M\M961.jpg,M,train
..\..\data\raw\asl_alphabet\train\V\V2065.jpg,V,train
..\..\data\raw\asl_alphabet\train\B\B345.jpg,B,train
..\..\data\raw\asl_alphabet\train\N\N2957.jpg,N,train
..\..\data\raw\asl_alphabet\train\R\R1209.jpg,R,train
..\..\data\raw\asl_alphabet\train\R\R856.jpg,R,train
..\..\data\raw\asl_alphabet\train\W\W418.jpg,W,train
..\..\data\raw\asl_alphabet\train\D\D151.jpg,D,train
..\..\data\raw\asl_alphabet\train\Z\Z1458.jpg,Z,train
..\..\data\raw\asl_alphabet\train\J\J2804.jpg,J,train
..\..\data\raw\asl_alphabet\train\M\M545.jpg,M,train
..\..\data\raw\asl_alphabet\train\Q\Q1705.jpg,Q,train
..\..\data\raw\asl_alphabet\train\H\H656.jpg,H,train
..\..\data\raw\asl_alphabet\train\U\U1077.jpg,U,train
..\..\data\raw\asl_alphabet\train\D\D2658.jpg,D,train
..\..\data\raw\asl_alphabet\train\R\R321.jpg,R,train
..\..\data\raw\asl_alphabet\train\W\W897.jpg,W,train
..\..\data\raw\asl_alphabet\train\B\B2617.jpg,B,train
..\..\data\raw\asl_alphabet\train\P\P876.jpg,P,train
..\..\data\raw\asl_alphabet\train\Q\Q1763.jpg,Q,train
..\..\data\raw\asl_alphabet\train\Q\Q2145.jpg,Q,train
..\..\data\raw\asl_alphabet\train\space\space2431.jpg,space,train
..\..\data\raw\asl_alphabet\train\R\R194.jpg,R,train
..\..\data\raw\asl_alphabet\train\G\G383.jpg,G,train
..\..\data\raw\asl_alphabet\train\N\N263.jpg,N,train
..\..\data\raw\asl_alphabet\train\Z\Z1580.jpg,Z,train
..\..\data\raw\asl_alphabet\train\Y\Y2171.jpg,Y,train
..\..\data\raw\asl_alphabet\train\W\W2954.jpg,W,train
..\..\data\raw\asl_alphabet\train\O\O88.jpg,O,train
..\..\data\raw\asl_alphabet\train\U\U287.jpg,U,train
..\..\data\raw\asl_alphabet\train\W\W1622.jpg,W,train
..\..\data\raw\asl_alphabet\train\O\O2613.jpg,O,train
..\..\data\raw\asl_alphabet\train\R\R2344.jpg,R,train
..\..\data\raw\asl_alphabet\train\A\A2239.jpg,A,train
..\..\data\raw\asl_alphabet\train\U\U2168.jpg,U,train
..\..\data\raw\asl_alphabet\train\W\W2874.jpg,W,train
..\..\data\raw\asl_alphabet\train\D\D1474.jpg,D,train
..\..\data\raw\asl_alphabet\train\P\P526.jpg,P,train
..\..\data\raw\asl_alphabet\train\H\H1396.jpg,H,train
..\..\data\raw\asl_alphabet\train\X\X2146.jpg,X,train
..\..\data\raw\asl_alphabet\train\D\D985.jpg,D,train
..\..\data\raw\asl_alphabet\train\M\M1759.jpg,M,train
..\..\data\raw\asl_alphabet\train\L\L1037.jpg,L,train
..\..\data\raw\asl_alphabet\train\Q\Q1078.jpg,Q,train
..\..\data\raw\asl_alphabet\train\K\K2901.jpg,K,train
..\..\data\raw\asl_alphabet\train\H\H1794.jpg,H,train
..\..\data\raw\asl_alphabet\train\F\F1757.jpg,F,train
..\..\data\raw\asl_alphabet\train\F\F722.jpg,F,train
..\..\data\raw\asl_alphabet\train\H\H2387.jpg,H,train
..\..\data\raw\asl_alphabet\train\C\C1791.jpg,C,train
..\..\data\raw\asl_alphabet\train\I\I1360.jpg,I,train
..\..\data\raw\asl_alphabet\train\K\K983.jpg,K,train
..\..\data\raw\asl_alphabet\train\space\space1380.jpg,space,train
..\..\data\raw\asl_alphabet\train\W\W1450.jpg,W,train
..\..\data\raw\asl_alphabet\train\D\D1267.jpg,D,train
..\..\data\raw\asl_alphabet\train\R\R248.jpg,R,train
..\..\data\raw\asl_alphabet\train\B\B1311.jpg,B,train
..\..\data\raw\asl_alphabet\train\U\U1395.jpg,U,train
..\..\data\raw\asl_alphabet\train\I\I255.jpg,I,train
..\..\data\raw\asl_alphabet\train\D\D2062.jpg,D,train
..\..\data\raw\asl_alphabet\train\L\L134.jpg,L,train
..\..\data\raw\asl_alphabet\train\A\A2363.jpg,A,train
..\..\data\raw\asl_alphabet\train\H\H956.jpg,H,train
..\..\data\raw\asl_alphabet\train\N\N1428.jpg,N,train
..\..\data\raw\asl_alphabet\train\del\del2429.jpg,del,train
..\..\data\raw\asl_alphabet\train\D\D2066.jpg,D,train
..\..\data\raw\asl_alphabet\train\P\P1794.jpg,P,train
..\..\data\raw\asl_alphabet\train\T\T2165.jpg,T,train
..\..\data\raw\asl_alphabet\train\K\K2654.jpg,K,train
..\..\data\raw\asl_alphabet\train\U\U1305.jpg,U,train
..\..\data\raw\asl_alphabet\train\Q\Q418.jpg,Q,train
..\..\data\raw\asl_alphabet\train\Z\Z2220.jpg,Z,train
..\..\data\raw\asl_alphabet\train\L\L195.jpg,L,train
..\..\data\raw\asl_alphabet\train\P\P968.jpg,P,train
..\..\data\raw\asl_alphabet\train\N\N2104.jpg,N,train
..\..\data\raw\asl_alphabet\train\S\S683.jpg,S,train
..\..\data\raw\asl_alphabet\train\E\E1547.jpg,E,train
..\..\data\raw\asl_alphabet\train\F\F338.jpg,F,train
..\..\data\raw\asl_alphabet\train\J\J998.jpg,J,train
..\..\data\raw\asl_alphabet\train\I\I2318.jpg,I,train
..\..\data\raw\asl_alphabet\train\N\N2790.jpg,N,train
..\..\data\raw\asl_alphabet\train\S\S1486.jpg,S,train
..\..\data\raw\asl_alphabet\train\nothing\nothing2264.jpg,nothing,train
..\..\data\raw\asl_alphabet\train\B\B2166.jpg,B,train
..\..\data\raw\asl_alphabet\train\X\X2257.jpg,X,train
..\..\data\raw\asl_alphabet\train\V\V1259.jpg,V,train
..\..\data\raw\asl_alphabet\train\O\O1214.jpg,O,train
..\..\data\raw\asl_alphabet\train\T\T2635.jpg,T,train
..\..\data\raw\asl_alphabet\train\Z\Z548.jpg,Z,train
..\..\data\raw\asl_alphabet\train\V\V2837.jpg,V,train
..\..\data\raw\asl_alphabet\train\U\U2943.jpg,U,train
..\..\data\raw\asl_alphabet\train\L\L1621.jpg,L,train
..\..\data\raw\asl_alphabet\train\U\U2871.jpg,U,train
..\..\data\raw\asl_alphabet\train\J\J356.jpg,J,train
..\..\data\raw\asl_alphabet\train\T\T924.jpg,T,train
..\..\data\raw\asl_alphabet\train\space\space868.jpg,space,train
..\..\data\raw\asl_alphabet\train\V\V312.jpg,V,train
..\..\data\raw\asl_alphabet\train\I\I1616.jpg,I,train
..\..\data\raw\asl_alphabet\train\X\X2346.jpg,X,train
..\..\data\raw\asl_alphabet\train\space\space1699.jpg,space,train
..\..\data\raw\asl_alphabet\train\T\T2811.jpg,T,train
..\..\data\raw\asl_alphabet\train\J\J2465.jpg,J,train
..\..\data\raw\asl_alphabet\train\P\P2129.jpg,P,train
..\..\data\raw\asl_alphabet\train\F\F2803.jpg,F,train
..\..\data\raw\asl_alphabet\train\H\H1652.jpg,H,train
..\..\data\raw\asl_alphabet\train\Y\Y1132.jpg,Y,train
..\..\data\raw\asl_alphabet\train\W\W2331.jpg,W,train
..\..\data\raw\asl_alphabet\train\del\del1254.jpg,del,train
..\..\data\raw\asl_alphabet\train\G\G374.jpg,G,train
..\..\data\raw\asl_alphabet\train\Z\Z440.jpg,Z,train
..\..\data\raw\asl_alphabet\train\U\U580.jpg,U,train
..\..\data\raw\asl_alphabet\train\U\U1434.jpg,U,train
..\..\data\raw\asl_alphabet\train\O\O2616.jpg,O,train
..\..\data\raw\asl_alphabet\train\L\L2953.jpg,L,train
..\..\data\raw\asl_alphabet\train\Q\Q1505.jpg,Q,train
..\..\data\raw\asl_alphabet\train\E\E922.jpg,E,train
..\..\data\raw\asl_alphabet\train\U\U516.jpg,U,train
..\..\data\raw\asl_alphabet\train\H\H2912.jpg,H,train
..\..\data\raw\asl_alphabet\train\space\space2380.jpg,space,train
..\..\data\raw\asl_alphabet\train\W\W2371.jpg,W,train
..\..\data\raw\asl_alphabet\train\R\R29.jpg,R,train
..\..\data\raw\asl_alphabet\train\L\L2679.jpg,L,train
..\..\data\raw\asl_alphabet\train\I\I38.jpg,I,train
..\..\data\raw\asl_alphabet\train\N\N1114.jpg,N,train
..\..\data\raw\asl_alphabet\train\J\J2391.jpg,J,train
..\..\data\raw\asl_alphabet\train\O\O2416.jpg,O,train
..\..\data\raw\asl_alphabet\train\S\S937.jpg,S,train
..\..\data\raw\asl_alphabet\train\E\E623.jpg,E,train
..\..\data\raw\asl_alphabet\train\space\space2821.jpg,space,train
..\..\data\raw\asl_alphabet\train\T\T1847.jpg,T,train
..\..\data\raw\asl_alphabet\train\I\I825.jpg,I,train
..\..\data\raw\asl_alphabet\train\O\O915.jpg,O,train
..\..\data\raw\asl_alphabet\train\X\X1702.jpg,X,train
..\..\data\raw\asl_alphabet\train\E\E1756.jpg,E,train
..\..\data\raw\asl_alphabet\train\M\M1714.jpg,M,train
..\..\data\raw\asl_alphabet\train\L\L1823.jpg,L,train
..\..\data\raw\asl_alphabet\train\T\T692.jpg,T,train
..\..\data\raw\asl_alphabet\train\nothing\nothing1537.jpg,nothing,train
..\..\data\raw\asl_alphabet\train\Z\Z1108.jpg,Z,train
..\..\data\raw\asl_alphabet\train\S\S2892.jpg,S,train
..\..\data\raw\asl_alphabet\train\B\B1873.jpg,B,train
..\..\data\raw\asl_alphabet\train\I\I1939.jpg,I,train
..\..\data\raw\asl_alphabet\train\S\S566.jpg,S,train
..\..\data\raw\asl_alphabet\train\Z\Z356.jpg,Z,train
..\..\data\raw\asl_alphabet\train\R\R879.jpg,R,train
..\..\data\raw\asl_alphabet\train\B\B1502.jpg,B,train
..\..\data\raw\asl_alphabet\train\O\O275.jpg,O,train
..\..\data\raw\asl_alphabet\train\del\del1071.jpg,del,train
..\..\data\raw\asl_alphabet\train\B\B2380.jpg,B,train
..\..\data\raw\asl_alphabet\train\W\W2157.jpg,W,train
..\..\data\raw\asl_alphabet\train\P\P340.jpg,P,train
..\..\data\raw\asl_alphabet\train\W\W156.jpg,W,train
..\..\data\raw\asl_alphabet\train\O\O792.jpg,O,train
..\..\data\raw\asl_alphabet\train\E\E360.jpg,E,train
..\..\data\raw\asl_alphabet\train\K\K1010.jpg,K,train
..\..\data\raw\asl_alphabet\train\T\T253.jpg,T,train
..\..\data\raw\asl_alphabet\train\N\N1644.jpg,N,train
..\..\data\raw\asl_alphabet\train\T\T1717.jpg,T,train
..\..\data\raw\asl_alphabet\train\H\H1063.jpg,H,train
..\..\data\raw\asl_alphabet\train\I\I734.jpg,I,train
..\..\data\raw\asl_alphabet\train\E\E501.jpg,E,train
..\..\data\raw\asl_alphabet\train\F\F852.jpg,F,train
..\..\data\raw\asl_alphabet\train\U\U2690.jpg,U,train
..\..\data\raw\asl_alphabet\train\S\S82.jpg,S,train
..\..\data\raw\asl_alphabet\train\D\D1557.jpg,D,train
..\..\data\raw\asl_alphabet\train\R\R2861.jpg,R,train
..\..\data\raw\asl_alphabet\train\D\D1153.jpg,D,train
..\..\data\raw\asl_alphabet\train\del\del2424.jpg,del,train
..\..\data\raw\asl_alphabet\train\T\T2246.jpg,T,train
..\..\data\raw\asl_alphabet\train\W\W2453.jpg,W,train
..\..\data\raw\asl_alphabet\train\F\F961.jpg,F,train
..\..\data\raw\asl_alphabet\train\Y\Y49.jpg,Y,train
..\..\data\raw\asl_alphabet\train\Q\Q385.jpg,Q,train
..\..\data\raw\asl_alphabet\train\N\N2858.jpg,N,train
..\..\data\raw\asl_alphabet\train\Y\Y1827.jpg,Y,train
..\..\data\raw\asl_alphabet\train\N\N933.jpg,N,train
..\..\data\raw\asl_alphabet\train\A\A1490.jpg,A,train
..\..\data\raw\asl_alphabet\train\L\L1830.jpg,L,train
..\..\data\raw\asl_alphabet\train\K\K27.jpg,K,train
..\..\data\raw\asl_alphabet\train\F\F51.jpg,F,train
..\..\data\raw\asl_alphabet\train\Q\Q1884.jpg,Q,train
..\..\data\raw\asl_alphabet\train\nothing\nothing517.jpg,nothing,train
..\..\data\raw\asl_alphabet\train\I\I1391.jpg,I,train
..\..\data\raw\asl_alphabet\train\Q\Q1882.jpg,Q,train
..\..\data\raw\asl_alphabet\train\Y\Y1539.jpg,Y,train
..\..\data\raw\asl_alphabet\train\S\S2961.jpg,S,train
..\..\data\raw\asl_alphabet\train\del\del2698.jpg,del,train
..\..\data\raw\asl_alphabet\train\B\B2578.jpg,B,train
..\..\data\raw\asl_alphabet\train\V\V834.jpg,V,train
..\..\data\raw\asl_alphabet\train\P\P1163.jpg,P,train
..\..\data\raw\asl_alphabet\train\I\I344.jpg,I,train
..\..\data\raw\asl_alphabet\train\O\O1064.jpg,O,train
..\..\data\raw\asl_alphabet\train\D\D427.jpg,D,train
..\..\data\raw\asl_alphabet\train\G\G2656.jpg,G,train
..\..\data\raw\asl_alphabet\train\J\J2117.jpg,J,train
..\..\data\raw\asl_alphabet\train\U\U1329.jpg,U,train
..\..\data\raw\asl_alphabet\train\O\O2688.jpg,O,train
..\..\data\raw\asl_alphabet\train\L\L666.jpg,L,train
..\..\data\raw\asl_alphabet\train\C\C434.jpg,C,train
..\..\data\raw\asl_alphabet\train\X\X101.jpg,X,train
..\..\data\raw\asl_alphabet\train\P\P2005.jpg,P,train
..\..\data\raw\asl_alphabet\train\T\T2966.jpg,T,train
..\..\data\raw\asl_alphabet\train\J\J1956.jpg,J,train
..\..\data\raw\asl_alphabet\train\T\T2864.jpg,T,train
..\..\data\raw\asl_alphabet\train\U\U2474.jpg,U,train
..\..\data\raw\asl_alphabet\train\I\I1231.jpg,I,train
..\..\data\raw\asl_alphabet\train\space\space2379.jpg,space,train
..\..\data\raw\asl_alphabet\train\R\R2219.jpg,R,train
..\..\data\raw\asl_alphabet\train\R\R2920.jpg,R,train
..\..\data\raw\asl_alphabet\train\D\D183.jpg,D,train
..\..\data\raw\asl_alphabet\train\F\F726.jpg,F,train
..\..\data\raw\asl_alphabet\train\H\H1233.jpg,H,train
..\..\data\raw\asl_alphabet\train\E\E1999.jpg,E,train
..\..\data\raw\asl_alphabet\train\I\I2645.jpg,I,train
..\..\data\raw\asl_alphabet\train\G\G5.jpg,G,train
..\..\data\raw\asl_alphabet\train\A\A615.jpg,A,train
..\..\data\raw\asl_alphabet\train\E\E2268.jpg,E,train
..\..\data\raw\asl_alphabet\train\U\U524.jpg,U,train
..\..\data\raw\asl_alphabet\train\J\J171.jpg,J,train
..\..\data\raw\asl_alphabet\train\S\S1491.jpg,S,train
..\..\data\raw\asl_alphabet\train\V\V805.jpg,V,train
..\..\data\raw\asl_alphabet\train\V\V1009.jpg,V,train
..\..\data\raw\asl_alphabet\train\F\F1423.jpg,F,train
..\..\data\raw\asl_alphabet\train\del\del2030.jpg,del,train
..\..\data\raw\asl_alphabet\train\C\C1020.jpg,C,train
..\..\data\raw\asl_alphabet\train\M\M366.jpg,M,train
..\..\data\raw\asl_alphabet\train\G\G262.jpg,G,train
..\..\data\raw\asl_alphabet\train\F\F2412.jpg,F,train
..\..\data\raw\asl_alphabet\train\S\S1911.jpg,S,train
..\..\data\raw\asl_alphabet\train\Q\Q2670.jpg,Q,train
..\..\data\raw\asl_alphabet\train\M\M2219.jpg,M,train
..\..\data\raw\asl_alphabet\train\B\B909.jpg,B,train
..\..\data\raw\asl_alphabet\train\F\F2381.jpg,F,train
..\..\data\raw\asl_alphabet\train\G\G1546.jpg,G,train
..\..\data\raw\asl_alphabet\train\X\X831.jpg,X,train
..\..\data\raw\asl_alphabet\train\S\S771.jpg,S,train
..\..\data\raw\asl_alphabet\train\V\V1263.jpg,V,train
..\..\data\raw\asl_alphabet\train\V\V2227.jpg,V,train
..\..\data\raw\asl_alphabet\train\U\U2905.jpg,U,train
..\..\data\raw\asl_alphabet\train\V\V2125.jpg,V,train
..\..\data\raw\asl_alphabet\train\A\A2944.jpg,A,train
..\..\data\raw\asl_alphabet\train\U\U962.jpg,U,train
..\..\data\raw\asl_alphabet\train\Z\Z1392.jpg,Z,train
..\..\data\raw\asl_alphabet\train\C\C2920.jpg,C,train
..\..\data\raw\asl_alphabet\train\J\J17.jpg,J,train
..\..\data\raw\asl_alphabet\train\O\O2584.jpg,O,train
..\..\data\raw\asl_alphabet\train\M\M2840.jpg,M,train
..\..\data\raw\asl_alphabet\train\X\X386.jpg,X,train
..\..\data\raw\asl_alphabet\train\space\space1898.jpg,space,train
..\..\data\raw\asl_alphabet\train\F\F2243.jpg,F,train
..\..\data\raw\asl_alphabet\train\A\A581.jpg,A,train
..\..\data\raw\asl_alphabet\train\E\E2207.jpg,E,train
..\..\data\raw\asl_alphabet\train\C\C2004.jpg,C,train
..\..\data\raw\asl_alphabet\train\space\space1301.jpg,space,train
..\..\data\raw\asl_alphabet\train\Z\Z960.jpg,Z,train
..\..\data\raw\asl_alphabet\train\D\D762.jpg,D,train
..\..\data\raw\asl_alphabet\train\Y\Y855.jpg,Y,train
..\..\data\raw\asl_alphabet\train\A\A1876.jpg,A,train
..\..\data\raw\asl_alphabet\train\R\R531.jpg,R,train
..\..\data\raw\asl_alphabet\train\O\O771.jpg,O,train
..\..\data\raw\asl_alphabet\train\M\M1043.jpg,M,train
..\..\data\raw\asl_alphabet\train\U\U148.jpg,U,train
..\..\data\raw\asl_alphabet\train\Y\Y1632.jpg,Y,train
..\..\data\raw\asl_alphabet\train\U\U2297.jpg,U,train
..\..\data\raw\asl_alphabet\train\J\J2949.jpg,J,train
..\..\data\raw\asl_alphabet\train\E\E1872.jpg,E,train
..\..\data\raw\asl_alphabet\train\del\del2369.jpg,del,train
..\..\data\raw\asl_alphabet\train\W\W2025.jpg,W,train
..\..\data\raw\asl_alphabet\train\C\C1572.jpg,C,train
..\..\data\raw\asl_alphabet\train\F\F2981.jpg,F,train
..\..\data\raw\asl_alphabet\train\space\space1915.jpg,space,train
..\..\data\raw\asl_alphabet\train\E\E2328.jpg,E,train
..\..\data\raw\asl_alphabet\train\nothing\nothing1757.jpg,nothing,train
..\..\data\raw\asl_alphabet\train\N\N1276.jpg,N,train
..\..\data\raw\asl_alphabet\train\R\R624.jpg,R,train
..\..\data\raw\asl_alphabet\train\A\A1751.jpg,A,train
..\..\data\raw\asl_alphabet\train\P\P587.jpg,P,train
..\..\data\raw\asl_alphabet\train\P\P2668.jpg,P,train
..\..\data\raw\asl_alphabet\train\B\B2396.jpg,B,train
..\..\data\raw\asl_alphabet\train\E\E1683.jpg,E,train
..\..\data\raw\asl_alphabet\train\I\I1060.jpg,I,train
..\..\data\raw\asl_alphabet\train\Q\Q244.jpg,Q,train
..\..\data\raw\asl_alphabet\train\C\C5.jpg,C,train
..\..\data\raw\asl_alphabet\train\V\V1925.jpg,V,train
..\..\data\raw\asl_alphabet\train\S\S2034.jpg,S,train
..\..\data\raw\asl_alphabet\train\S\S2561.jpg,S,train
..\..\data\raw\asl_alphabet\train\N\N500.jpg,N,train
..\..\data\raw\asl_alphabet\train\E\E957.jpg,E,train
..\..\data\raw\asl_alphabet\train\N\N602.jpg,N,train
..\..\data\raw\asl_alphabet\train\Y\Y2757.jpg,Y,train
..\..\data\raw\asl_alphabet\train\V\V2690.jpg,V,train
..\..\data\raw\asl_alphabet\train\U\U1799.jpg,U,train
..\..\data\raw\asl_alphabet\train\N\N1784.jpg,N,train
..\..\data\raw\asl_alphabet\train\W\W915.jpg,W,train
..\..\data\raw\asl_alphabet\train\G\G536.jpg,G,train
..\..\data\raw\asl_alphabet\train\D\D563.jpg,D,train
..\..\data\raw\asl_alphabet\train\U\U1059.jpg,U,train
..\..\data\raw\asl_alphabet\train\R\R2381.jpg,R,train
..\..\data\raw\asl_alphabet\train\I\I252.jpg,I,train
..\..\data\raw\asl_alphabet\train\Z\Z327.jpg,Z,train
..\..\data\raw\asl_alphabet\train\L\L2608.jpg,L,train
..\..\data\raw\asl_alphabet\train\Z\Z2523.jpg,Z,train
..\..\data\raw\asl_alphabet\train\F\F767.jpg,F,train
..\..\data\raw\asl_alphabet\train\D\D106.jpg,D,train
..\..\data\raw\asl_alphabet\train\G\G872.jpg,G,train
..\..\data\raw\asl_alphabet\train\A\A746.jpg,A,train
..\..\data\raw\asl_alphabet\train\L\L385.jpg,L,train
..\..\data\raw\asl_alphabet\train\V\V2108.jpg,V,train
..\..\data\raw\asl_alphabet\train\K\K1700.jpg,K,train
..\..\data\raw\asl_alphabet\train\C\C1880.jpg,C,train
..\..\data\raw\asl_alphabet\train\N\N2142.jpg,N,train
..\..\data\raw\asl_alphabet\train\D\D8.jpg,D,train
..\..\data\raw\asl_alphabet\train\N\N1900.jpg,N,train
..\..\data\raw\asl_alphabet\train\U\U866.jpg,U,train
..\..\data\raw\asl_alphabet\train\H\H1737.jpg,H,train
..\..\data\raw\asl_alphabet\train\S\S1448.jpg,S,train
..\..\data\raw\asl_alphabet\train\O\O561.jpg,O,train
..\..\data\raw\asl_alphabet\train\X\X1061.jpg,X,train
..\..\data\raw\asl_alphabet\train\K\K923.jpg,K,train
..\..\data\raw\asl_alphabet\train\I\I1111.jpg,I,train
..\..\data\raw\asl_alphabet\train\A\A1863.jpg,A,train
..\..\data\raw\asl_alphabet\train\Y\Y1625.jpg,Y,train
..\..\data\raw\asl_alphabet\train\D\D667.jpg,D,train
..\..\data\raw\asl_alphabet\train\D\D1504.jpg,D,train
..\..\data\raw\asl_alphabet\train\O\O2212.jpg,O,train
..\..\data\raw\asl_alphabet\train\C\C305.jpg,C,train
..\..\data\raw\asl_alphabet\train\A\A1158.jpg,A,train
..\..\data\raw\asl_alphabet\train\E\E2809.jpg,E,train
..\..\data\raw\asl_alphabet\train\U\U595.jpg,U,train
..\..\data\raw\asl_alphabet\train\Z\Z1668.jpg,Z,train
..\..\data\raw\asl_alphabet\train\N\N2203.jpg,N,train
..\..\data\raw\asl_alphabet\train\V\V2114.jpg,V,train
..\..\data\raw\asl_alphabet\train\U\U21.jpg,U,train
..\..\data\raw\asl_alphabet\train\Q\Q1943.jpg,Q,train
..\..\data\raw\asl_alphabet\train\D\D1869.jpg,D,train
..\..\data\raw\asl_alphabet\train\I\I2162.jpg,I,train
..\..\data\raw\asl_alphabet\train\N\N2056.jpg,N,train
..\..\data\raw\asl_alphabet\train\G\G1347.jpg,G,train
..\..\data\raw\asl_alphabet\train\del\del1906.jpg,del,train
..\..\data\raw\asl_alphabet\train\Y\Y1256.jpg,Y,train
..\..\data\raw\asl_alphabet\train\H\H539.jpg,H,train
..\..\data\raw\asl_alphabet\train\space\space2184.jpg,space,train
..\..\data\raw\asl_alphabet\train\C\C881.jpg,C,train
..\..\data\raw\asl_alphabet\train\Z\Z484.jpg,Z,train
..\..\data\raw\asl_alphabet\train\K\K2675.jpg,K,train
..\..\data\raw\asl_alphabet\train\J\J26.jpg,J,train
..\..\data\raw\asl_alphabet\train\C\C1093.jpg,C,train
..\..\data\raw\asl_alphabet\train\K\K2277.jpg,K,train
..\..\data\raw\asl_alphabet\train\G\G1093.jpg,G,train
..\..\data\raw\asl_alphabet\train\E\E1937.jpg,E,train
..\..\data\raw\asl_alphabet\train\C\C712.jpg,C,train
..\..\data\raw\asl_alphabet\train\B\B746.jpg,B,train
..\..\data\raw\asl_alphabet\train\T\T2138.jpg,T,train
..\..\data\raw\asl_alphabet\train\B\B241.jpg,B,train
..\..\data\raw\asl_alphabet\train\K\K312.jpg,K,train
..\..\data\raw\asl_alphabet\train\M\M1810.jpg,M,train
..\..\data\raw\asl_alphabet\train\del\del790.jpg,del,train
..\..\data\raw\asl_alphabet\train\S\S638.jpg,S,train
..\..\data\raw\asl_alphabet\train\L\L1207.jpg,L,train
..\..\data\raw\asl_alphabet\train\P\P1589.jpg,P,train
..\..\data\raw\asl_alphabet\train\S\S2113.jpg,S,train
..\..\data\raw\asl_alphabet\train\Y\Y1652.jpg,Y,train
..\..\data\raw\asl_alphabet\train\X\X374.jpg,X,train
..\..\data\raw\asl_alphabet\train\W\W695.jpg,W,train
..\..\data\raw\asl_alphabet\train\U\U1142.jpg,U,train
..\..\data\raw\asl_alphabet\train\nothing\nothing539.jpg,nothing,train
..\..\data\raw\asl_alphabet\train\Q\Q1178.jpg,Q,train
..\..\data\raw\asl_alphabet\train\P\P920.jpg,P,train
..\..\data\raw\asl_alphabet\train\A\A2164.jpg,A,train
..\..\data\raw\asl_alphabet\train\J\J1768.jpg,J,train
..\..\data\raw\asl_alphabet\train\F\F2104.jpg,F,train
..\..\data\raw\asl_alphabet\train\X\X1594.jpg,X,train
..\..\data\raw\asl_alphabet\train\H\H1507.jpg,H,train
..\..\data\raw\asl_alphabet\train\K\K1495.jpg,K,train
..\..\data\raw\asl_alphabet\train\L\L1803.jpg,L,train
..\..\data\raw\asl_alphabet\train\F\F1911.jpg,F,train
..\..\data\raw\asl_alphabet\train\J\J505.jpg,J,train
..\..\data\raw\asl_alphabet\train\L\L552.jpg,L,train
..\..\data\raw\asl_alphabet\train\H\H1040.jpg,H,train
..\..\data\raw\asl_alphabet\train\nothing\nothing2054.jpg,nothing,train
..\..\data\raw\asl_alphabet\train\B\B2587.jpg,B,train
..\..\data\raw\asl_alphabet\train\H\H926.jpg,H,train
..\..\data\raw\asl_alphabet\train\X\X2896.jpg,X,train
..\..\data\raw\asl_alphabet\train\K\K404.jpg,K,train
..\..\data\raw\asl_alphabet\train\I\I1022.jpg,I,train
..\..\data\raw\asl_alphabet\train\C\C2248.jpg,C,train
..\..\data\raw\asl_alphabet\train\X\X874.jpg,X,train
..\..\data\raw\asl_alphabet\train\B\B1761.jpg,B,train
..\..\data\raw\asl_alphabet\train\V\V2723.jpg,V,train
..\..\data\raw\asl_alphabet\train\S\S1709.jpg,S,train
..\..\data\raw\asl_alphabet\train\K\K1691.jpg,K,train
..\..\data\raw\asl_alphabet\train\L\L1675.jpg,L,train
..\..\data\raw\asl_alphabet\train\N\N947.jpg,N,train
..\..\data\raw\asl_alphabet\train\D\D2100.jpg,D,train
..\..\data\raw\asl_alphabet\train\space\space414.jpg,space,train
..\..\data\raw\asl_alphabet\train\H\H2667.jpg,H,train
..\..\data\raw\asl_alphabet\train\V\V427.jpg,V,train
..\..\data\raw\asl_alphabet\train\E\E2184.jpg,E,train
..\..\data\raw\asl_alphabet\train\C\C2364.jpg,C,train
..\..\data\raw\asl_alphabet\train\U\U1095.jpg,U,train
..\..\data\raw\asl_alphabet\train\C\C909.jpg,C,train
..\..\data\raw\asl_alphabet\train\P\P1991.jpg,P,train
..\..\data\raw\asl_alphabet\train\space\space2922.jpg,space,train
..\..\data\raw\asl_alphabet\train\X\X261.jpg,X,train
..\..\data\raw\asl_alphabet\train\R\R2104.jpg,R,train
..\..\data\raw\asl_alphabet\train\I\I2043.jpg,I,train
..\..\data\raw\asl_alphabet\train\G\G2749.jpg,G,train
..\..\data\raw\asl_alphabet\train\A\A2215.jpg,A,train
..\..\data\raw\asl_alphabet\train\F\F1921.jpg,F,train
..\..\data\raw\asl_alphabet\train\W\W1445.jpg,W,train
..\..\data\raw\asl_alphabet\train\S\S461.jpg,S,train
..\..\data\raw\asl_alphabet\train\D\D1942.jpg,D,train
..\..\data\raw\asl_alphabet\train\Q\Q1531.jpg,Q,train
..\..\data\raw\asl_alphabet\train\W\W1814.jpg,W,train
..\..\data\raw\asl_alphabet\train\K\K78.jpg,K,train
..\..\data\raw\asl_alphabet\train\T\T1572.jpg,T,train
..\..\data\raw\asl_alphabet\train\nothing\nothing1328.jpg,nothing,train
..\..\data\raw\asl_alphabet\train\E\E183.jpg,E,train
..\..\data\raw\asl_alphabet\train\I\I2849.jpg,I,train
..\..\data\raw\asl_alphabet\train\T\T1655.jpg,T,train
..\..\data\raw\asl_alphabet\train\E\E351.jpg,E,train
..\..\data\raw\asl_alphabet\train\M\M1593.jpg,M,train
..\..\data\raw\asl_alphabet\train\del\del57.jpg,del,train
..\..\data\raw\asl_alphabet\train\O\O1147.jpg,O,train
..\..\data\raw\asl_alphabet\train\K\K133.jpg,K,train
..\..\data\raw\asl_alphabet\train\space\space2833.jpg,space,train
..\..\data\raw\asl_alphabet\train\H\H242.jpg,H,train
..\..\data\raw\asl_alphabet\train\G\G2319.jpg,G,train
..\..\data\raw\asl_alphabet\train\H\H741.jpg,H,train
..\..\data\raw\asl_alphabet\train\V\V2774.jpg,V,train
..\..\data\raw\asl_alphabet\train\D\D1185.jpg,D,train
..\..\data\raw\asl_alphabet\train\M\M1509.jpg,M,train
..\..\data\raw\asl_alphabet\train\W\W621.jpg,W,train
..\..\data\raw\asl_alphabet\train\X\X2191.jpg,X,train
..\..\data\raw\asl_alphabet\train\P\P748.jpg,P,train
..\..\data\raw\asl_alphabet\train\D\D407.jpg,D,train
..\..\data\raw\asl_alphabet\train\I\I1546.jpg,I,train
..\..\data\raw\asl_alphabet\train\G\G1645.jpg,G,train
..\..\data\raw\asl_alphabet\train\nothing\nothing2326.jpg,nothing,train
..\..\data\raw\asl_alphabet\train\I\I2320.jpg,I,train
..\..\data\raw\asl_alphabet\train\del\del2732.jpg,del,train
..\..\data\raw\asl_alphabet\train\G\G2750.jpg,G,train
..\..\data\raw\asl_alphabet\train\G\G2601.jpg,G,train
..\..\data\raw\asl_alphabet\train\H\H455.jpg,H,train
..\..\data\raw\asl_alphabet\train\nothing\nothing2590.jpg,nothing,train
..\..\data\raw\asl_alphabet\train\B\B1377.jpg,B,train
..\..\data\raw\asl_alphabet\train\D\D760.jpg,D,train
..\..\data\raw\asl_alphabet\train\Z\Z637.jpg,Z,train
..\..\data\raw\asl_alphabet\train\S\S710.jpg,S,train
..\..\data\raw\asl_alphabet\train\O\O1695.jpg,O,train
..\..\data\raw\asl_alphabet\train\K\K53.jpg,K,train
..\..\data\raw\asl_alphabet\train\M\M123.jpg,M,train
..\..\data\raw\asl_alphabet\train\M\M623.jpg,M,train
..\..\data\raw\asl_alphabet\train\Q\Q2153.jpg,Q,train
..\..\data\raw\asl_alphabet\train\H\H371.jpg,H,train
..\..\data\raw\asl_alphabet\train\Y\Y1425.jpg,Y,train
..\..\data\raw\asl_alphabet\train\K\K2847.jpg,K,train
..\..\data\raw\asl_alphabet\train\L\L1123.jpg,L,train
..\..\data\raw\asl_alphabet\train\D\D2138.jpg,D,train
..\..\data\raw\asl_alphabet\train\space\space1414.jpg,space,train
..\..\data\raw\asl_alphabet\train\P\P408.jpg,P,train
..\..\data\raw\asl_alphabet\train\S\S192.jpg,S,train
..\..\data\raw\asl_alphabet\train\space\space1963.jpg,space,train
..\..\data\raw\asl_alphabet\train\G\G1977.jpg,G,train
..\..\data\raw\asl_alphabet\train\S\S2379.jpg,S,train
..\..\data\raw\asl_alphabet\train\F\F613.jpg,F,train
..\..\data\raw\asl_alphabet\train\B\B464.jpg,B,train
..\..\data\raw\asl_alphabet\train\X\X827.jpg,X,train
..\..\data\raw\asl_alphabet\train\del\del1455.jpg,del,train
..\..\data\raw\asl_alphabet\train\P\P2911.jpg,P,train
..\..\data\raw\asl_alphabet\train\W\W1428.jpg,W,train
..\..\data\raw\asl_alphabet\train\nothing\nothing765.jpg,nothing,train
..\..\data\raw\asl_alphabet\train\W\W95.jpg,W,train
..\..\data\raw\asl_alphabet\train\B\B4.jpg,B,train
..\..\data\raw\asl_alphabet\train\H\H2905.jpg,H,train
..\..\data\raw\asl_alphabet\train\N\N1674.jpg,N,train
..\..\data\raw\asl_alphabet\train\A\A174.jpg,A,train
..\..\data\raw\asl_alphabet\train\E\E1493.jpg,E,train
..\..\data\raw\asl_alphabet\train\R\R1461.jpg,R,train
..\..\data\raw\asl_alphabet\train\S\S2106.jpg,S,train
..\..\data\raw\asl_alphabet\train\nothing\nothing2204.jpg,nothing,train
..\..\data\raw\asl_alphabet\train\space\space234.jpg,space,train
..\..\data\raw\asl_alphabet\train\T\T2286.jpg,T,train
..\..\data\raw\asl_alphabet\train\W\W2104.jpg,W,train
..\..\data\raw\asl_alphabet\train\Q\Q2543.jpg,Q,train
..\..\data\raw\asl_alphabet\train\N\N2960.jpg,N,train
..\..\data\raw\asl_alphabet\train\space\space1351.jpg,space,train
..\..\data\raw\asl_alphabet\train\X\X642.jpg,X,train
..\..\data\raw\asl_alphabet\train\Z\Z2665.jpg,Z,train
..\..\data\raw\asl_alphabet\train\A\A1167.jpg,A,train
..\..\data\raw\asl_alphabet\train\V\V2576.jpg,V,train
..\..\data\raw\asl_alphabet\train\space\space798.jpg,space,train
..\..\data\raw\asl_alphabet\train\W\W1620.jpg,W,train
..\..\data\raw\asl_alphabet\train\W\W2863.jpg,W,train
..\..\data\raw\asl_alphabet\train\A\A359.jpg,A,train
..\..\data\raw\asl_alphabet\train\E\E682.jpg,E,train
..\..\data\raw\asl_alphabet\train\O\O1870.jpg,O,train
..\..\data\raw\asl_alphabet\train\N\N563.jpg,N,train
..\..\data\raw\asl_alphabet\train\F\F1177.jpg,F,train
..\..\data\raw\asl_alphabet\train\Z\Z2613.jpg,Z,train
..\..\data\raw\asl_alphabet\train\B\B1079.jpg,B,train
..\..\data\raw\asl_alphabet\train\B\B406.jpg,B,train
..\..\data\raw\asl_alphabet\train\Y\Y1800.jpg,Y,train
..\..\data\raw\asl_alphabet\train\Q\Q1399.jpg,Q,train
..\..\data\raw\asl_alphabet\train\V\V556.jpg,V,train
..\..\data\raw\asl_alphabet\train\M\M1407.jpg,M,train
..\..\data\raw\asl_alphabet\train\nothing\nothing2178.jpg,nothing,train
..\..\data\raw\asl_alphabet\train\D\D2711.jpg,D,train
..\..\data\raw\asl_alphabet\train\D\D2731.jpg,D,train
..\..\data\raw\asl_alphabet\train\V\V2117.jpg,V,train
..\..\data\raw\asl_alphabet\train\F\F2140.jpg,F,train
..\..\data\raw\asl_alphabet\train\R\R755.jpg,R,train
..\..\data\raw\asl_alphabet\train\Y\Y636.jpg,Y,train
..\..\data\raw\asl_alphabet\train\space\space1222.jpg,space,train
..\..\data\raw\asl_alphabet\train\D\D814.jpg,D,train
..\..\data\raw\asl_alphabet\train\B\B1104.jpg,B,train
..\..\data\raw\asl_alphabet\train\G\G2360.jpg,G,train
..\..\data\raw\asl_alphabet\train\nothing\nothing1736.jpg,nothing,train
..\..\data\raw\asl_alphabet\train\Q\Q670.jpg,Q,train
..\..\data\raw\asl_alphabet\train\G\G2813.jpg,G,train
..\..\data\raw\asl_alphabet\train\F\F1043.jpg,F,train
..\..\data\raw\asl_alphabet\train\R\R1586.jpg,R,train
..\..\data\raw\asl_alphabet\train\D\D1363.jpg,D,train
..\..\data\raw\asl_alphabet\train\Z\Z271.jpg,Z,train
..\..\data\raw\asl_alphabet\train\T\T2831.jpg,T,train
..\..\data\raw\asl_alphabet\train\I\I182.jpg,I,train
..\..\data\raw\asl_alphabet\train\del\del1294.jpg,del,train
..\..\data\raw\asl_alphabet\train\S\S2879.jpg,S,train
..\..\data\raw\asl_alphabet\train\R\R1947.jpg,R,train
..\..\data\raw\asl_alphabet\train\J\J2118.jpg,J,train
..\..\data\raw\asl_alphabet\train\P\P2443.jpg,P,train
..\..\data\raw\asl_alphabet\train\F\F1267.jpg,F,train
..\..\data\raw\asl_alphabet\train\O\O1676.jpg,O,train
..\..\data\raw\asl_alphabet\train\del\del1435.jpg,del,train
..\..\data\raw\asl_alphabet\train\L\L1192.jpg,L,train
..\..\data\raw\asl_alphabet\train\Y\Y1463.jpg,Y,train
..\..\data\raw\asl_alphabet\train\H\H2485.jpg,H,train
..\..\data\raw\asl_alphabet\train\J\J829.jpg,J,train
..\..\data\raw\asl_alphabet\train\H\H2268.jpg,H,train
..\..\data\raw\asl_alphabet\train\B\B2599.jpg,B,train
..\..\data\raw\asl_alphabet\train\I\I1844.jpg,I,train
..\..\data\raw\asl_alphabet\train\X\X2113.jpg,X,train
..\..\data\raw\asl_alphabet\train\F\F148.jpg,F,train
..\..\data\raw\asl_alphabet\train\S\S1222.jpg,S,train
..\..\data\raw\asl_alphabet\train\Z\Z1268.jpg,Z,train
..\..\data\raw\asl_alphabet\train\Q\Q1858.jpg,Q,train
..\..\data\raw\asl_alphabet\train\P\P1790.jpg,P,train
..\..\data\raw\asl_alphabet\train\W\W2823.jpg,W,train
..\..\data\raw\asl_alphabet\train\M\M429.jpg,M,train
..\..\data\raw\asl_alphabet\train\E\E2353.jpg,E,train
..\..\data\raw\asl_alphabet\train\A\A1343.jpg,A,train
..\..\data\raw\asl_alphabet\train\S\S815.jpg,S,train
..\..\data\raw\asl_alphabet\train\I\I2432.jpg,I,train
..\..\data\raw\asl_alphabet\train\N\N1612.jpg,N,train
..\..\data\raw\asl_alphabet\train\Z\Z1019.jpg,Z,train
..\..\data\raw\asl_alphabet\train\Q\Q1351.jpg,Q,train
..\..\data\raw\asl_alphabet\train\I\I2894.jpg,I,train
..\..\data\raw\asl_alphabet\train\V\V1074.jpg,V,train
..\..\data\raw\asl_alphabet\train\D\D957.jpg,D,train
..\..\data\raw\asl_alphabet\train\E\E777.jpg,E,train
..\..\data\raw\asl_alphabet\train\P\P214.jpg,P,train
..\..\data\raw\asl_alphabet\train\Z\Z1750.jpg,Z,train
..\..\data\raw\asl_alphabet\train\E\E2588.jpg,E,train
..\..\data\raw\asl_alphabet\train\O\O2041.jpg,O,train
..\..\data\raw\asl_alphabet\train\J\J191.jpg,J,train
..\..\data\raw\asl_alphabet\train\J\J1992.jpg,J,train
..\..\data\raw\asl_alphabet\train\R\R1024.jpg,R,train
..\..\data\raw\asl_alphabet\train\X\X2372.jpg,X,train
..\..\data\raw\asl_alphabet\train\A\A402.jpg,A,train
..\..\data\raw\asl_alphabet\train\Z\Z194.jpg,Z,train
..\..\data\raw\asl_alphabet\train\R\R541.jpg,R,train
..\..\data\raw\asl_alphabet\train\A\A247.jpg,A,train
..\..\data\raw\asl_alphabet\train\X\X1745.jpg,X,train
..\..\data\raw\asl_alphabet\train\R\R1160.jpg,R,train
..\..\data\raw\asl_alphabet\train\I\I589.jpg,I,train
..\..\data\raw\asl_alphabet\train\Q\Q751.jpg,Q,train
..\..\data\raw\asl_alphabet\train\S\S1386.jpg,S,train
..\..\data\raw\asl_alphabet\train\P\P1374.jpg,P,train
..\..\data\raw\asl_alphabet\train\C\C91.jpg,C,train
..\..\data\raw\asl_alphabet\train\J\J694.jpg,J,train
..\..\data\raw\asl_alphabet\train\M\M2792.jpg,M,train
..\..\data\raw\asl_alphabet\train\B\B1481.jpg,B,train
..\..\data\raw\asl_alphabet\train\Y\Y2792.jpg,Y,train
..\..\data\raw\asl_alphabet\train\U\U2402.jpg,U,train
..\..\data\raw\asl_alphabet\train\J\J1350.jpg,J,train
..\..\data\raw\asl_alphabet\train\F\F2913.jpg,F,train
..\..\data\raw\asl_alphabet\train\E\E2716.jpg,E,train
..\..\data\raw\asl_alphabet\train\U\U2837.jpg,U,train
..\..\data\raw\asl_alphabet\train\K\K269.jpg,K,train
..\..\data\raw\asl_alphabet\train\V\V2936.jpg,V,train
..\..\data\raw\asl_alphabet\train\G\G855.jpg,G,train
..\..\data\raw\asl_alphabet\train\A\A2056.jpg,A,train
..\..\data\raw\asl_alphabet\train\del\del1247.jpg,del,train
..\..\data\raw\asl_alphabet\train\G\G148.jpg,G,train
..\..\data\raw\asl_alphabet\train\D\D677.jpg,D,train
..\..\data\raw\asl_alphabet\train\H\H2665.jpg,H,train
..\..\data\raw\asl_alphabet\train\N\N2299.jpg,N,train
..\..\data\raw\asl_alphabet\train\G\G453.jpg,G,train
..\..\data\raw\asl_alphabet\train\W\W2882.jpg,W,train
..\..\data\raw\asl_alphabet\train\del\del214.jpg,del,train
..\..\data\raw\asl_alphabet\train\L\L2406.jpg,L,train
..\..\data\raw\asl_alphabet\train\R\R2743.jpg,R,train
..\..\data\raw\asl_alphabet\train\O\O2816.jpg,O,train
..\..\data\raw\asl_alphabet\train\Q\Q2538.jpg,Q,train
..\..\data\raw\asl_alphabet\train\S\S1483.jpg,S,train
..\..\data\raw\asl_alphabet\train\nothing\nothing2380.jpg,nothing,train
..\..\data\raw\asl_alphabet\train\J\J424.jpg,J,train
..\..\data\raw\asl_alphabet\train\Y\Y2079.jpg,Y,train
..\..\data\raw\asl_alphabet\train\L\L1399.jpg,L,train
..\..\data\raw\asl_alphabet\train\C\C2926.jpg,C,train
..\..\data\raw\asl_alphabet\train\O\O1057.jpg,O,train
..\..\data\raw\asl_alphabet\train\G\G857.jpg,G,train
..\..\data\raw\asl_alphabet\train\nothing\nothing98.jpg,nothing,train
..\..\data\raw\asl_alphabet\train\T\T377.jpg,T,train
..\..\data\raw\asl_alphabet\train\I\I2987.jpg,I,train
..\..\data\raw\asl_alphabet\train\X\X2215.jpg,X,train
..\..\data\raw\asl_alphabet\train\V\V2446.jpg,V,train
..\..\data\raw\asl_alphabet\train\X\X2003.jpg,X,train
..\..\data\raw\asl_alphabet\train\O\O2792.jpg,O,train
..\..\data\raw\asl_alphabet\train\del\del1592.jpg,del,train
..\..\data\raw\asl_alphabet\train\A\A765.jpg,A,train
..\..\data\raw\asl_alphabet\train\R\R464.jpg,R,train
..\..\data\raw\asl_alphabet\train\L\L2600.jpg,L,train
..\..\data\raw\asl_alphabet\train\O\O197.jpg,O,train
..\..\data\raw\asl_alphabet\train\O\O1268.jpg,O,train
..\..\data\raw\asl_alphabet\train\del\del2218.jpg,del,train
..\..\data\raw\asl_alphabet\train\G\G2742.jpg,G,train
..\..\data\raw\asl_alphabet\train\nothing\nothing2847.jpg,nothing,train
..\..\data\raw\asl_alphabet\train\T\T1653.jpg,T,train
..\..\data\raw\asl_alphabet\train\N\N2331.jpg,N,train
..\..\data\raw\asl_alphabet\train\C\C2264.jpg,C,train
..\..\data\raw\asl_alphabet\train\del\del606.jpg,del,train
..\..\data\raw\asl_alphabet\train\R\R602.jpg,R,train
..\..\data\raw\asl_alphabet\train\M\M217.jpg,M,train
..\..\data\raw\asl_alphabet\train\F\F1811.jpg,F,train
..\..\data\raw\asl_alphabet\train\S\S2339.jpg,S,train
..\..\data\raw\asl_alphabet\train\F\F1689.jpg,F,train
..\..\data\raw\asl_alphabet\train\S\S1343.jpg,S,train
..\..\data\raw\asl_alphabet\train\E\E806.jpg,E,train
..\..\data\raw\asl_alphabet\train\H\H2843.jpg,H,train
..\..\data\raw\asl_alphabet\train\H\H964.jpg,H,train
..\..\data\raw\asl_alphabet\train\E\E252.jpg,E,train
..\..\data\raw\asl_alphabet\train\W\W1246.jpg,W,train
..\..\data\raw\asl_alphabet\train\F\F444.jpg,F,train
..\..\data\raw\asl_alphabet\train\Z\Z1372.jpg,Z,train
..\..\data\raw\asl_alphabet\train\H\H2238.jpg,H,train
..\..\data\raw\asl_alphabet\train\W\W2385.jpg,W,train
..\..\data\raw\asl_alphabet\train\K\K113.jpg,K,train
..\..\data\raw\asl_alphabet\train\L\L1099.jpg,L,train
..\..\data\raw\asl_alphabet\train\K\K1163.jpg,K,train
..\..\data\raw\asl_alphabet\train\E\E2888.jpg,E,train
..\..\data\raw\asl_alphabet\train\O\O554.jpg,O,train
..\..\data\raw\asl_alphabet\train\J\J1730.jpg,J,train
..\..\data\raw\asl_alphabet\train\G\G37.jpg,G,train
..\..\data\raw\asl_alphabet\train\J\J1841.jpg,J,train
..\..\data\raw\asl_alphabet\train\X\X364.jpg,X,train
..\..\data\raw\asl_alphabet\train\V\V1829.jpg,V,train
..\..\data\raw\asl_alphabet\train\G\G2828.jpg,G,train
..\..\data\raw\asl_alphabet\train\U\U1713.jpg,U,train
..\..\data\raw\asl_alphabet\train\space\space88.jpg,space,train
..\..\data\raw\asl_alphabet\train\F\F260.jpg,F,train
..\..\data\raw\asl_alphabet\train\C\C719.jpg,C,train
..\..\data\raw\asl_alphabet\train\Q\Q1648.jpg,Q,train
..\..\data\raw\asl_alphabet\train\G\G2137.jpg,G,train
..\..\data\raw\asl_alphabet\train\M\M920.jpg,M,train
..\..\data\raw\asl_alphabet\train\G\G964.jpg,G,train
..\..\data\raw\asl_alphabet\train\M\M1526.jpg,M,train
..\..\data\raw\asl_alphabet\train\U\U2966.jpg,U,train
..\..\data\raw\asl_alphabet\train\Y\Y2744.jpg,Y,train
..\..\data\raw\asl_alphabet\train\Y\Y840.jpg,Y,train
..\..\data\raw\asl_alphabet\train\H\H2532.jpg,H,train
..\..\data\raw\asl_alphabet\train\Q\Q395.jpg,Q,train
..\..\data\raw\asl_alphabet\train\B\B2729.jpg,B,train
..\..\data\raw\asl_alphabet\train\P\P2436.jpg,P,train
..\..\data\raw\asl_alphabet\train\space\space2092.jpg,space,train
..\..\data\raw\asl_alphabet\train\L\L841.jpg,L,train
..\..\data\raw\asl_alphabet\train\K\K421.jpg,K,train
..\..\data\raw\asl_alphabet\train\G\G164.jpg,G,train
..\..\data\raw\asl_alphabet\train\R\R2405.jpg,R,train
..\..\data\raw\asl_alphabet\train\R\R2111.jpg,R,train
..\..\data\raw\asl_alphabet\train\W\W2653.jpg,W,train
..\..\data\raw\asl_alphabet\train\V\V2565.jpg,V,train
..\..\data\raw\asl_alphabet\train\C\C2604.jpg,C,train
..\..\data\raw\asl_alphabet\train\E\E785.jpg,E,train
..\..\data\raw\asl_alphabet\train\V\V976.jpg,V,train
..\..\data\raw\asl_alphabet\train\M\M2791.jpg,M,train
..\..\data\raw\asl_alphabet\train\space\space532.jpg,space,train
..\..\data\raw\asl_alphabet\train\B\B1837.jpg,B,train
..\..\data\raw\asl_alphabet\train\G\G2259.jpg,G,train
..\..\data\raw\asl_alphabet\train\H\H2369.jpg,H,train
..\..\data\raw\asl_alphabet\train\G\G1219.jpg,G,train
..\..\data\raw\asl_alphabet\train\N\N2165.jpg,N,train
..\..\data\raw\asl_alphabet\train\O\O1846.jpg,O,train
..\..\data\raw\asl_alphabet\train\D\D1974.jpg,D,train
..\..\data\raw\asl_alphabet\train\B\B1922.jpg,B,train
..\..\data\raw\asl_alphabet\train\X\X949.jpg,X,train
..\..\data\raw\asl_alphabet\train\A\A1994.jpg,A,train
..\..\data\raw\asl_alphabet\train\G\G2328.jpg,G,train
..\..\data\raw\asl_alphabet\train\B\B2289.jpg,B,train
..\..\data\raw\asl_alphabet\train\W\W2919.jpg,W,train
..\..\data\raw\asl_alphabet\train\S\S1146.jpg,S,train
..\..\data\raw\asl_alphabet\train\K\K2357.jpg,K,train
..\..\data\raw\asl_alphabet\train\del\del930.jpg,del,train
..\..\data\raw\asl_alphabet\train\M\M1633.jpg,M,train
..\..\data\raw\asl_alphabet\train\T\T1750.jpg,T,train
..\..\data\raw\asl_alphabet\train\U\U475.jpg,U,train
..\..\data\raw\asl_alphabet\train\space\space676.jpg,space,train
..\..\data\raw\asl_alphabet\train\Z\Z896.jpg,Z,train
..\..\data\raw\asl_alphabet\train\I\I2042.jpg,I,train
..\..\data\raw\asl_alphabet\train\V\V1739.jpg,V,train
..\..\data\raw\asl_alphabet\train\N\N402.jpg,N,train
..\..\data\raw\asl_alphabet\train\Y\Y2195.jpg,Y,train
..\..\data\raw\asl_alphabet\train\X\X2352.jpg,X,train
..\..\data\raw\asl_alphabet\train\B\B2645.jpg,B,train
..\..\data\raw\asl_alphabet\train\R\R1452.jpg,R,train
..\..\data\raw\asl_alphabet\train\Y\Y1942.jpg,Y,train
..\..\data\raw\asl_alphabet\train\del\del2998.jpg,del,train
..\..\data\raw\asl_alphabet\train\S\S1037.jpg,S,train
..\..\data\raw\asl_alphabet\train\U\U2441.jpg,U,train
..\..\data\raw\asl_alphabet\train\U\U649.jpg,U,train
..\..\data\raw\asl_alphabet\train\Q\Q1397.jpg,Q,train
..\..\data\raw\asl_alphabet\train\Y\Y2450.jpg,Y,train
..\..\data\raw\asl_alphabet\train\space\space2606.jpg,space,train
..\..\data\raw\asl_alphabet\train\W\W2079.jpg,W,train
..\..\data\raw\asl_alphabet\train\A\A739.jpg,A,train
..\..\data\raw\asl_alphabet\train\S\S2237.jpg,S,train
..\..\data\raw\asl_alphabet\train\R\R2042.jpg,R,train
..\..\data\raw\asl_alphabet\train\Z\Z1484.jpg,Z,train
..\..\data\raw\asl_alphabet\train\I\I509.jpg,I,train
..\..\data\raw\asl_alphabet\train\space\space30.jpg,space,train
..\..\data\raw\asl_alphabet\train\E\E2087.jpg,E,train
..\..\data\raw\asl_alphabet\train\I\I2381.jpg,I,train
..\..\data\raw\asl_alphabet\train\Y\Y2275.jpg,Y,train
..\..\data\raw\asl_alphabet\train\U\U1016.jpg,U,train
..\..\data\raw\asl_alphabet\train\X\X1610.jpg,X,train
..\..\data\raw\asl_alphabet\train\J\J873.jpg,J,train
..\..\data\raw\asl_alphabet\train\R\R739.jpg,R,train
..\..\data\raw\asl_alphabet\train\Y\Y1362.jpg,Y,train
..\..\data\raw\asl_alphabet\train\Q\Q744.jpg,Q,train
..\..\data\raw\asl_alphabet\train\H\H2244.jpg,H,train
..\..\data\raw\asl_alphabet\train\K\K81.jpg,K,train
..\..\data\raw\asl_alphabet\train\G\G817.jpg,G,train
..\..\data\raw\asl_alphabet\train\I\I2854.jpg,I,train
..\..\data\raw\asl_alphabet\train\O\O2558.jpg,O,train
..\..\data\raw\asl_alphabet\train\Y\Y2734.jpg,Y,train
..\..\data\raw\asl_alphabet\train\Z\Z2044.jpg,Z,train
..\..\data\raw\asl_alphabet\train\X\X242.jpg,X,train
..\..\data\raw\asl_alphabet\train\E\E494.jpg,E,train
..\..\data\raw\asl_alphabet\train\F\F782.jpg,F,train
..\..\data\raw\asl_alphabet\train\C\C2455.jpg,C,train
..\..\data\raw\asl_alphabet\train\J\J1760.jpg,J,train
..\..\data\raw\asl_alphabet\train\E\E1267.jpg,E,train
..\..\data\raw\asl_alphabet\train\P\P2790.jpg,P,train
..\..\data\raw\asl_alphabet\train\space\space986.jpg,space,train
..\..\data\raw\asl_alphabet\train\R\R1241.jpg,R,train
..\..\data\raw\asl_alphabet\train\space\space2930.jpg,space,train
..\..\data\raw\asl_alphabet\train\R\R2389.jpg,R,train
..\..\data\raw\asl_alphabet\train\K\K201.jpg,K,train
..\..\data\raw\asl_alphabet\train\D\D1919.jpg,D,train
..\..\data\raw\asl_alphabet\train\W\W692.jpg,W,train
..\..\data\raw\asl_alphabet\train\O\O1181.jpg,O,train
..\..\data\raw\asl_alphabet\train\X\X1656.jpg,X,train
..\..\data\raw\asl_alphabet\train\D\D1473.jpg,D,train
..\..\data\raw\asl_alphabet\train\U\U853.jpg,U,train
..\..\data\raw\asl_alphabet\train\H\H848.jpg,H,train
..\..\data\raw\asl_alphabet\train\D\D2520.jpg,D,train
..\..\data\raw\asl_alphabet\train\O\O1429.jpg,O,train
..\..\data\raw\asl_alphabet\train\Y\Y2970.jpg,Y,train
..\..\data\raw\asl_alphabet\train\O\O2326.jpg,O,train
..\..\data\raw\asl_alphabet\train\S\S226.jpg,S,train
..\..\data\raw\asl_alphabet\train\S\S340.jpg,S,train
..\..\data\raw\asl_alphabet\train\F\F1286.jpg,F,train
..\..\data\raw\asl_alphabet\train\W\W2504.jpg,W,train
..\..\data\raw\asl_alphabet\train\W\W2409.jpg,W,train
..\..\data\raw\asl_alphabet\train\U\U2643.jpg,U,train
..\..\data\raw\asl_alphabet\train\P\P1083.jpg,P,train
..\..\data\raw\asl_alphabet\train\N\N2816.jpg,N,train
..\..\data\raw\asl_alphabet\train\L\L40.jpg,L,train
..\..\data\raw\asl_alphabet\train\del\del2710.jpg,del,train
..\..\data\raw\asl_alphabet\train\C\C446.jpg,C,train
..\..\data\raw\asl_alphabet\train\T\T2928.jpg,T,train
..\..\data\raw\asl_alphabet\train\A\A1319.jpg,A,train
..\..\data\raw\asl_alphabet\train\O\O422.jpg,O,train
..\..\data\raw\asl_alphabet\train\A\A965.jpg,A,train
..\..\data\raw\asl_alphabet\train\B\B1591.jpg,B,train
..\..\data\raw\asl_alphabet\train\del\del2595.jpg,del,train
..\..\data\raw\asl_alphabet\train\B\B206.jpg,B,train
..\..\data\raw\asl_alphabet\train\Q\Q2460.jpg,Q,train
..\..\data\raw\asl_alphabet\train\B\B2482.jpg,B,train
..\..\data\raw\asl_alphabet\train\M\M2885.jpg,M,train
..\..\data\raw\asl_alphabet\train\Z\Z851.jpg,Z,train
..\..\data\raw\asl_alphabet\train\H\H213.jpg,H,train
..\..\data\raw\asl_alphabet\train\L\L1628.jpg,L,train
..\..\data\raw\asl_alphabet\train\P\P2861.jpg,P,train
..\..\data\raw\asl_alphabet\train\Y\Y2553.jpg,Y,train
..\..\data\raw\asl_alphabet\train\X\X105.jpg,X,train
..\..\data\raw\asl_alphabet\train\nothing\nothing302.jpg,nothing,train
..\..\data\raw\asl_alphabet\train\Z\Z296.jpg,Z,train
..\..\data\raw\asl_alphabet\train\V\V2374.jpg,V,train
..\..\data\raw\asl_alphabet\train\N\N1801.jpg,N,train
..\..\data\raw\asl_alphabet\train\A\A952.jpg,A,train
..\..\data\raw\asl_alphabet\train\D\D506.jpg,D,train
..\..\data\raw\asl_alphabet\train\Q\Q2577.jpg,Q,train
..\..\data\raw\asl_alphabet\train\M\M1532.jpg,M,train
..\..\data\raw\asl_alphabet\train\B\B431.jpg,B,train
..\..\data\raw\asl_alphabet\train\N\N840.jpg,N,train
..\..\data\raw\asl_alphabet\train\nothing\nothing2839.jpg,nothing,train
..\..\data\raw\asl_alphabet\train\O\O924.jpg,O,train
..\..\data\raw\asl_alphabet\train\A\A2099.jpg,A,train
..\..\data\raw\asl_alphabet\train\W\W707.jpg,W,train
..\..\data\raw\asl_alphabet\train\E\E1983.jpg,E,train
..\..\data\raw\asl_alphabet\train\W\W1899.jpg,W,train
..\..\data\raw\asl_alphabet\train\Z\Z1702.jpg,Z,train
..\..\data\raw\asl_alphabet\train\N\N2699.jpg,N,train
..\..\data\raw\asl_alphabet\train\E\E280.jpg,E,train
..\..\data\raw\asl_alphabet\train\A\A20.jpg,A,train
..\..\data\raw\asl_alphabet\train\del\del1683.jpg,del,train
..\..\data\raw\asl_alphabet\train\B\B579.jpg,B,train
..\..\data\raw\asl_alphabet\train\A\A1842.jpg,A,train
..\..\data\raw\asl_alphabet\train\U\U2553.jpg,U,train
..\..\data\raw\asl_alphabet\train\T\T2470.jpg,T,train
..\..\data\raw\asl_alphabet\train\O\O2257.jpg,O,train
..\..\data\raw\asl_alphabet\train\P\P1184.jpg,P,train
..\..\data\raw\asl_alphabet\train\D\D1888.jpg,D,train
..\..\data\raw\asl_alphabet\train\H\H2518.jpg,H,train
..\..\data\raw\asl_alphabet\train\C\C543.jpg,C,train
..\..\data\raw\asl_alphabet\train\Y\Y2451.jpg,Y,train
..\..\data\raw\asl_alphabet\train\K\K1819.jpg,K,train
..\..\data\raw\asl_alphabet\train\J\J2155.jpg,J,train
..\..\data\raw\asl_alphabet\train\O\O2406.jpg,O,train
..\..\data\raw\asl_alphabet\train\X\X1973.jpg,X,train
..\..\data\raw\asl_alphabet\train\J\J269.jpg,J,train
..\..\data\raw\asl_alphabet\train\del\del1521.jpg,del,train
..\..\data\raw\asl_alphabet\train\del\del2048.jpg,del,train
..\..\data\raw\asl_alphabet\train\Z\Z911.jpg,Z,train
..\..\data\raw\asl_alphabet\train\G\G1628.jpg,G,train
..\..\data\raw\asl_alphabet\train\U\U2509.jpg,U,train
..\..\data\raw\asl_alphabet\train\V\V2776.jpg,V,train
..\..\data\raw\asl_alphabet\train\B\B801.jpg,B,train
..\..\data\raw\asl_alphabet\train\N\N1788.jpg,N,train
..\..\data\raw\asl_alphabet\train\K\K1341.jpg,K,train
..\..\data\raw\asl_alphabet\train\C\C2585.jpg,C,train
..\..\data\raw\asl_alphabet\train\space\space2980.jpg,space,train
..\..\data\raw\asl_alphabet\train\B\B1073.jpg,B,train
..\..\data\raw\asl_alphabet\train\Q\Q214.jpg,Q,train
..\..\data\raw\asl_alphabet\train\V\V1380.jpg,V,train
..\..\data\raw\asl_alphabet\train\S\S205.jpg,S,train
..\..\data\raw\asl_alphabet\train\N\N2432.jpg,N,train
..\..\data\raw\asl_alphabet\train\E\E1058.jpg,E,train
..\..\data\raw\asl_alphabet\train\nothing\nothing1941.jpg,nothing,train
..\..\data\raw\asl_alphabet\train\R\R2268.jpg,R,train
..\..\data\raw\asl_alphabet\train\S\S1665.jpg,S,train
..\..\data\raw\asl_alphabet\train\R\R1896.jpg,R,train
..\..\data\raw\asl_alphabet\train\Y\Y601.jpg,Y,train
..\..\data\raw\asl_alphabet\train\P\P2915.jpg,P,train
..\..\data\raw\asl_alphabet\train\K\K889.jpg,K,train
..\..\data\raw\asl_alphabet\train\A\A1310.jpg,A,train
..\..\data\raw\asl_alphabet\train\space\space1593.jpg,space,train
..\..\data\raw\asl_alphabet\train\space\space2120.jpg,space,train
..\..\data\raw\asl_alphabet\train\N\N1512.jpg,N,train
..\..\data\raw\asl_alphabet\train\G\G2816.jpg,G,train
..\..\data\raw\asl_alphabet\train\G\G1687.jpg,G,train
..\..\data\raw\asl_alphabet\train\C\C2843.jpg,C,train
..\..\data\raw\asl_alphabet\train\G\G2973.jpg,G,train
..\..\data\raw\asl_alphabet\train\S\S728.jpg,S,train
..\..\data\raw\asl_alphabet\train\space\space347.jpg,space,train
..\..\data\raw\asl_alphabet\train\F\F1216.jpg,F,train
..\..\data\raw\asl_alphabet\train\J\J831.jpg,J,train
..\..\data\raw\asl_alphabet\train\M\M1157.jpg,M,train
..\..\data\raw\asl_alphabet\train\L\L1132.jpg,L,train
..\..\data\raw\asl_alphabet\train\P\P256.jpg,P,train
..\..\data\raw\asl_alphabet\train\T\T1208.jpg,T,train
..\..\data\raw\asl_alphabet\train\A\A1214.jpg,A,train
..\..\data\raw\asl_alphabet\train\C\C1584.jpg,C,train
..\..\data\raw\asl_alphabet\train\O\O733.jpg,O,train
..\..\data\raw\asl_alphabet\train\I\I2067.jpg,I,train
..\..\data\raw\asl_alphabet\train\R\R1214.jpg,R,train
..\..\data\raw\asl_alphabet\train\G\G1743.jpg,G,train
..\..\data\raw\asl_alphabet\train\K\K522.jpg,K,train
..\..\data\raw\asl_alphabet\train\L\L1678.jpg,L,train
..\..\data\raw\asl_alphabet\train\J\J219.jpg,J,train
..\..\data\raw\asl_alphabet\train\M\M610.jpg,M,train
..\..\data\raw\asl_alphabet\train\R\R1192.jpg,R,train
..\..\data\raw\asl_alphabet\train\J\J1804.jpg,J,train
..\..\data\raw\asl_alphabet\train\G\G1633.jpg,G,train
..\..\data\raw\asl_alphabet\train\K\K1661.jpg,K,train
..\..\data\raw\asl_alphabet\train\C\C1142.jpg,C,train
..\..\data\raw\asl_alphabet\train\V\V2842.jpg,V,train
..\..\data\raw\asl_alphabet\train\R\R167.jpg,R,train
..\..\data\raw\asl_alphabet\train\B\B2521.jpg,B,train
..\..\data\raw\asl_alphabet\train\nothing\nothing2185.jpg,nothing,train
..\..\data\raw\asl_alphabet\train\Z\Z1744.jpg,Z,train
..\..\data\raw\asl_alphabet\train\T\T1357.jpg,T,train
..\..\data\raw\asl_alphabet\train\Y\Y2414.jpg,Y,train
..\..\data\raw\asl_alphabet\train\I\I2505.jpg,I,train
..\..\data\raw\asl_alphabet\train\L\L824.jpg,L,train
..\..\data\raw\asl_alphabet\train\K\K444.jpg,K,train
..\..\data\raw\asl_alphabet\train\K\K1531.jpg,K,train
..\..\data\raw\asl_alphabet\train\M\M2426.jpg,M,train
..\..\data\raw\asl_alphabet\train\A\A2244.jpg,A,train
..\..\data\raw\asl_alphabet\train\V\V1754.jpg,V,train
..\..\data\raw\asl_alphabet\train\M\M311.jpg,M,train
..\..\data\raw\asl_alphabet\train\D\D2269.jpg,D,train
..\..\data\raw\asl_alphabet\train\Q\Q484.jpg,Q,train
..\..\data\raw\asl_alphabet\train\O\O1955.jpg,O,train
..\..\data\raw\asl_alphabet\train\R\R1855.jpg,R,train
..\..\data\raw\asl_alphabet\train\P\P2330.jpg,P,train
..\..\data\raw\asl_alphabet\train\Q\Q1162.jpg,Q,train
..\..\data\raw\asl_alphabet\train\nothing\nothing1806.jpg,nothing,train
..\..\data\raw\asl_alphabet\train\C\C2150.jpg,C,train
..\..\data\raw\asl_alphabet\train\O\O1532.jpg,O,train
..\..\data\raw\asl_alphabet\train\U\U588.jpg,U,train
..\..\data\raw\asl_alphabet\train\J\J2010.jpg,J,train
..\..\data\raw\asl_alphabet\train\B\B420.jpg,B,train
..\..\data\raw\asl_alphabet\train\E\E739.jpg,E,train
..\..\data\raw\asl_alphabet\train\L\L2006.jpg,L,train
..\..\data\raw\asl_alphabet\train\J\J744.jpg,J,train
..\..\data\raw\asl_alphabet\train\N\N2810.jpg,N,train
..\..\data\raw\asl_alphabet\train\Y\Y726.jpg,Y,train
..\..\data\raw\asl_alphabet\train\F\F2095.jpg,F,train
..\..\data\raw\asl_alphabet\train\T\T803.jpg,T,train
..\..\data\raw\asl_alphabet\train\S\S2784.jpg,S,train
..\..\data\raw\asl_alphabet\train\P\P1882.jpg,P,train
..\..\data\raw\asl_alphabet\train\C\C2196.jpg,C,train
..\..\data\raw\asl_alphabet\train\O\O1638.jpg,O,train
..\..\data\raw\asl_alphabet\train\S\S2969.jpg,S,train
..\..\data\raw\asl_alphabet\train\V\V1324.jpg,V,train
..\..\data\raw\asl_alphabet\train\Q\Q643.jpg,Q,train
..\..\data\raw\asl_alphabet\train\T\T2744.jpg,T,train
..\..\data\raw\asl_alphabet\train\N\N387.jpg,N,train
..\..\data\raw\asl_alphabet\train\M\M551.jpg,M,train
..\..\data\raw\asl_alphabet\train\L\L496.jpg,L,train
..\..\data\raw\asl_alphabet\train\L\L952.jpg,L,train
..\..\data\raw\asl_alphabet\train\N\N1285.jpg,N,train
..\..\data\raw\asl_alphabet\train\E\E828.jpg,E,train
..\..\data\raw\asl_alphabet\train\Y\Y2842.jpg,Y,train
..\..\data\raw\asl_alphabet\train\U\U1340.jpg,U,train
..\..\data\raw\asl_alphabet\train\J\J1482.jpg,J,train
..\..\data\raw\asl_alphabet\train\T\T2400.jpg,T,train
..\..\data\raw\asl_alphabet\train\G\G1832.jpg,G,train
..\..\data\raw\asl_alphabet\train\V\V881.jpg,V,train
..\..\data\raw\asl_alphabet\train\S\S881.jpg,S,train
..\..\data\raw\asl_alphabet\train\I\I2764.jpg,I,train
..\..\data\raw\asl_alphabet\train\J\J2404.jpg,J,train
..\..\data\raw\asl_alphabet\train\W\W2368.jpg,W,train
..\..\data\raw\asl_alphabet\train\W\W742.jpg,W,train
..\..\data\raw\asl_alphabet\train\Q\Q1237.jpg,Q,train
..\..\data\raw\asl_alphabet\train\H\H92.jpg,H,train
..\..\data\raw\asl_alphabet\train\Q\Q2420.jpg,Q,train
..\..\data\raw\asl_alphabet\train\J\J2659.jpg,J,train
..\..\data\raw\asl_alphabet\train\D\D1871.jpg,D,train
..\..\data\raw\asl_alphabet\train\space\space2873.jpg,space,train
..\..\data\raw\asl_alphabet\train\K\K2641.jpg,K,train
..\..\data\raw\asl_alphabet\train\D\D87.jpg,D,train
..\..\data\raw\asl_alphabet\train\E\E2505.jpg,E,train
..\..\data\raw\asl_alphabet\train\X\X1439.jpg,X,train
..\..\data\raw\asl_alphabet\train\D\D1978.jpg,D,train
..\..\data\raw\asl_alphabet\train\Y\Y354.jpg,Y,train
..\..\data\raw\asl_alphabet\train\V\V1612.jpg,V,train
..\..\data\raw\asl_alphabet\train\J\J2971.jpg,J,train
..\..\data\raw\asl_alphabet\train\W\W1969.jpg,W,train
..\..\data\raw\asl_alphabet\train\E\E1314.jpg,E,train
..\..\data\raw\asl_alphabet\train\R\R2464.jpg,R,train
..\..\data\raw\asl_alphabet\train\A\A624.jpg,A,train
..\..\data\raw\asl_alphabet\train\nothing\nothing1112.jpg,nothing,train
..\..\data\raw\asl_alphabet\train\A\A1152.jpg,A,train
..\..\data\raw\asl_alphabet\train\D\D577.jpg,D,train
..\..\data\raw\asl_alphabet\train\nothing\nothing82.jpg,nothing,train
..\..\data\raw\asl_alphabet\train\G\G2129.jpg,G,train
..\..\data\raw\asl_alphabet\train\D\D2346.jpg,D,train
..\..\data\raw\asl_alphabet\train\Y\Y2002.jpg,Y,train
..\..\data\raw\asl_alphabet\train\W\W1730.jpg,W,train
..\..\data\raw\asl_alphabet\train\T\T2702.jpg,T,train
..\..\data\raw\asl_alphabet\train\C\C414.jpg,C,train
..\..\data\raw\asl_alphabet\train\I\I2380.jpg,I,train
..\..\data\raw\asl_alphabet\train\D\D2684.jpg,D,train
..\..\data\raw\asl_alphabet\train\B\B738.jpg,B,train
..\..\data\raw\asl_alphabet\train\A\A2092.jpg,A,train
..\..\data\raw\asl_alphabet\train\space\space1516.jpg,space,train
..\..\data\raw\asl_alphabet\train\Q\Q421.jpg,Q,train
..\..\data\raw\asl_alphabet\train\J\J1882.jpg,J,train
..\..\data\raw\asl_alphabet\train\del\del1258.jpg,del,train
..\..\data\raw\asl_alphabet\train\space\space546.jpg,space,train
..\..\data\raw\asl_alphabet\train\K\K2814.jpg,K,train
..\..\data\raw\asl_alphabet\train\C\C2005.jpg,C,train
..\..\data\raw\asl_alphabet\train\N\N2577.jpg,N,train
..\..\data\raw\asl_alphabet\train\O\O1882.jpg,O,train
..\..\data\raw\asl_alphabet\train\W\W2201.jpg,W,train
..\..\data\raw\asl_alphabet\train\B\B239.jpg,B,train
..\..\data\raw\asl_alphabet\train\E\E820.jpg,E,train
..\..\data\raw\asl_alphabet\train\K\K1330.jpg,K,train
..\..\data\raw\asl_alphabet\train\E\E2891.jpg,E,train
..\..\data\raw\asl_alphabet\train\nothing\nothing1238.jpg,nothing,train
..\..\data\raw\asl_alphabet\train\space\space1707.jpg,space,train
..\..\data\raw\asl_alphabet\train\N\N1173.jpg,N,train
..\..\data\raw\asl_alphabet\train\G\G127.jpg,G,train
..\..\data\raw\asl_alphabet\train\B\B188.jpg,B,train
..\..\data\raw\asl_alphabet\train\T\T2477.jpg,T,train
..\..\data\raw\asl_alphabet\train\Y\Y376.jpg,Y,train
..\..\data\raw\asl_alphabet\train\U\U422.jpg,U,train
..\..\data\raw\asl_alphabet\train\Y\Y1545.jpg,Y,train
..\..\data\raw\asl_alphabet\train\T\T153.jpg,T,train
..\..\data\raw\asl_alphabet\train\S\S1680.jpg,S,train
..\..\data\raw\asl_alphabet\train\P\P2137.jpg,P,train
..\..\data\raw\asl_alphabet\train\R\R1887.jpg,R,train
..\..\data\raw\asl_alphabet\train\Y\Y2868.jpg,Y,train
..\..\data\raw\asl_alphabet\train\I\I1662.jpg,I,train
..\..\data\raw\asl_alphabet\train\G\G1529.jpg,G,train
..\..\data\raw\asl_alphabet\train\I\I1846.jpg,I,train
..\..\data\raw\asl_alphabet\train\Z\Z2380.jpg,Z,train
..\..\data\raw\asl_alphabet\train\V\V2254.jpg,V,train
..\..\data\raw\asl_alphabet\train\O\O1825.jpg,O,train
..\..\data\raw\asl_alphabet\train\R\R1429.jpg,R,train
..\..\data\raw\asl_alphabet\train\E\E331.jpg,E,train
..\..\data\raw\asl_alphabet\train\G\G1727.jpg,G,train
..\..\data\raw\asl_alphabet\train\W\W2671.jpg,W,train
..\..\data\raw\asl_alphabet\train\C\C2990.jpg,C,train
..\..\data\raw\asl_alphabet\train\O\O854.jpg,O,train
..\..\data\raw\asl_alphabet\train\L\L187.jpg,L,train
..\..\data\raw\asl_alphabet\train\G\G249.jpg,G,train
..\..\data\raw\asl_alphabet\train\I\I154.jpg,I,train
..\..\data\raw\asl_alphabet\train\O\O2856.jpg,O,train
..\..\data\raw\asl_alphabet\train\B\B334.jpg,B,train
..\..\data\raw\asl_alphabet\train\nothing\nothing2277.jpg,nothing,train
..\..\data\raw\asl_alphabet\train\J\J2055.jpg,J,train
..\..\data\raw\asl_alphabet\train\Y\Y527.jpg,Y,train
..\..\data\raw\asl_alphabet\train\J\J2777.jpg,J,train
..\..\data\raw\asl_alphabet\train\Q\Q2384.jpg,Q,train
..\..\data\raw\asl_alphabet\train\A\A1605.jpg,A,train
..\..\data\raw\asl_alphabet\train\Z\Z2459.jpg,Z,train
..\..\data\raw\asl_alphabet\train\R\R1794.jpg,R,train
..\..\data\raw\asl_alphabet\train\U\U2820.jpg,U,train
..\..\data\raw\asl_alphabet\train\Y\Y2473.jpg,Y,train
..\..\data\raw\asl_alphabet\train\X\X1714.jpg,X,train
..\..\data\raw\asl_alphabet\train\X\X1887.jpg,X,train
..\..\data\raw\asl_alphabet\train\M\M2989.jpg,M,train
..\..\data\raw\asl_alphabet\train\I\I2975.jpg,I,train
..\..\data\raw\asl_alphabet\train\J\J357.jpg,J,train
..\..\data\raw\asl_alphabet\train\P\P229.jpg,P,train
..\..\data\raw\asl_alphabet\train\E\E2994.jpg,E,train
..\..\data\raw\asl_alphabet\train\T\T125.jpg,T,train
..\..\data\raw\asl_alphabet\train\O\O2803.jpg,O,train
..\..\data\raw\asl_alphabet\train\space\space1536.jpg,space,train
..\..\data\raw\asl_alphabet\train\D\D1275.jpg,D,train
..\..\data\raw\asl_alphabet\train\E\E2717.jpg,E,train
..\..\data\raw\asl_alphabet\train\R\R1458.jpg,R,train
..\..\data\raw\asl_alphabet\train\F\F343.jpg,F,train
..\..\data\raw\asl_alphabet\train\V\V2755.jpg,V,train
..\..\data\raw\asl_alphabet\train\G\G195.jpg,G,train
..\..\data\raw\asl_alphabet\train\J\J2601.jpg,J,train
..\..\data\raw\asl_alphabet\train\E\E689.jpg,E,train
..\..\data\raw\asl_alphabet\train\N\N1443.jpg,N,train
..\..\data\raw\asl_alphabet\train\O\O276.jpg,O,train
..\..\data\raw\asl_alphabet\train\M\M1785.jpg,M,train
..\..\data\raw\asl_alphabet\train\N\N678.jpg,N,train
..\..\data\raw\asl_alphabet\train\R\R2125.jpg,R,train
..\..\data\raw\asl_alphabet\train\Q\Q860.jpg,Q,train
..\..\data\raw\asl_alphabet\train\V\V1016.jpg,V,train
..\..\data\raw\asl_alphabet\train\R\R116.jpg,R,train
..\..\data\raw\asl_alphabet\train\space\space2824.jpg,space,train
..\..\data\raw\asl_alphabet\train\F\F529.jpg,F,train
..\..\data\raw\asl_alphabet\train\K\K326.jpg,K,train
..\..\data\raw\asl_alphabet\train\S\S1667.jpg,S,train
..\..\data\raw\asl_alphabet\train\K\K2298.jpg,K,train
..\..\data\raw\asl_alphabet\train\G\G2808.jpg,G,train
..\..\data\raw\asl_alphabet\train\M\M1090.jpg,M,train
..\..\data\raw\asl_alphabet\train\I\I621.jpg,I,train
..\..\data\raw\asl_alphabet\train\L\L393.jpg,L,train
..\..\data\raw\asl_alphabet\train\V\V1836.jpg,V,train
..\..\data\raw\asl_alphabet\train\T\T2560.jpg,T,train
..\..\data\raw\asl_alphabet\train\A\A308.jpg,A,train
..\..\data\raw\asl_alphabet\train\S\S528.jpg,S,train
..\..\data\raw\asl_alphabet\train\A\A2632.jpg,A,train
..\..\data\raw\asl_alphabet\train\T\T509.jpg,T,train
..\..\data\raw\asl_alphabet\train\A\A279.jpg,A,train
..\..\data\raw\asl_alphabet\train\del\del2481.jpg,del,train
..\..\data\raw\asl_alphabet\train\nothing\nothing2992.jpg,nothing,train
..\..\data\raw\asl_alphabet\train\space\space1744.jpg,space,train
..\..\data\raw\asl_alphabet\train\B\B2966.jpg,B,train
..\..\data\raw\asl_alphabet\train\space\space1586.jpg,space,train
..\..\data\raw\asl_alphabet\train\P\P2459.jpg,P,train
..\..\data\raw\asl_alphabet\train\J\J1704.jpg,J,train
..\..\data\raw\asl_alphabet\train\S\S1688.jpg,S,train
..\..\data\raw\asl_alphabet\train\nothing\nothing460.jpg,nothing,train
..\..\data\raw\asl_alphabet\train\J\J2909.jpg,J,train
..\..\data\raw\asl_alphabet\train\Z\Z375.jpg,Z,train
..\..\data\raw\asl_alphabet\train\del\del1278.jpg,del,train
..\..\data\raw\asl_alphabet\train\I\I562.jpg,I,train
..\..\data\raw\asl_alphabet\train\U\U2154.jpg,U,train
..\..\data\raw\asl_alphabet\train\D\D1003.jpg,D,train
..\..\data\raw\asl_alphabet\train\U\U2569.jpg,U,train
..\..\data\raw\asl_alphabet\train\V\V1557.jpg,V,train
..\..\data\raw\asl_alphabet\train\V\V1653.jpg,V,train
..\..\data\raw\asl_alphabet\train\N\N1500.jpg,N,train
..\..\data\raw\asl_alphabet\train\R\R2572.jpg,R,train
..\..\data\raw\asl_alphabet\train\O\O558.jpg,O,train
..\..\data\raw\asl_alphabet\train\L\L2205.jpg,L,train
..\..\data\raw\asl_alphabet\train\U\U1093.jpg,U,train
..\..\data\raw\asl_alphabet\train\G\G1904.jpg,G,train
..\..\data\raw\asl_alphabet\train\W\W2505.jpg,W,train
..\..\data\raw\asl_alphabet\train\J\J2968.jpg,J,train
..\..\data\raw\asl_alphabet\train\S\S1224.jpg,S,train
..\..\data\raw\asl_alphabet\train\F\F1418.jpg,F,train
..\..\data\raw\asl_alphabet\train\D\D1605.jpg,D,train
..\..\data\raw\asl_alphabet\train\space\space1803.jpg,space,train
..\..\data\raw\asl_alphabet\train\X\X1671.jpg,X,train
..\..\data\raw\asl_alphabet\train\P\P751.jpg,P,train
..\..\data\raw\asl_alphabet\train\T\T2482.jpg,T,train
..\..\data\raw\asl_alphabet\train\nothing\nothing446.jpg,nothing,train
..\..\data\raw\asl_alphabet\train\T\T2521.jpg,T,train
..\..\data\raw\asl_alphabet\train\W\W1801.jpg,W,train
..\..\data\raw\asl_alphabet\train\B\B1145.jpg,B,train
..\..\data\raw\asl_alphabet\train\S\S1017.jpg,S,train
..\..\data\raw\asl_alphabet\train\N\N93.jpg,N,train
..\..\data\raw\asl_alphabet\train\space\space764.jpg,space,train
..\..\data\raw\asl_alphabet\train\Q\Q1139.jpg,Q,train
..\..\data\raw\asl_alphabet\train\O\O2356.jpg,O,train
..\..\data\raw\asl_alphabet\train\B\B1852.jpg,B,train
..\..\data\raw\asl_alphabet\train\Q\Q297.jpg,Q,train
..\..\data\raw\asl_alphabet\train\space\space1619.jpg,space,train
..\..\data\raw\asl_alphabet\train\O\O1580.jpg,O,train
..\..\data\raw\asl_alphabet\train\nothing\nothing1440.jpg,nothing,train
..\..\data\raw\asl_alphabet\train\F\F1813.jpg,F,train
..\..\data\raw\asl_alphabet\train\D\D784.jpg,D,train
..\..\data\raw\asl_alphabet\train\V\V495.jpg,V,train
..\..\data\raw\asl_alphabet\train\H\H973.jpg,H,train
..\..\data\raw\asl_alphabet\train\P\P2043.jpg,P,train
..\..\data\raw\asl_alphabet\train\R\R1526.jpg,R,train
..\..\data\raw\asl_alphabet\train\G\G2860.jpg,G,train
..\..\data\raw\asl_alphabet\train\R\R545.jpg,R,train
..\..\data\raw\asl_alphabet\train\V\V2502.jpg,V,train
..\..\data\raw\asl_alphabet\train\C\C1208.jpg,C,train
..\..\data\raw\asl_alphabet\train\T\T2698.jpg,T,train
..\..\data\raw\asl_alphabet\train\R\R1205.jpg,R,train
..\..\data\raw\asl_alphabet\train\H\H1137.jpg,H,train
..\..\data\raw\asl_alphabet\train\I\I1922.jpg,I,train
..\..\data\raw\asl_alphabet\train\J\J752.jpg,J,train
..\..\data\raw\asl_alphabet\train\N\N2807.jpg,N,train
..\..\data\raw\asl_alphabet\train\M\M1693.jpg,M,train
..\..\data\raw\asl_alphabet\train\V\V497.jpg,V,train
..\..\data\raw\asl_alphabet\train\P\P1567.jpg,P,train
..\..\data\raw\asl_alphabet\train\G\G941.jpg,G,train
..\..\data\raw\asl_alphabet\train\B\B668.jpg,B,train
..\..\data\raw\asl_alphabet\train\P\P304.jpg,P,train
..\..\data\raw\asl_alphabet\train\I\I451.jpg,I,train
..\..\data\raw\asl_alphabet\train\N\N464.jpg,N,train
..\..\data\raw\asl_alphabet\train\nothing\nothing2559.jpg,nothing,train
..\..\data\raw\asl_alphabet\train\U\U1691.jpg,U,train
..\..\data\raw\asl_alphabet\train\F\F763.jpg,F,train
..\..\data\raw\asl_alphabet\train\D\D123.jpg,D,train
..\..\data\raw\asl_alphabet\train\I\I1944.jpg,I,train
..\..\data\raw\asl_alphabet\train\Q\Q310.jpg,Q,train
..\..\data\raw\asl_alphabet\train\del\del934.jpg,del,train
..\..\data\raw\asl_alphabet\train\X\X239.jpg,X,train
..\..\data\raw\asl_alphabet\train\F\F2186.jpg,F,train
..\..\data\raw\asl_alphabet\train\S\S592.jpg,S,train
..\..\data\raw\asl_alphabet\train\T\T221.jpg,T,train
..\..\data\raw\asl_alphabet\train\Q\Q616.jpg,Q,train
..\..\data\raw\asl_alphabet\train\X\X1335.jpg,X,train
..\..\data\raw\asl_alphabet\train\N\N2242.jpg,N,train
..\..\data\raw\asl_alphabet\train\P\P2047.jpg,P,train
..\..\data\raw\asl_alphabet\train\F\F2639.jpg,F,train
..\..\data\raw\asl_alphabet\train\C\C2688.jpg,C,train
..\..\data\raw\asl_alphabet\train\N\N2787.jpg,N,train
..\..\data\raw\asl_alphabet\train\D\D567.jpg,D,train
..\..\data\raw\asl_alphabet\train\K\K1419.jpg,K,train
..\..\data\raw\asl_alphabet\train\R\R423.jpg,R,train
..\..\data\raw\asl_alphabet\train\I\I913.jpg,I,train
..\..\data\raw\asl_alphabet\train\Q\Q239.jpg,Q,train
..\..\data\raw\asl_alphabet\train\B\B2358.jpg,B,train
..\..\data\raw\asl_alphabet\train\Q\Q520.jpg,Q,train
..\..\data\raw\asl_alphabet\train\G\G1541.jpg,G,train
..\..\data\raw\asl_alphabet\train\X\X892.jpg,X,train
..\..\data\raw\asl_alphabet\train\D\D2063.jpg,D,train
..\..\data\raw\asl_alphabet\train\O\O611.jpg,O,train
..\..\data\raw\asl_alphabet\train\W\W1400.jpg,W,train
..\..\data\raw\asl_alphabet\train\W\W1370.jpg,W,train
..\..\data\raw\asl_alphabet\train\space\space213.jpg,space,train
..\..\data\raw\asl_alphabet\train\del\del2350.jpg,del,train
..\..\data\raw\asl_alphabet\train\E\E2280.jpg,E,train
..\..\data\raw\asl_alphabet\train\N\N2554.jpg,N,train
..\..\data\raw\asl_alphabet\train\W\W2333.jpg,W,train
..\..\data\raw\asl_alphabet\train\del\del616.jpg,del,train
..\..\data\raw\asl_alphabet\train\del\del998.jpg,del,train
..\..\data\raw\asl_alphabet\train\J\J1174.jpg,J,train
..\..\data\raw\asl_alphabet\train\X\X2021.jpg,X,train
..\..\data\raw\asl_alphabet\train\R\R2333.jpg,R,train
..\..\data\raw\asl_alphabet\train\R\R2744.jpg,R,train
..\..\data\raw\asl_alphabet\train\T\T1491.jpg,T,train
..\..\data\raw\asl_alphabet\train\N\N271.jpg,N,train
..\..\data\raw\asl_alphabet\train\Q\Q1740.jpg,Q,train
..\..\data\raw\asl_alphabet\train\G\G1818.jpg,G,train
..\..\data\raw\asl_alphabet\train\B\B1499.jpg,B,train
..\..\data\raw\asl_alphabet\train\U\U999.jpg,U,train
..\..\data\raw\asl_alphabet\train\B\B1679.jpg,B,train
..\..\data\raw\asl_alphabet\train\X\X2806.jpg,X,train
..\..\data\raw\asl_alphabet\train\nothing\nothing183.jpg,nothing,train
..\..\data\raw\asl_alphabet\train\X\X1788.jpg,X,train
..\..\data\raw\asl_alphabet\train\V\V2450.jpg,V,train
..\..\data\raw\asl_alphabet\train\F\F1422.jpg,F,train
..\..\data\raw\asl_alphabet\train\K\K697.jpg,K,train
..\..\data\raw\asl_alphabet\train\space\space2633.jpg,space,train
..\..\data\raw\asl_alphabet\train\del\del227.jpg,del,train
..\..\data\raw\asl_alphabet\train\V\V1048.jpg,V,train
..\..\data\raw\asl_alphabet\train\L\L2476.jpg,L,train
..\..\data\raw\asl_alphabet\train\nothing\nothing2824.jpg,nothing,train
..\..\data\raw\asl_alphabet\train\Q\Q2592.jpg,Q,train
..\..\data\raw\asl_alphabet\train\A\A1198.jpg,A,train
..\..\data\raw\asl_alphabet\train\P\P405.jpg,P,train
..\..\data\raw\asl_alphabet\train\C\C2423.jpg,C,train
..\..\data\raw\asl_alphabet\train\Z\Z2255.jpg,Z,train
..\..\data\raw\asl_alphabet\train\F\F255.jpg,F,train
..\..\data\raw\asl_alphabet\train\B\B1270.jpg,B,train
..\..\data\raw\asl_alphabet\train\S\S1830.jpg,S,train
..\..\data\raw\asl_alphabet\train\K\K2545.jpg,K,train
..\..\data\raw\asl_alphabet\train\del\del2074.jpg,del,train
..\..\data\raw\asl_alphabet\train\space\space1356.jpg,space,train
..\..\data\raw\asl_alphabet\train\W\W1166.jpg,W,train
..\..\data\raw\asl_alphabet\train\K\K1337.jpg,K,train
..\..\data\raw\asl_alphabet\train\J\J561.jpg,J,train
..\..\data\raw\asl_alphabet\train\I\I2475.jpg,I,train
..\..\data\raw\asl_alphabet\train\C\C1847.jpg,C,train
..\..\data\raw\asl_alphabet\train\B\B2143.jpg,B,train
..\..\data\raw\asl_alphabet\train\T\T944.jpg,T,train
..\..\data\raw\asl_alphabet\train\M\M2667.jpg,M,train
..\..\data\raw\asl_alphabet\train\G\G271.jpg,G,train
..\..\data\raw\asl_alphabet\train\del\del702.jpg,del,train
..\..\data\raw\asl_alphabet\train\D\D2334.jpg,D,train
..\..\data\raw\asl_alphabet\train\T\T1005.jpg,T,train
..\..\data\raw\asl_alphabet\train\X\X1563.jpg,X,train
..\..\data\raw\asl_alphabet\train\Z\Z1530.jpg,Z,train
..\..\data\raw\asl_alphabet\train\Z\Z2012.jpg,Z,train
..\..\data\raw\asl_alphabet\train\O\O777.jpg,O,train
..\..\data\raw\asl_alphabet\train\J\J2708.jpg,J,train
..\..\data\raw\asl_alphabet\train\K\K906.jpg,K,train
..\..\data\raw\asl_alphabet\train\U\U815.jpg,U,train
..\..\data\raw\asl_alphabet\train\I\I1973.jpg,I,train
..\..\data\raw\asl_alphabet\train\L\L27.jpg,L,train
..\..\data\raw\asl_alphabet\train\Y\Y248.jpg,Y,train
..\..\data\raw\asl_alphabet\train\I\I862.jpg,I,train
..\..\data\raw\asl_alphabet\train\Z\Z424.jpg,Z,train
..\..\data\raw\asl_alphabet\train\del\del786.jpg,del,train
..\..\data\raw\asl_alphabet\train\I\I2341.jpg,I,train
..\..\data\raw\asl_alphabet\train\N\N2844.jpg,N,train
..\..\data\raw\asl_alphabet\train\M\M1618.jpg,M,train
..\..\data\raw\asl_alphabet\train\A\A2037.jpg,A,train
..\..\data\raw\asl_alphabet\train\R\R2354.jpg,R,train
..\..\data\raw\asl_alphabet\train\U\U780.jpg,U,train
..\..\data\raw\asl_alphabet\train\H\H2297.jpg,H,train
..\..\data\raw\asl_alphabet\train\G\G158.jpg,G,train
..\..\data\raw\asl_alphabet\train\R\R2378.jpg,R,train
..\..\data\raw\asl_alphabet\train\P\P2755.jpg,P,train
..\..\data\raw\asl_alphabet\train\F\F655.jpg,F,train
..\..\data\raw\asl_alphabet\train\L\L574.jpg,L,train
..\..\data\raw\asl_alphabet\train\R\R911.jpg,R,train
..\..\data\raw\asl_alphabet\train\Z\Z898.jpg,Z,train
..\..\data\raw\asl_alphabet\train\X\X395.jpg,X,train
..\..\data\raw\asl_alphabet\train\E\E122.jpg,E,train
..\..\data\raw\asl_alphabet\train\P\P2591.jpg,P,train
..\..\data\raw\asl_alphabet\train\V\V1562.jpg,V,train
..\..\data\raw\asl_alphabet\train\W\W2429.jpg,W,train
..\..\data\raw\asl_alphabet\train\I\I1479.jpg,I,train
..\..\data\raw\asl_alphabet\train\nothing\nothing2558.jpg,nothing,train
..\..\data\raw\asl_alphabet\train\T\T219.jpg,T,train
..\..\data\raw\asl_alphabet\train\space\space1055.jpg,space,train
..\..\data\raw\asl_alphabet\train\L\L2224.jpg,L,train
..\..\data\raw\asl_alphabet\train\H\H837.jpg,H,train
..\..\data\raw\asl_alphabet\train\F\F833.jpg,F,train
..\..\data\raw\asl_alphabet\train\S\S506.jpg,S,train
..\..\data\raw\asl_alphabet\train\P\P1324.jpg,P,train
..\..\data\raw\asl_alphabet\train\C\C2675.jpg,C,train
..\..\data\raw\asl_alphabet\train\O\O2610.jpg,O,train
..\..\data\raw\asl_alphabet\train\T\T2179.jpg,T,train
..\..\data\raw\asl_alphabet\train\V\V176.jpg,V,train
..\..\data\raw\asl_alphabet\train\J\J1464.jpg,J,train
..\..\data\raw\asl_alphabet\train\J\J1920.jpg,J,train
..\..\data\raw\asl_alphabet\train\S\S1032.jpg,S,train
..\..\data\raw\asl_alphabet\train\B\B2040.jpg,B,train
..\..\data\raw\asl_alphabet\train\K\K1534.jpg,K,train
..\..\data\raw\asl_alphabet\train\V\V1476.jpg,V,train
..\..\data\raw\asl_alphabet\train\N\N2988.jpg,N,train
..\..\data\raw\asl_alphabet\train\L\L481.jpg,L,train
..\..\data\raw\asl_alphabet\train\Y\Y2036.jpg,Y,train
..\..\data\raw\asl_alphabet\train\U\U122.jpg,U,train
..\..\data\raw\asl_alphabet\train\V\V183.jpg,V,train
..\..\data\raw\asl_alphabet\train\E\E2514.jpg,E,train
..\..\data\raw\asl_alphabet\train\C\C801.jpg,C,train
..\..\data\raw\asl_alphabet\train\B\B2204.jpg,B,train
..\..\data\raw\asl_alphabet\train\G\G1902.jpg,G,train
..\..\data\raw\asl_alphabet\train\Y\Y1023.jpg,Y,train
..\..\data\raw\asl_alphabet\train\V\V1062.jpg,V,train
..\..\data\raw\asl_alphabet\train\del\del895.jpg,del,train
..\..\data\raw\asl_alphabet\train\H\H605.jpg,H,train
..\..\data\raw\asl_alphabet\train\U\U1856.jpg,U,train
..\..\data\raw\asl_alphabet\train\G\G2313.jpg,G,train
..\..\data\raw\asl_alphabet\train\Q\Q1961.jpg,Q,train
..\..\data\raw\asl_alphabet\train\N\N2564.jpg,N,train
..\..\data\raw\asl_alphabet\train\M\M2914.jpg,M,train
..\..\data\raw\asl_alphabet\train\nothing\nothing1350.jpg,nothing,train
..\..\data\raw\asl_alphabet\train\K\K1910.jpg,K,train
..\..\data\raw\asl_alphabet\train\Z\Z1249.jpg,Z,train
..\..\data\raw\asl_alphabet\train\nothing\nothing1441.jpg,nothing,train
..\..\data\raw\asl_alphabet\train\A\A1005.jpg,A,train
..\..\data\raw\asl_alphabet\train\G\G333.jpg,G,train
..\..\data\raw\asl_alphabet\train\G\G1806.jpg,G,train
..\..\data\raw\asl_alphabet\train\I\I1059.jpg,I,train
..\..\data\raw\asl_alphabet\train\R\R2261.jpg,R,train
..\..\data\raw\asl_alphabet\train\C\C358.jpg,C,train
..\..\data\raw\asl_alphabet\train\R\R1758.jpg,R,train
..\..\data\raw\asl_alphabet\train\U\U491.jpg,U,train
..\..\data\raw\asl_alphabet\train\G\G1639.jpg,G,train
..\..\data\raw\asl_alphabet\train\I\I1779.jpg,I,train
..\..\data\raw\asl_alphabet\train\F\F405.jpg,F,train
..\..\data\raw\asl_alphabet\train\H\H2111.jpg,H,train
..\..\data\raw\asl_alphabet\train\T\T1455.jpg,T,train
..\..\data\raw\asl_alphabet\train\C\C1463.jpg,C,train
..\..\data\raw\asl_alphabet\train\P\P724.jpg,P,train
..\..\data\raw\asl_alphabet\train\J\J882.jpg,J,train
..\..\data\raw\asl_alphabet\train\L\L1315.jpg,L,train
..\..\data\raw\asl_alphabet\train\D\D2366.jpg,D,train
..\..\data\raw\asl_alphabet\train\D\D439.jpg,D,train
..\..\data\raw\asl_alphabet\train\W\W2500.jpg,W,train
..\..\data\raw\asl_alphabet\train\H\H70.jpg,H,train
..\..\data\raw\asl_alphabet\train\A\A2193.jpg,A,train
..\..\data\raw\asl_alphabet\train\del\del763.jpg,del,train
..\..\data\raw\asl_alphabet\train\E\E778.jpg,E,train
..\..\data\raw\asl_alphabet\train\L\L1012.jpg,L,train
..\..\data\raw\asl_alphabet\train\nothing\nothing2859.jpg,nothing,train
..\..\data\raw\asl_alphabet\train\S\S2799.jpg,S,train
..\..\data\raw\asl_alphabet\train\U\U20.jpg,U,train
..\..\data\raw\asl_alphabet\train\D\D877.jpg,D,train
..\..\data\raw\asl_alphabet\train\Z\Z926.jpg,Z,train
..\..\data\raw\asl_alphabet\train\del\del751.jpg,del,train
..\..\data\raw\asl_alphabet\train\W\W1144.jpg,W,train
..\..\data\raw\asl_alphabet\train\Z\Z740.jpg,Z,train
..\..\data\raw\asl_alphabet\train\K\K2237.jpg,K,train
..\..\data\raw\asl_alphabet\train\U\U894.jpg,U,train
..\..\data\raw\asl_alphabet\train\F\F2785.jpg,F,train
..\..\data\raw\asl_alphabet\train\M\M486.jpg,M,train
..\..\data\raw\asl_alphabet\train\A\A73.jpg,A,train
..\..\data\raw\asl_alphabet\train\D\D309.jpg,D,train
..\..\data\raw\asl_alphabet\train\Y\Y2378.jpg,Y,train
..\..\data\raw\asl_alphabet\train\H\H196.jpg,H,train
..\..\data\raw\asl_alphabet\train\nothing\nothing1943.jpg,nothing,train
..\..\data\raw\asl_alphabet\train\E\E1516.jpg,E,train
..\..\data\raw\asl_alphabet\train\R\R1619.jpg,R,train
..\..\data\raw\asl_alphabet\train\M\M1549.jpg,M,train
..\..\data\raw\asl_alphabet\train\D\D2594.jpg,D,train
..\..\data\raw\asl_alphabet\train\J\J2684.jpg,J,train
..\..\data\raw\asl_alphabet\train\C\C142.jpg,C,train
..\..\data\raw\asl_alphabet\train\nothing\nothing594.jpg,nothing,train
..\..\data\raw\asl_alphabet\train\Z\Z2936.jpg,Z,train
..\..\data\raw\asl_alphabet\train\E\E495.jpg,E,train
..\..\data\raw\asl_alphabet\train\Q\Q2305.jpg,Q,train
..\..\data\raw\asl_alphabet\train\A\A775.jpg,A,train
..\..\data\raw\asl_alphabet\train\del\del2103.jpg,del,train
..\..\data\raw\asl_alphabet\train\H\H777.jpg,H,train
..\..\data\raw\asl_alphabet\train\B\B549.jpg,B,train
..\..\data\raw\asl_alphabet\train\M\M2498.jpg,M,train
..\..\data\raw\asl_alphabet\train\C\C2379.jpg,C,train
..\..\data\raw\asl_alphabet\train\U\U1292.jpg,U,train
..\..\data\raw\asl_alphabet\train\W\W1576.jpg,W,train
..\..\data\raw\asl_alphabet\train\P\P1312.jpg,P,train
..\..\data\raw\asl_alphabet\train\M\M1320.jpg,M,train
..\..\data\raw\asl_alphabet\train\W\W836.jpg,W,train
..\..\data\raw\asl_alphabet\train\B\B471.jpg,B,train
..\..\data\raw\asl_alphabet\train\B\B2660.jpg,B,train
..\..\data\raw\asl_alphabet\train\R\R506.jpg,R,train
..\..\data\raw\asl_alphabet\train\N\N2234.jpg,N,train
..\..\data\raw\asl_alphabet\train\nothing\nothing1600.jpg,nothing,train
..\..\data\raw\asl_alphabet\train\H\H596.jpg,H,train
..\..\data\raw\asl_alphabet\train\B\B2329.jpg,B,train
..\..\data\raw\asl_alphabet\train\del\del482.jpg,del,train
..\..\data\raw\asl_alphabet\train\H\H75.jpg,H,train
..\..\data\raw\asl_alphabet\train\H\H2681.jpg,H,train
..\..\data\raw\asl_alphabet\train\U\U1542.jpg,U,train
..\..\data\raw\asl_alphabet\train\A\A272.jpg,A,train
..\..\data\raw\asl_alphabet\train\H\H2462.jpg,H,train
..\..\data\raw\asl_alphabet\train\P\P1455.jpg,P,train
..\..\data\raw\asl_alphabet\train\T\T2712.jpg,T,train
..\..\data\raw\asl_alphabet\train\H\H80.jpg,H,train
..\..\data\raw\asl_alphabet\train\W\W930.jpg,W,train
..\..\data\raw\asl_alphabet\train\G\G1691.jpg,G,train
..\..\data\raw\asl_alphabet\train\Q\Q1386.jpg,Q,train
..\..\data\raw\asl_alphabet\train\B\B2627.jpg,B,train
..\..\data\raw\asl_alphabet\train\H\H2059.jpg,H,train
..\..\data\raw\asl_alphabet\train\W\W1518.jpg,W,train
..\..\data\raw\asl_alphabet\train\O\O2865.jpg,O,train
..\..\data\raw\asl_alphabet\train\P\P978.jpg,P,train
..\..\data\raw\asl_alphabet\train\R\R1223.jpg,R,train
..\..\data\raw\asl_alphabet\train\V\V2153.jpg,V,train
..\..\data\raw\asl_alphabet\train\I\I608.jpg,I,train
..\..\data\raw\asl_alphabet\train\N\N2026.jpg,N,train
..\..\data\raw\asl_alphabet\train\space\space871.jpg,space,train
..\..\data\raw\asl_alphabet\train\L\L802.jpg,L,train
..\..\data\raw\asl_alphabet\train\G\G1571.jpg,G,train
..\..\data\raw\asl_alphabet\train\C\C1389.jpg,C,train
..\..\data\raw\asl_alphabet\train\Z\Z1532.jpg,Z,train
..\..\data\raw\asl_alphabet\train\W\W2397.jpg,W,train
..\..\data\raw\asl_alphabet\train\H\H2885.jpg,H,train
..\..\data\raw\asl_alphabet\train\P\P2360.jpg,P,train
..\..\data\raw\asl_alphabet\train\O\O1625.jpg,O,train
..\..\data\raw\asl_alphabet\train\M\M1658.jpg,M,train
..\..\data\raw\asl_alphabet\train\Q\Q1267.jpg,Q,train
..\..\data\raw\asl_alphabet\train\S\S2881.jpg,S,train
..\..\data\raw\asl_alphabet\train\E\E28.jpg,E,train
..\..\data\raw\asl_alphabet\train\C\C1928.jpg,C,train
..\..\data\raw\asl_alphabet\train\F\F1661.jpg,F,train
..\..\data\raw\asl_alphabet\train\F\F417.jpg,F,train
..\..\data\raw\asl_alphabet\train\D\D2733.jpg,D,train
..\..\data\raw\asl_alphabet\train\C\C1638.jpg,C,train
..\..\data\raw\asl_alphabet\train\G\G562.jpg,G,train
..\..\data\raw\asl_alphabet\train\D\D1154.jpg,D,train
..\..\data\raw\asl_alphabet\train\N\N2753.jpg,N,train
..\..\data\raw\asl_alphabet\train\T\T2996.jpg,T,train
..\..\data\raw\asl_alphabet\train\Y\Y552.jpg,Y,train
..\..\data\raw\asl_alphabet\train\X\X1602.jpg,X,train
..\..\data\raw\asl_alphabet\train\J\J1391.jpg,J,train
..\..\data\raw\asl_alphabet\train\S\S2020.jpg,S,train
..\..\data\raw\asl_alphabet\train\V\V374.jpg,V,train
..\..\data\raw\asl_alphabet\train\R\R2557.jpg,R,train
..\..\data\raw\asl_alphabet\train\S\S1169.jpg,S,train
..\..\data\raw\asl_alphabet\train\B\B1690.jpg,B,train
..\..\data\raw\asl_alphabet\train\C\C741.jpg,C,train
..\..\data\raw\asl_alphabet\train\E\E135.jpg,E,train
..\..\data\raw\asl_alphabet\train\D\D2832.jpg,D,train
..\..\data\raw\asl_alphabet\train\E\E381.jpg,E,train
..\..\data\raw\asl_alphabet\train\Z\Z2199.jpg,Z,train
..\..\data\raw\asl_alphabet\train\L\L2254.jpg,L,train
..\..\data\raw\asl_alphabet\train\Q\Q854.jpg,Q,train
..\..\data\raw\asl_alphabet\train\F\F868.jpg,F,train
..\..\data\raw\asl_alphabet\train\O\O2243.jpg,O,train
..\..\data\raw\asl_alphabet\train\N\N751.jpg,N,train
..\..\data\raw\asl_alphabet\train\D\D2274.jpg,D,train
..\..\data\raw\asl_alphabet\train\F\F481.jpg,F,train
..\..\data\raw\asl_alphabet\train\M\M556.jpg,M,train
..\..\data\raw\asl_alphabet\train\Z\Z1058.jpg,Z,train
..\..\data\raw\asl_alphabet\train\O\O583.jpg,O,train
..\..\data\raw\asl_alphabet\train\E\E2764.jpg,E,train
..\..\data\raw\asl_alphabet\train\L\L2120.jpg,L,train
..\..\data\raw\asl_alphabet\train\M\M48.jpg,M,train
..\..\data\raw\asl_alphabet\train\M\M864.jpg,M,train
..\..\data\raw\asl_alphabet\train\nothing\nothing90.jpg,nothing,train
..\..\data\raw\asl_alphabet\train\X\X1999.jpg,X,train
..\..\data\raw\asl_alphabet\train\D\D550.jpg,D,train
..\..\data\raw\asl_alphabet\train\K\K1194.jpg,K,train
..\..\data\raw\asl_alphabet\train\H\H1650.jpg,H,train
..\..\data\raw\asl_alphabet\train\I\I736.jpg,I,train
..\..\data\raw\asl_alphabet\train\C\C2192.jpg,C,train
..\..\data\raw\asl_alphabet\train\I\I783.jpg,I,train
..\..\data\raw\asl_alphabet\train\nothing\nothing605.jpg,nothing,train
..\..\data\raw\asl_alphabet\train\C\C1334.jpg,C,train
..\..\data\raw\asl_alphabet\train\B\B604.jpg,B,train
..\..\data\raw\asl_alphabet\train\H\H2836.jpg,H,train
..\..\data\raw\asl_alphabet\train\nothing\nothing616.jpg,nothing,train
..\..\data\raw\asl_alphabet\train\N\N1712.jpg,N,train
..\..\data\raw\asl_alphabet\train\F\F161.jpg,F,train
..\..\data\raw\asl_alphabet\train\Z\Z765.jpg,Z,train
..\..\data\raw\asl_alphabet\train\W\W454.jpg,W,train
..\..\data\raw\asl_alphabet\train\Q\Q1510.jpg,Q,train
..\..\data\raw\asl_alphabet\train\R\R1291.jpg,R,train
..\..\data\raw\asl_alphabet\train\X\X2320.jpg,X,train
..\..\data\raw\asl_alphabet\train\C\C487.jpg,C,train
..\..\data\raw\asl_alphabet\train\P\P1333.jpg,P,train
..\..\data\raw\asl_alphabet\train\E\E2966.jpg,E,train
..\..\data\raw\asl_alphabet\train\S\S724.jpg,S,train
..\..\data\raw\asl_alphabet\train\Z\Z2030.jpg,Z,train
..\..\data\raw\asl_alphabet\train\U\U2956.jpg,U,train
..\..\data\raw\asl_alphabet\train\B\B2613.jpg,B,train
..\..\data\raw\asl_alphabet\train\C\C497.jpg,C,train
..\..\data\raw\asl_alphabet\train\D\D2475.jpg,D,train
..\..\data\raw\asl_alphabet\train\M\M770.jpg,M,train
..\..\data\raw\asl_alphabet\train\U\U2382.jpg,U,train
..\..\data\raw\asl_alphabet\train\K\K1892.jpg,K,train
..\..\data\raw\asl_alphabet\train\C\C969.jpg,C,train
..\..\data\raw\asl_alphabet\train\space\space2490.jpg,space,train
..\..\data\raw\asl_alphabet\train\Y\Y1043.jpg,Y,train
..\..\data\raw\asl_alphabet\train\X\X2440.jpg,X,train
..\..\data\raw\asl_alphabet\train\nothing\nothing900.jpg,nothing,train
..\..\data\raw\asl_alphabet\train\J\J1731.jpg,J,train
..\..\data\raw\asl_alphabet\train\V\V359.jpg,V,train
..\..\data\raw\asl_alphabet\train\I\I976.jpg,I,train
..\..\data\raw\asl_alphabet\train\D\D2448.jpg,D,train
..\..\data\raw\asl_alphabet\train\J\J1857.jpg,J,train
..\..\data\raw\asl_alphabet\train\U\U2228.jpg,U,train
..\..\data\raw\asl_alphabet\train\X\X2856.jpg,X,train
..\..\data\raw\asl_alphabet\train\J\J579.jpg,J,train
..\..\data\raw\asl_alphabet\train\W\W1093.jpg,W,train
..\..\data\raw\asl_alphabet\train\O\O16.jpg,O,train
..\..\data\raw\asl_alphabet\train\H\H1586.jpg,H,train
..\..\data\raw\asl_alphabet\train\nothing\nothing198.jpg,nothing,train
..\..\data\raw\asl_alphabet\train\R\R641.jpg,R,train
..\..\data\raw\asl_alphabet\train\J\J800.jpg,J,train
..\..\data\raw\asl_alphabet\train\E\E708.jpg,E,train
..\..\data\raw\asl_alphabet\train\D\D1293.jpg,D,train
..\..\data\raw\asl_alphabet\train\R\R2665.jpg,R,train
..\..\data\raw\asl_alphabet\train\nothing\nothing111.jpg,nothing,train
..\..\data\raw\asl_alphabet\train\K\K2159.jpg,K,train
..\..\data\raw\asl_alphabet\train\O\O1893.jpg,O,train
..\..\data\raw\asl_alphabet\train\Q\Q1515.jpg,Q,train
..\..\data\raw\asl_alphabet\train\Y\Y2771.jpg,Y,train
..\..\data\raw\asl_alphabet\train\A\A669.jpg,A,train
..\..\data\raw\asl_alphabet\train\B\B2903.jpg,B,train
..\..\data\raw\asl_alphabet\train\K\K1094.jpg,K,train
..\..\data\raw\asl_alphabet\train\space\space1831.jpg,space,train
..\..\data\raw\asl_alphabet\train\B\B844.jpg,B,train
..\..\data\raw\asl_alphabet\train\H\H1005.jpg,H,train
..\..\data\raw\asl_alphabet\train\W\W2168.jpg,W,train
..\..\data\raw\asl_alphabet\train\C\C271.jpg,C,train
..\..\data\raw\asl_alphabet\train\W\W1792.jpg,W,train
..\..\data\raw\asl_alphabet\train\Q\Q2142.jpg,Q,train
..\..\data\raw\asl_alphabet\train\H\H2805.jpg,H,train
..\..\data\raw\asl_alphabet\train\M\M75.jpg,M,train
..\..\data\raw\asl_alphabet\train\space\space121.jpg,space,train
..\..\data\raw\asl_alphabet\train\S\S2708.jpg,S,train
..\..\data\raw\asl_alphabet\train\Z\Z373.jpg,Z,train
..\..\data\raw\asl_alphabet\train\F\F1452.jpg,F,train
..\..\data\raw\asl_alphabet\train\Y\Y2333.jpg,Y,train
..\..\data\raw\asl_alphabet\train\D\D1999.jpg,D,train
..\..\data\raw\asl_alphabet\train\del\del2906.jpg,del,train
..\..\data\raw\asl_alphabet\train\U\U1171.jpg,U,train
..\..\data\raw\asl_alphabet\train\R\R2177.jpg,R,train
..\..\data\raw\asl_alphabet\train\H\H363.jpg,H,train
..\..\data\raw\asl_alphabet\train\V\V335.jpg,V,train
..\..\data\raw\asl_alphabet\train\N\N1681.jpg,N,train
..\..\data\raw\asl_alphabet\train\del\del218.jpg,del,train
..\..\data\raw\asl_alphabet\train\S\S1810.jpg,S,train
..\..\data\raw\asl_alphabet\train\U\U1349.jpg,U,train
..\..\data\raw\asl_alphabet\train\D\D2155.jpg,D,train
..\..\data\raw\asl_alphabet\train\N\N1742.jpg,N,train
..\..\data\raw\asl_alphabet\train\M\M1426.jpg,M,train
..\..\data\raw\asl_alphabet\train\O\O2556.jpg,O,train
..\..\data\raw\asl_alphabet\train\P\P2504.jpg,P,train
..\..\data\raw\asl_alphabet\train\C\C214.jpg,C,train
..\..\data\raw\asl_alphabet\train\T\T154.jpg,T,train
..\..\data\raw\asl_alphabet\train\B\B508.jpg,B,train
..\..\data\raw\asl_alphabet\train\A\A90.jpg,A,train
..\..\data\raw\asl_alphabet\train\Q\Q176.jpg,Q,train
..\..\data\raw\asl_alphabet\train\S\S518.jpg,S,train
..\..\data\raw\asl_alphabet\train\C\C2295.jpg,C,train
..\..\data\raw\asl_alphabet\train\F\F278.jpg,F,train
..\..\data\raw\asl_alphabet\train\K\K365.jpg,K,train
..\..\data\raw\asl_alphabet\train\J\J884.jpg,J,train
..\..\data\raw\asl_alphabet\train\space\space69.jpg,space,train
..\..\data\raw\asl_alphabet\train\N\N1523.jpg,N,train
..\..\data\raw\asl_alphabet\train\L\L2904.jpg,L,train
..\..\data\raw\asl_alphabet\train\I\I2164.jpg,I,train
..\..\data\raw\asl_alphabet\train\U\U1481.jpg,U,train
..\..\data\raw\asl_alphabet\train\G\G2236.jpg,G,train
..\..\data\raw\asl_alphabet\train\B\B548.jpg,B,train
..\..\data\raw\asl_alphabet\train\D\D1612.jpg,D,train
..\..\data\raw\asl_alphabet\train\B\B964.jpg,B,train
..\..\data\raw\asl_alphabet\train\R\R2194.jpg,R,train
..\..\data\raw\asl_alphabet\train\C\C377.jpg,C,train
..\..\data\raw\asl_alphabet\train\W\W734.jpg,W,train
..\..\data\raw\asl_alphabet\train\M\M1121.jpg,M,train
..\..\data\raw\asl_alphabet\train\S\S1970.jpg,S,train
..\..\data\raw\asl_alphabet\train\M\M1702.jpg,M,train
..\..\data\raw\asl_alphabet\train\D\D340.jpg,D,train
..\..\data\raw\asl_alphabet\train\O\O2266.jpg,O,train
..\..\data\raw\asl_alphabet\train\L\L2265.jpg,L,train
..\..\data\raw\asl_alphabet\train\W\W1495.jpg,W,train
..\..\data\raw\asl_alphabet\train\E\E659.jpg,E,train
..\..\data\raw\asl_alphabet\train\space\space1361.jpg,space,train
..\..\data\raw\asl_alphabet\train\nothing\nothing2769.jpg,nothing,train
..\..\data\raw\asl_alphabet\train\T\T463.jpg,T,train
..\..\data\raw\asl_alphabet\train\T\T611.jpg,T,train
..\..\data\raw\asl_alphabet\train\A\A864.jpg,A,train
..\..\data\raw\asl_alphabet\train\P\P1146.jpg,P,train
..\..\data\raw\asl_alphabet\train\B\B1925.jpg,B,train
..\..\data\raw\asl_alphabet\train\X\X1204.jpg,X,train
..\..\data\raw\asl_alphabet\train\P\P1239.jpg,P,train
..\..\data\raw\asl_alphabet\train\E\E2269.jpg,E,train
..\..\data\raw\asl_alphabet\train\M\M1831.jpg,M,train
..\..\data\raw\asl_alphabet\train\T\T1167.jpg,T,train
..\..\data\raw\asl_alphabet\train\A\A2304.jpg,A,train
..\..\data\raw\asl_alphabet\train\B\B2786.jpg,B,train
..\..\data\raw\asl_alphabet\train\space\space293.jpg,space,train
..\..\data\raw\asl_alphabet\train\X\X1162.jpg,X,train
..\..\data\raw\asl_alphabet\train\I\I2363.jpg,I,train
..\..\data\raw\asl_alphabet\train\C\C2806.jpg,C,train
..\..\data\raw\asl_alphabet\train\M\M2235.jpg,M,train
..\..\data\raw\asl_alphabet\train\F\F551.jpg,F,train
..\..\data\raw\asl_alphabet\train\N\N2121.jpg,N,train
..\..\data\raw\asl_alphabet\train\del\del1473.jpg,del,train
..\..\data\raw\asl_alphabet\train\K\K875.jpg,K,train
..\..\data\raw\asl_alphabet\train\nothing\nothing1856.jpg,nothing,train
..\..\data\raw\asl_alphabet\train\E\E1963.jpg,E,train
..\..\data\raw\asl_alphabet\train\L\L569.jpg,L,train
..\..\data\raw\asl_alphabet\train\V\V1585.jpg,V,train
..\..\data\raw\asl_alphabet\train\N\N1586.jpg,N,train
..\..\data\raw\asl_alphabet\train\V\V2863.jpg,V,train
..\..\data\raw\asl_alphabet\train\P\P812.jpg,P,train
..\..\data\raw\asl_alphabet\train\del\del1885.jpg,del,train
..\..\data\raw\asl_alphabet\train\U\U1364.jpg,U,train
..\..\data\raw\asl_alphabet\train\J\J2280.jpg,J,train
..\..\data\raw\asl_alphabet\train\Q\Q700.jpg,Q,train
..\..\data\raw\asl_alphabet\train\del\del803.jpg,del,train
..\..\data\raw\asl_alphabet\train\N\N36.jpg,N,train
..\..\data\raw\asl_alphabet\train\D\D272.jpg,D,train
..\..\data\raw\asl_alphabet\train\B\B2270.jpg,B,train
..\..\data\raw\asl_alphabet\train\X\X2138.jpg,X,train
..\..\data\raw\asl_alphabet\train\nothing\nothing2176.jpg,nothing,train
..\..\data\raw\asl_alphabet\train\R\R1299.jpg,R,train
..\..\data\raw\asl_alphabet\train\U\U1520.jpg,U,train
..\..\data\raw\asl_alphabet\train\U\U1958.jpg,U,train
..\..\data\raw\asl_alphabet\train\C\C2402.jpg,C,train
..\..\data\raw\asl_alphabet\train\V\V120.jpg,V,train
..\..\data\raw\asl_alphabet\train\F\F2980.jpg,F,train
..\..\data\raw\asl_alphabet\train\del\del578.jpg,del,train
..\..\data\raw\asl_alphabet\train\F\F143.jpg,F,train
..\..\data\raw\asl_alphabet\train\I\I2654.jpg,I,train
..\..\data\raw\asl_alphabet\train\B\B299.jpg,B,train
..\..\data\raw\asl_alphabet\train\U\U548.jpg,U,train
..\..\data\raw\asl_alphabet\train\U\U1446.jpg,U,train
..\..\data\raw\asl_alphabet\train\D\D430.jpg,D,train
..\..\data\raw\asl_alphabet\train\W\W356.jpg,W,train
..\..\data\raw\asl_alphabet\train\T\T1680.jpg,T,train
..\..\data\raw\asl_alphabet\train\P\P192.jpg,P,train
..\..\data\raw\asl_alphabet\train\I\I2374.jpg,I,train
..\..\data\raw\asl_alphabet\train\T\T2954.jpg,T,train
..\..\data\raw\asl_alphabet\train\C\C187.jpg,C,train
..\..\data\raw\asl_alphabet\train\P\P2914.jpg,P,train
..\..\data\raw\asl_alphabet\train\K\K1551.jpg,K,train
..\..\data\raw\asl_alphabet\train\Z\Z2947.jpg,Z,train
..\..\data\raw\asl_alphabet\train\H\H204.jpg,H,train
..\..\data\raw\asl_alphabet\train\N\N966.jpg,N,train
..\..\data\raw\asl_alphabet\train\L\L1411.jpg,L,train
..\..\data\raw\asl_alphabet\train\J\J1363.jpg,J,train
..\..\data\raw\asl_alphabet\train\E\E2065.jpg,E,train
..\..\data\raw\asl_alphabet\train\R\R2146.jpg,R,train
..\..\data\raw\asl_alphabet\train\B\B186.jpg,B,train
..\..\data\raw\asl_alphabet\train\N\N485.jpg,N,train
..\..\data\raw\asl_alphabet\train\V\V136.jpg,V,train
..\..\data\raw\asl_alphabet\train\M\M45.jpg,M,train
..\..\data\raw\asl_alphabet\train\K\K2014.jpg,K,train
..\..\data\raw\asl_alphabet\train\M\M2918.jpg,M,train
..\..\data\raw\asl_alphabet\train\space\space1613.jpg,space,train
..\..\data\raw\asl_alphabet\train\I\I1814.jpg,I,train
..\..\data\raw\asl_alphabet\train\A\A1800.jpg,A,train
..\..\data\raw\asl_alphabet\train\F\F285.jpg,F,train
..\..\data\raw\asl_alphabet\train\Q\Q2486.jpg,Q,train
..\..\data\raw\asl_alphabet\train\W\W1234.jpg,W,train
..\..\data\raw\asl_alphabet\train\Y\Y2808.jpg,Y,train
..\..\data\raw\asl_alphabet\train\W\W1648.jpg,W,train
..\..\data\raw\asl_alphabet\train\H\H274.jpg,H,train
..\..\data\raw\asl_alphabet\train\T\T980.jpg,T,train
..\..\data\raw\asl_alphabet\train\C\C2852.jpg,C,train
..\..\data\raw\asl_alphabet\train\W\W731.jpg,W,train
..\..\data\raw\asl_alphabet\train\A\A804.jpg,A,train
..\..\data\raw\asl_alphabet\train\Z\Z2140.jpg,Z,train
..\..\data\raw\asl_alphabet\train\O\O1707.jpg,O,train
..\..\data\raw\asl_alphabet\train\E\E178.jpg,E,train
..\..\data\raw\asl_alphabet\train\D\D2763.jpg,D,train
..\..\data\raw\asl_alphabet\train\B\B12.jpg,B,train
..\..\data\raw\asl_alphabet\train\S\S2925.jpg,S,train
..\..\data\raw\asl_alphabet\train\A\A2496.jpg,A,train
..\..\data\raw\asl_alphabet\train\I\I2121.jpg,I,train
..\..\data\raw\asl_alphabet\train\space\space340.jpg,space,train
..\..\data\raw\asl_alphabet\train\W\W1729.jpg,W,train
..\..\data\raw\asl_alphabet\train\X\X2026.jpg,X,train
..\..\data\raw\asl_alphabet\train\Y\Y2884.jpg,Y,train
..\..\data\raw\asl_alphabet\train\L\L20.jpg,L,train
..\..\data\raw\asl_alphabet\train\V\V39.jpg,V,train
..\..\data\raw\asl_alphabet\train\M\M1143.jpg,M,train
..\..\data\raw\asl_alphabet\train\Z\Z1093.jpg,Z,train
..\..\data\raw\asl_alphabet\train\G\G2631.jpg,G,train
..\..\data\raw\asl_alphabet\train\D\D2473.jpg,D,train
..\..\data\raw\asl_alphabet\train\F\F233.jpg,F,train
..\..\data\raw\asl_alphabet\train\Y\Y1062.jpg,Y,train
..\..\data\raw\asl_alphabet\train\E\E317.jpg,E,train
..\..\data\raw\asl_alphabet\train\U\U1370.jpg,U,train
..\..\data\raw\asl_alphabet\train\F\F474.jpg,F,train
..\..\data\raw\asl_alphabet\train\U\U1735.jpg,U,train
..\..\data\raw\asl_alphabet\train\I\I907.jpg,I,train
..\..\data\raw\asl_alphabet\train\J\J2646.jpg,J,train
..\..\data\raw\asl_alphabet\train\K\K1088.jpg,K,train
..\..\data\raw\asl_alphabet\train\Z\Z1553.jpg,Z,train
..\..\data\raw\asl_alphabet\train\L\L2172.jpg,L,train
..\..\data\raw\asl_alphabet\train\I\I2982.jpg,I,train
..\..\data\raw\asl_alphabet\train\P\P1024.jpg,P,train
..\..\data\raw\asl_alphabet\train\T\T2315.jpg,T,train
..\..\data\raw\asl_alphabet\train\F\F1899.jpg,F,train
..\..\data\raw\asl_alphabet\train\I\I2546.jpg,I,train
..\..\data\raw\asl_alphabet\train\J\J391.jpg,J,train
..\..\data\raw\asl_alphabet\train\W\W1948.jpg,W,train
..\..\data\raw\asl_alphabet\train\V\V1344.jpg,V,train
..\..\data\raw\asl_alphabet\train\F\F749.jpg,F,train
..\..\data\raw\asl_alphabet\train\P\P250.jpg,P,train
..\..\data\raw\asl_alphabet\train\B\B1166.jpg,B,train
..\..\data\raw\asl_alphabet\train\T\T2674.jpg,T,train
..\..\data\raw\asl_alphabet\train\B\B2628.jpg,B,train
..\..\data\raw\asl_alphabet\train\V\V712.jpg,V,train
..\..\data\raw\asl_alphabet\train\A\A2583.jpg,A,train
..\..\data\raw\asl_alphabet\train\G\G1228.jpg,G,train
..\..\data\raw\asl_alphabet\train\A\A2756.jpg,A,train
..\..\data\raw\asl_alphabet\train\U\U429.jpg,U,train
..\..\data\raw\asl_alphabet\train\Y\Y1881.jpg,Y,train
..\..\data\raw\asl_alphabet\train\M\M1605.jpg,M,train
..\..\data\raw\asl_alphabet\train\I\I1805.jpg,I,train
..\..\data\raw\asl_alphabet\train\T\T2675.jpg,T,train
..\..\data\raw\asl_alphabet\train\G\G192.jpg,G,train
..\..\data\raw\asl_alphabet\train\C\C2065.jpg,C,train
..\..\data\raw\asl_alphabet\train\I\I2493.jpg,I,train
..\..\data\raw\asl_alphabet\train\T\T2696.jpg,T,train
..\..\data\raw\asl_alphabet\train\Z\Z2360.jpg,Z,train
..\..\data\raw\asl_alphabet\train\H\H2474.jpg,H,train
..\..\data\raw\asl_alphabet\train\H\H1651.jpg,H,train
..\..\data\raw\asl_alphabet\train\S\S1473.jpg,S,train
..\..\data\raw\asl_alphabet\train\U\U1657.jpg,U,train
..\..\data\raw\asl_alphabet\train\E\E2215.jpg,E,train
..\..\data\raw\asl_alphabet\train\W\W2911.jpg,W,train
..\..\data\raw\asl_alphabet\train\H\H2829.jpg,H,train
..\..\data\raw\asl_alphabet\train\J\J2015.jpg,J,train
..\..\data\raw\asl_alphabet\train\K\K1152.jpg,K,train
..\..\data\raw\asl_alphabet\train\E\E2413.jpg,E,train
..\..\data\raw\asl_alphabet\train\W\W1352.jpg,W,train
..\..\data\raw\asl_alphabet\train\X\X2391.jpg,X,train
..\..\data\raw\asl_alphabet\train\W\W1864.jpg,W,train
..\..\data\raw\asl_alphabet\train\H\H2431.jpg,H,train
..\..\data\raw\asl_alphabet\train\G\G1350.jpg,G,train
..\..\data\raw\asl_alphabet\train\I\I2504.jpg,I,train
..\..\data\raw\asl_alphabet\train\nothing\nothing2375.jpg,nothing,train
..\..\data\raw\asl_alphabet\train\K\K922.jpg,K,train
..\..\data\raw\asl_alphabet\train\V\V447.jpg,V,train
..\..\data\raw\asl_alphabet\train\J\J2883.jpg,J,train
..\..\data\raw\asl_alphabet\train\B\B2957.jpg,B,train
..\..\data\raw\asl_alphabet\train\A\A136.jpg,A,train
..\..\data\raw\asl_alphabet\train\del\del395.jpg,del,train
..\..\data\raw\asl_alphabet\train\E\E2074.jpg,E,train
..\..\data\raw\asl_alphabet\train\L\L2413.jpg,L,train
..\..\data\raw\asl_alphabet\train\R\R2387.jpg,R,train
..\..\data\raw\asl_alphabet\train\N\N1107.jpg,N,train
..\..\data\raw\asl_alphabet\train\E\E2683.jpg,E,train
..\..\data\raw\asl_alphabet\train\M\M633.jpg,M,train
..\..\data\raw\asl_alphabet\train\P\P2164.jpg,P,train
..\..\data\raw\asl_alphabet\train\G\G2754.jpg,G,train
..\..\data\raw\asl_alphabet\train\Z\Z426.jpg,Z,train
..\..\data\raw\asl_alphabet\train\I\I507.jpg,I,train
..\..\data\raw\asl_alphabet\train\A\A280.jpg,A,train
..\..\data\raw\asl_alphabet\train\K\K2308.jpg,K,train
..\..\data\raw\asl_alphabet\train\T\T2038.jpg,T,train
..\..\data\raw\asl_alphabet\train\A\A2607.jpg,A,train
..\..\data\raw\asl_alphabet\train\del\del2891.jpg,del,train
..\..\data\raw\asl_alphabet\train\N\N1324.jpg,N,train
..\..\data\raw\asl_alphabet\train\A\A2954.jpg,A,train
..\..\data\raw\asl_alphabet\train\E\E184.jpg,E,train
..\..\data\raw\asl_alphabet\train\G\G2810.jpg,G,train
..\..\data\raw\asl_alphabet\train\del\del251.jpg,del,train
..\..\data\raw\asl_alphabet\train\I\I2455.jpg,I,train
..\..\data\raw\asl_alphabet\train\H\H1488.jpg,H,train
..\..\data\raw\asl_alphabet\train\E\E1220.jpg,E,train
..\..\data\raw\asl_alphabet\train\space\space1191.jpg,space,train
..\..\data\raw\asl_alphabet\train\G\G248.jpg,G,train
..\..\data\raw\asl_alphabet\train\O\O1971.jpg,O,train
..\..\data\raw\asl_alphabet\train\E\E1210.jpg,E,train
..\..\data\raw\asl_alphabet\train\L\L1271.jpg,L,train
..\..\data\raw\asl_alphabet\train\F\F2656.jpg,F,train
..\..\data\raw\asl_alphabet\train\V\V1039.jpg,V,train
..\..\data\raw\asl_alphabet\train\V\V2856.jpg,V,train
..\..\data\raw\asl_alphabet\train\V\V754.jpg,V,train
..\..\data\raw\asl_alphabet\train\S\S2550.jpg,S,train
..\..\data\raw\asl_alphabet\train\C\C2207.jpg,C,train
..\..\data\raw\asl_alphabet\train\W\W720.jpg,W,train
..\..\data\raw\asl_alphabet\train\H\H1639.jpg,H,train
..\..\data\raw\asl_alphabet\train\H\H1148.jpg,H,train
..\..\data\raw\asl_alphabet\train\nothing\nothing1533.jpg,nothing,train
..\..\data\raw\asl_alphabet\train\R\R2772.jpg,R,train
..\..\data\raw\asl_alphabet\train\V\V739.jpg,V,train
..\..\data\raw\asl_alphabet\train\P\P1309.jpg,P,train
..\..\data\raw\asl_alphabet\train\E\E2015.jpg,E,train
..\..\data\raw\asl_alphabet\train\space\space1694.jpg,space,train
..\..\data\raw\asl_alphabet\train\I\I780.jpg,I,train
..\..\data\raw\asl_alphabet\train\U\U859.jpg,U,train
..\..\data\raw\asl_alphabet\train\Y\Y708.jpg,Y,train
..\..\data\raw\asl_alphabet\train\U\U599.jpg,U,train
..\..\data\raw\asl_alphabet\train\F\F942.jpg,F,train
..\..\data\raw\asl_alphabet\train\Q\Q2718.jpg,Q,train
..\..\data\raw\asl_alphabet\train\D\D1890.jpg,D,train
..\..\data\raw\asl_alphabet\train\V\V1805.jpg,V,train
..\..\data\raw\asl_alphabet\train\T\T2943.jpg,T,train
..\..\data\raw\asl_alphabet\train\J\J2976.jpg,J,train
..\..\data\raw\asl_alphabet\train\M\M2047.jpg,M,train
..\..\data\raw\asl_alphabet\train\G\G1617.jpg,G,train
..\..\data\raw\asl_alphabet\train\Z\Z1515.jpg,Z,train
..\..\data\raw\asl_alphabet\train\L\L2104.jpg,L,train
..\..\data\raw\asl_alphabet\train\space\space2479.jpg,space,train
..\..\data\raw\asl_alphabet\train\M\M1751.jpg,M,train
..\..\data\raw\asl_alphabet\train\Q\Q2926.jpg,Q,train
..\..\data\raw\asl_alphabet\train\F\F1673.jpg,F,train
..\..\data\raw\asl_alphabet\train\N\N2728.jpg,N,train
..\..\data\raw\asl_alphabet\train\H\H268.jpg,H,train
..\..\data\raw\asl_alphabet\train\N\N273.jpg,N,train
..\..\data\raw\asl_alphabet\train\I\I1611.jpg,I,train
..\..\data\raw\asl_alphabet\train\B\B2016.jpg,B,train
..\..\data\raw\asl_alphabet\train\J\J2678.jpg,J,train
..\..\data\raw\asl_alphabet\train\K\K2077.jpg,K,train
..\..\data\raw\asl_alphabet\train\E\E1246.jpg,E,train
..\..\data\raw\asl_alphabet\train\L\L1796.jpg,L,train
..\..\data\raw\asl_alphabet\train\A\A2044.jpg,A,train
..\..\data\raw\asl_alphabet\train\W\W633.jpg,W,train
..\..\data\raw\asl_alphabet\train\K\K422.jpg,K,train
..\..\data\raw\asl_alphabet\train\Z\Z38.jpg,Z,train
..\..\data\raw\asl_alphabet\train\Z\Z1701.jpg,Z,train
..\..\data\raw\asl_alphabet\train\A\A1982.jpg,A,train
..\..\data\raw\asl_alphabet\train\T\T2227.jpg,T,train
..\..\data\raw\asl_alphabet\train\U\U2404.jpg,U,train
..\..\data\raw\asl_alphabet\train\del\del917.jpg,del,train
..\..\data\raw\asl_alphabet\train\G\G2084.jpg,G,train
..\..\data\raw\asl_alphabet\train\W\W2950.jpg,W,train
..\..\data\raw\asl_alphabet\train\O\O2526.jpg,O,train
..\..\data\raw\asl_alphabet\train\T\T1036.jpg,T,train
..\..\data\raw\asl_alphabet\train\M\M109.jpg,M,train
..\..\data\raw\asl_alphabet\train\O\O1932.jpg,O,train
..\..\data\raw\asl_alphabet\train\del\del229.jpg,del,train
..\..\data\raw\asl_alphabet\train\A\A445.jpg,A,train
..\..\data\raw\asl_alphabet\train\M\M1580.jpg,M,train
..\..\data\raw\asl_alphabet\train\Z\Z2046.jpg,Z,train
..\..\data\raw\asl_alphabet\train\I\I1285.jpg,I,train
..\..\data\raw\asl_alphabet\train\U\U2447.jpg,U,train
..\..\data\raw\asl_alphabet\train\V\V2532.jpg,V,train
..\..\data\raw\asl_alphabet\train\N\N1347.jpg,N,train
..\..\data\raw\asl_alphabet\train\J\J2246.jpg,J,train
..\..\data\raw\asl_alphabet\train\Z\Z2812.jpg,Z,train
..\..\data\raw\asl_alphabet\train\del\del2584.jpg,del,train
..\..\data\raw\asl_alphabet\train\O\O2696.jpg,O,train
..\..\data\raw\asl_alphabet\train\J\J2561.jpg,J,train
..\..\data\raw\asl_alphabet\train\F\F460.jpg,F,train
..\..\data\raw\asl_alphabet\train\space\space2865.jpg,space,train
..\..\data\raw\asl_alphabet\train\Q\Q2745.jpg,Q,train
..\..\data\raw\asl_alphabet\train\B\B2161.jpg,B,train
..\..\data\raw\asl_alphabet\train\I\I582.jpg,I,train
..\..\data\raw\asl_alphabet\train\space\space2127.jpg,space,train
..\..\data\raw\asl_alphabet\train\O\O815.jpg,O,train
..\..\data\raw\asl_alphabet\train\A\A1961.jpg,A,train
..\..\data\raw\asl_alphabet\train\nothing\nothing830.jpg,nothing,train
..\..\data\raw\asl_alphabet\train\N\N1401.jpg,N,train
..\..\data\raw\asl_alphabet\train\N\N2177.jpg,N,train
..\..\data\raw\asl_alphabet\train\A\A1810.jpg,A,train
..\..\data\raw\asl_alphabet\train\A\A807.jpg,A,train
..\..\data\raw\asl_alphabet\train\space\space2713.jpg,space,train
..\..\data\raw\asl_alphabet\train\W\W1963.jpg,W,train
..\..\data\raw\asl_alphabet\train\B\B1032.jpg,B,train
..\..\data\raw\asl_alphabet\train\W\W2805.jpg,W,train
..\..\data\raw\asl_alphabet\train\Z\Z830.jpg,Z,train
..\..\data\raw\asl_alphabet\train\A\A831.jpg,A,train
..\..\data\raw\asl_alphabet\train\K\K1154.jpg,K,train
..\..\data\raw\asl_alphabet\train\nothing\nothing2021.jpg,nothing,train
..\..\data\raw\asl_alphabet\train\Z\Z1730.jpg,Z,train
..\..\data\raw\asl_alphabet\train\N\N1119.jpg,N,train
..\..\data\raw\asl_alphabet\train\R\R1729.jpg,R,train
..\..\data\raw\asl_alphabet\train\I\I2324.jpg,I,train
..\..\data\raw\asl_alphabet\train\A\A426.jpg,A,train
..\..\data\raw\asl_alphabet\train\V\V2122.jpg,V,train
..\..\data\raw\asl_alphabet\train\space\space2293.jpg,space,train
..\..\data\raw\asl_alphabet\train\space\space478.jpg,space,train
..\..\data\raw\asl_alphabet\train\E\E1563.jpg,E,train
..\..\data\raw\asl_alphabet\train\M\M1606.jpg,M,train
..\..\data\raw\asl_alphabet\train\J\J2690.jpg,J,train
..\..\data\raw\asl_alphabet\train\V\V2303.jpg,V,train
..\..\data\raw\asl_alphabet\train\F\F1246.jpg,F,train
..\..\data\raw\asl_alphabet\train\N\N43.jpg,N,train
..\..\data\raw\asl_alphabet\train\R\R866.jpg,R,train
..\..\data\raw\asl_alphabet\train\W\W330.jpg,W,train
..\..\data\raw\asl_alphabet\train\N\N282.jpg,N,train
..\..\data\raw\asl_alphabet\train\K\K1931.jpg,K,train
..\..\data\raw\asl_alphabet\train\D\D2025.jpg,D,train
..\..\data\raw\asl_alphabet\train\A\A1010.jpg,A,train
..\..\data\raw\asl_alphabet\train\C\C463.jpg,C,train
..\..\data\raw\asl_alphabet\train\nothing\nothing1607.jpg,nothing,train
..\..\data\raw\asl_alphabet\train\J\J2263.jpg,J,train
..\..\data\raw\asl_alphabet\train\J\J2078.jpg,J,train
..\..\data\raw\asl_alphabet\train\E\E2670.jpg,E,train
..\..\data\raw\asl_alphabet\train\A\A1600.jpg,A,train
..\..\data\raw\asl_alphabet\train\P\P2257.jpg,P,train
..\..\data\raw\asl_alphabet\train\B\B1807.jpg,B,train
..\..\data\raw\asl_alphabet\train\Q\Q2818.jpg,Q,train
..\..\data\raw\asl_alphabet\train\N\N2480.jpg,N,train
..\..\data\raw\asl_alphabet\train\del\del515.jpg,del,train
..\..\data\raw\asl_alphabet\train\D\D2985.jpg,D,train
..\..\data\raw\asl_alphabet\train\K\K1561.jpg,K,train
..\..\data\raw\asl_alphabet\train\D\D2056.jpg,D,train
..\..\data\raw\asl_alphabet\train\G\G1953.jpg,G,train
..\..\data\raw\asl_alphabet\train\nothing\nothing2245.jpg,nothing,train
..\..\data\raw\asl_alphabet\train\Y\Y1633.jpg,Y,train
..\..\data\raw\asl_alphabet\train\O\O1369.jpg,O,train
..\..\data\raw\asl_alphabet\train\B\B1275.jpg,B,train
..\..\data\raw\asl_alphabet\train\Q\Q1675.jpg,Q,train
..\..\data\raw\asl_alphabet\train\B\B2059.jpg,B,train
..\..\data\raw\asl_alphabet\train\P\P1971.jpg,P,train
..\..\data\raw\asl_alphabet\train\O\O814.jpg,O,train
..\..\data\raw\asl_alphabet\train\space\space2684.jpg,space,train
..\..\data\raw\asl_alphabet\train\X\X1854.jpg,X,train
..\..\data\raw\asl_alphabet\train\L\L22.jpg,L,train
..\..\data\raw\asl_alphabet\train\A\A2518.jpg,A,train
..\..\data\raw\asl_alphabet\train\M\M2957.jpg,M,train
..\..\data\raw\asl_alphabet\train\E\E1709.jpg,E,train
..\..\data\raw\asl_alphabet\train\J\J2458.jpg,J,train
..\..\data\raw\asl_alphabet\train\del\del996.jpg,del,train
..\..\data\raw\asl_alphabet\train\X\X606.jpg,X,train
..\..\data\raw\asl_alphabet\train\W\W2784.jpg,W,train
..\..\data\raw\asl_alphabet\train\G\G2016.jpg,G,train
..\..\data\raw\asl_alphabet\train\V\V729.jpg,V,train
..\..\data\raw\asl_alphabet\train\Q\Q1762.jpg,Q,train
..\..\data\raw\asl_alphabet\train\X\X2603.jpg,X,train
..\..\data\raw\asl_alphabet\train\T\T607.jpg,T,train
..\..\data\raw\asl_alphabet\train\G\G1381.jpg,G,train
..\..\data\raw\asl_alphabet\train\T\T2705.jpg,T,train
..\..\data\raw\asl_alphabet\train\A\A1183.jpg,A,train
..\..\data\raw\asl_alphabet\train\J\J2967.jpg,J,train
..\..\data\raw\asl_alphabet\train\F\F977.jpg,F,train
..\..\data\raw\asl_alphabet\train\C\C2653.jpg,C,train
..\..\data\raw\asl_alphabet\train\I\I1586.jpg,I,train
..\..\data\raw\asl_alphabet\train\J\J100.jpg,J,train
..\..\data\raw\asl_alphabet\train\B\B546.jpg,B,train
..\..\data\raw\asl_alphabet\train\V\V1035.jpg,V,train
..\..\data\raw\asl_alphabet\train\space\space1652.jpg,space,train
..\..\data\raw\asl_alphabet\train\J\J1801.jpg,J,train
..\..\data\raw\asl_alphabet\train\X\X2795.jpg,X,train
..\..\data\raw\asl_alphabet\train\Y\Y787.jpg,Y,train
..\..\data\raw\asl_alphabet\train\A\A818.jpg,A,train
..\..\data\raw\asl_alphabet\train\D\D2586.jpg,D,train
..\..\data\raw\asl_alphabet\train\Q\Q2627.jpg,Q,train
..\..\data\raw\asl_alphabet\train\F\F297.jpg,F,train
..\..\data\raw\asl_alphabet\train\del\del1336.jpg,del,train
..\..\data\raw\asl_alphabet\train\W\W705.jpg,W,train
..\..\data\raw\asl_alphabet\train\W\W1463.jpg,W,train
..\..\data\raw\asl_alphabet\train\N\N2060.jpg,N,train
..\..\data\raw\asl_alphabet\train\F\F202.jpg,F,train
..\..\data\raw\asl_alphabet\train\Z\Z739.jpg,Z,train
..\..\data\raw\asl_alphabet\train\X\X1922.jpg,X,train
..\..\data\raw\asl_alphabet\train\E\E2759.jpg,E,train
..\..\data\raw\asl_alphabet\train\Y\Y821.jpg,Y,train
..\..\data\raw\asl_alphabet\train\Y\Y899.jpg,Y,train
..\..\data\raw\asl_alphabet\train\F\F1032.jpg,F,train
..\..\data\raw\asl_alphabet\train\C\C2475.jpg,C,train
..\..\data\raw\asl_alphabet\train\space\space2674.jpg,space,train
..\..\data\raw\asl_alphabet\train\H\H1.jpg,H,train
..\..\data\raw\asl_alphabet\train\O\O2190.jpg,O,train
..\..\data\raw\asl_alphabet\train\space\space1214.jpg,space,train
..\..\data\raw\asl_alphabet\train\E\E261.jpg,E,train
..\..\data\raw\asl_alphabet\train\C\C2651.jpg,C,train
..\..\data\raw\asl_alphabet\train\K\K104.jpg,K,train
..\..\data\raw\asl_alphabet\train\F\F1760.jpg,F,train
..\..\data\raw\asl_alphabet\train\I\I292.jpg,I,train
..\..\data\raw\asl_alphabet\train\G\G251.jpg,G,train
..\..\data\raw\asl_alphabet\train\G\G2277.jpg,G,train
..\..\data\raw\asl_alphabet\train\W\W22.jpg,W,train
..\..\data\raw\asl_alphabet\train\M\M2824.jpg,M,train
..\..\data\raw\asl_alphabet\train\W\W336.jpg,W,train
..\..\data\raw\asl_alphabet\train\X\X2387.jpg,X,train
..\..\data\raw\asl_alphabet\train\J\J857.jpg,J,train
..\..\data\raw\asl_alphabet\train\H\H497.jpg,H,train
..\..\data\raw\asl_alphabet\train\N\N1351.jpg,N,train
..\..\data\raw\asl_alphabet\train\L\L1876.jpg,L,train
..\..\data\raw\asl_alphabet\train\Y\Y1984.jpg,Y,train
..\..\data\raw\asl_alphabet\train\K\K1593.jpg,K,train
..\..\data\raw\asl_alphabet\train\R\R850.jpg,R,train
..\..\data\raw\asl_alphabet\train\Y\Y2930.jpg,Y,train
..\..\data\raw\asl_alphabet\train\O\O2366.jpg,O,train
..\..\data\raw\asl_alphabet\train\J\J2195.jpg,J,train
..\..\data\raw\asl_alphabet\train\V\V223.jpg,V,train
..\..\data\raw\asl_alphabet\train\C\C1868.jpg,C,train
..\..\data\raw\asl_alphabet\train\Y\Y2526.jpg,Y,train
..\..\data\raw\asl_alphabet\train\K\K2180.jpg,K,train
..\..\data\raw\asl_alphabet\train\N\N2391.jpg,N,train
..\..\data\raw\asl_alphabet\train\R\R736.jpg,R,train
..\..\data\raw\asl_alphabet\train\X\X879.jpg,X,train
..\..\data\raw\asl_alphabet\train\M\M585.jpg,M,train
..\..\data\raw\asl_alphabet\train\X\X2982.jpg,X,train
..\..\data\raw\asl_alphabet\train\del\del1155.jpg,del,train
..\..\data\raw\asl_alphabet\train\V\V1543.jpg,V,train
..\..\data\raw\asl_alphabet\train\E\E1851.jpg,E,train
..\..\data\raw\asl_alphabet\train\Y\Y2564.jpg,Y,train
..\..\data\raw\asl_alphabet\train\W\W1118.jpg,W,train
..\..\data\raw\asl_alphabet\train\U\U2467.jpg,U,train
..\..\data\raw\asl_alphabet\train\V\V1045.jpg,V,train
..\..\data\raw\asl_alphabet\train\S\S2934.jpg,S,train
..\..\data\raw\asl_alphabet\train\Z\Z2954.jpg,Z,train
..\..\data\raw\asl_alphabet\train\M\M2073.jpg,M,train
..\..\data\raw\asl_alphabet\train\H\H2611.jpg,H,train
..\..\data\raw\asl_alphabet\train\Q\Q207.jpg,Q,train
..\..\data\raw\asl_alphabet\train\Q\Q2005.jpg,Q,train
..\..\data\raw\asl_alphabet\train\X\X2369.jpg,X,train
..\..\data\raw\asl_alphabet\train\O\O1340.jpg,O,train
..\..\data\raw\asl_alphabet\train\nothing\nothing1582.jpg,nothing,train
..\..\data\raw\asl_alphabet\train\A\A2790.jpg,A,train
..\..\data\raw\asl_alphabet\train\X\X862.jpg,X,train
..\..\data\raw\asl_alphabet\train\N\N672.jpg,N,train
..\..\data\raw\asl_alphabet\train\W\W2824.jpg,W,train
..\..\data\raw\asl_alphabet\train\F\F890.jpg,F,train
..\..\data\raw\asl_alphabet\train\V\V2748.jpg,V,train
..\..\data\raw\asl_alphabet\train\C\C1762.jpg,C,train
..\..\data\raw\asl_alphabet\train\del\del2961.jpg,del,train
..\..\data\raw\asl_alphabet\train\Q\Q183.jpg,Q,train
..\..\data\raw\asl_alphabet\train\Q\Q2030.jpg,Q,train
..\..\data\raw\asl_alphabet\train\K\K2448.jpg,K,train
..\..\data\raw\asl_alphabet\train\H\H1091.jpg,H,train
..\..\data\raw\asl_alphabet\train\X\X721.jpg,X,train
..\..\data\raw\asl_alphabet\train\Y\Y2783.jpg,Y,train
..\..\data\raw\asl_alphabet\train\Z\Z1785.jpg,Z,train
..\..\data\raw\asl_alphabet\train\space\space33.jpg,space,train
..\..\data\raw\asl_alphabet\train\F\F2054.jpg,F,train
..\..\data\raw\asl_alphabet\train\C\C9.jpg,C,train
..\..\data\raw\asl_alphabet\train\del\del1037.jpg,del,train
..\..\data\raw\asl_alphabet\train\nothing\nothing382.jpg,nothing,train
..\..\data\raw\asl_alphabet\train\I\I175.jpg,I,train
..\..\data\raw\asl_alphabet\train\I\I1773.jpg,I,train
..\..\data\raw\asl_alphabet\train\H\H61.jpg,H,train
..\..\data\raw\asl_alphabet\train\Z\Z625.jpg,Z,train
..\..\data\raw\asl_alphabet\train\W\W1112.jpg,W,train
..\..\data\raw\asl_alphabet\train\del\del1356.jpg,del,train
..\..\data\raw\asl_alphabet\train\P\P1471.jpg,P,train
..\..\data\raw\asl_alphabet\train\F\F806.jpg,F,train
..\..\data\raw\asl_alphabet\train\X\X1316.jpg,X,train
..\..\data\raw\asl_alphabet\train\R\R1456.jpg,R,train
..\..\data\raw\asl_alphabet\train\W\W2402.jpg,W,train
..\..\data\raw\asl_alphabet\train\V\V609.jpg,V,train
..\..\data\raw\asl_alphabet\train\I\I1067.jpg,I,train
..\..\data\raw\asl_alphabet\train\K\K370.jpg,K,train
..\..\data\raw\asl_alphabet\train\B\B2436.jpg,B,train
..\..\data\raw\asl_alphabet\train\J\J1864.jpg,J,train
..\..\data\raw\asl_alphabet\train\Q\Q2911.jpg,Q,train
..\..\data\raw\asl_alphabet\train\R\R2444.jpg,R,train
..\..\data\raw\asl_alphabet\train\nothing\nothing2502.jpg,nothing,train
..\..\data\raw\asl_alphabet\train\C\C125.jpg,C,train
..\..\data\raw\asl_alphabet\train\L\L1228.jpg,L,train
..\..\data\raw\asl_alphabet\train\space\space870.jpg,space,train
..\..\data\raw\asl_alphabet\train\V\V2182.jpg,V,train
..\..\data\raw\asl_alphabet\train\F\F2389.jpg,F,train
..\..\data\raw\asl_alphabet\train\space\space108.jpg,space,train
..\..\data\raw\asl_alphabet\train\U\U1036.jpg,U,train
..\..\data\raw\asl_alphabet\train\V\V838.jpg,V,train
..\..\data\raw\asl_alphabet\train\Q\Q1435.jpg,Q,train
..\..\data\raw\asl_alphabet\train\I\I2451.jpg,I,train
..\..\data\raw\asl_alphabet\train\W\W479.jpg,W,train
..\..\data\raw\asl_alphabet\train\A\A639.jpg,A,train
..\..\data\raw\asl_alphabet\train\I\I655.jpg,I,train
..\..\data\raw\asl_alphabet\train\C\C536.jpg,C,train
..\..\data\raw\asl_alphabet\train\space\space2486.jpg,space,train
..\..\data\raw\asl_alphabet\train\E\E2600.jpg,E,train
..\..\data\raw\asl_alphabet\train\D\D2710.jpg,D,train
..\..\data\raw\asl_alphabet\train\A\A2398.jpg,A,train
..\..\data\raw\asl_alphabet\train\B\B958.jpg,B,train
..\..\data\raw\asl_alphabet\train\S\S2641.jpg,S,train
..\..\data\raw\asl_alphabet\train\C\C1475.jpg,C,train
..\..\data\raw\asl_alphabet\train\S\S2305.jpg,S,train
..\..\data\raw\asl_alphabet\train\P\P1513.jpg,P,train
..\..\data\raw\asl_alphabet\train\K\K2833.jpg,K,train
..\..\data\raw\asl_alphabet\train\del\del2427.jpg,del,train
..\..\data\raw\asl_alphabet\train\P\P2711.jpg,P,train
..\..\data\raw\asl_alphabet\train\L\L2171.jpg,L,train
..\..\data\raw\asl_alphabet\train\Z\Z808.jpg,Z,train
..\..\data\raw\asl_alphabet\train\N\N2789.jpg,N,train
..\..\data\raw\asl_alphabet\train\T\T2676.jpg,T,train
..\..\data\raw\asl_alphabet\train\C\C751.jpg,C,train
..\..\data\raw\asl_alphabet\train\V\V817.jpg,V,train
..\..\data\raw\asl_alphabet\train\M\M570.jpg,M,train
..\..\data\raw\asl_alphabet\train\E\E1692.jpg,E,train
..\..\data\raw\asl_alphabet\train\B\B2552.jpg,B,train
..\..\data\raw\asl_alphabet\train\L\L2132.jpg,L,train
..\..\data\raw\asl_alphabet\train\space\space443.jpg,space,train
..\..\data\raw\asl_alphabet\train\L\L2039.jpg,L,train
..\..\data\raw\asl_alphabet\train\D\D1380.jpg,D,train
..\..\data\raw\asl_alphabet\train\nothing\nothing2557.jpg,nothing,train
..\..\data\raw\asl_alphabet\train\M\M1631.jpg,M,train
..\..\data\raw\asl_alphabet\train\nothing\nothing408.jpg,nothing,train
..\..\data\raw\asl_alphabet\train\G\G2892.jpg,G,train
..\..\data\raw\asl_alphabet\train\nothing\nothing2786.jpg,nothing,train
..\..\data\raw\asl_alphabet\train\R\R2119.jpg,R,train
..\..\data\raw\asl_alphabet\train\space\space1179.jpg,space,train
..\..\data\raw\asl_alphabet\train\del\del2246.jpg,del,train
..\..\data\raw\asl_alphabet\train\N\N931.jpg,N,train
..\..\data\raw\asl_alphabet\train\U\U284.jpg,U,train
..\..\data\raw\asl_alphabet\train\Y\Y892.jpg,Y,train
..\..\data\raw\asl_alphabet\train\Y\Y1727.jpg,Y,train
..\..\data\raw\asl_alphabet\train\space\space889.jpg,space,train
..\..\data\raw\asl_alphabet\train\G\G1041.jpg,G,train
..\..\data\raw\asl_alphabet\train\K\K1781.jpg,K,train
..\..\data\raw\asl_alphabet\train\D\D1959.jpg,D,train
..\..\data\raw\asl_alphabet\train\L\L1807.jpg,L,train
..\..\data\raw\asl_alphabet\train\nothing\nothing570.jpg,nothing,train
..\..\data\raw\asl_alphabet\train\T\T2228.jpg,T,train
..\..\data\raw\asl_alphabet\train\A\A17.jpg,A,train
..\..\data\raw\asl_alphabet\train\K\K2258.jpg,K,train
..\..\data\raw\asl_alphabet\train\N\N1193.jpg,N,train
..\..\data\raw\asl_alphabet\train\O\O2229.jpg,O,train
..\..\data\raw\asl_alphabet\train\F\F2153.jpg,F,train
..\..\data\raw\asl_alphabet\train\N\N312.jpg,N,train
..\..\data\raw\asl_alphabet\train\V\V31.jpg,V,train
..\..\data\raw\asl_alphabet\train\C\C2213.jpg,C,train
..\..\data\raw\asl_alphabet\train\U\U2175.jpg,U,train
..\..\data\raw\asl_alphabet\train\Y\Y1552.jpg,Y,train
..\..\data\raw\asl_alphabet\train\C\C2003.jpg,C,train
..\..\data\raw\asl_alphabet\train\nothing\nothing1995.jpg,nothing,train
..\..\data\raw\asl_alphabet\train\W\W2122.jpg,W,train
..\..\data\raw\asl_alphabet\train\B\B2223.jpg,B,train
..\..\data\raw\asl_alphabet\train\B\B24.jpg,B,train
..\..\data\raw\asl_alphabet\train\H\H2813.jpg,H,train
..\..\data\raw\asl_alphabet\train\N\N1068.jpg,N,train
..\..\data\raw\asl_alphabet\train\F\F1028.jpg,F,train
..\..\data\raw\asl_alphabet\train\T\T2901.jpg,T,train
..\..\data\raw\asl_alphabet\train\U\U2646.jpg,U,train
..\..\data\raw\asl_alphabet\train\I\I31.jpg,I,train
..\..\data\raw\asl_alphabet\train\T\T1659.jpg,T,train
..\..\data\raw\asl_alphabet\train\A\A714.jpg,A,train
..\..\data\raw\asl_alphabet\train\P\P1087.jpg,P,train
..\..\data\raw\asl_alphabet\train\Y\Y932.jpg,Y,train
..\..\data\raw\asl_alphabet\train\U\U178.jpg,U,train
..\..\data\raw\asl_alphabet\train\R\R1409.jpg,R,train
..\..\data\raw\asl_alphabet\train\I\I739.jpg,I,train
..\..\data\raw\asl_alphabet\train\D\D1141.jpg,D,train
..\..\data\raw\asl_alphabet\train\S\S2612.jpg,S,train
..\..\data\raw\asl_alphabet\train\H\H2411.jpg,H,train
..\..\data\raw\asl_alphabet\train\E\E1021.jpg,E,train
..\..\data\raw\asl_alphabet\train\K\K1976.jpg,K,train
..\..\data\raw\asl_alphabet\train\X\X681.jpg,X,train
..\..\data\raw\asl_alphabet\train\A\A966.jpg,A,train
..\..\data\raw\asl_alphabet\train\A\A1647.jpg,A,train
..\..\data\raw\asl_alphabet\train\U\U1322.jpg,U,train
..\..\data\raw\asl_alphabet\train\C\C2029.jpg,C,train
..\..\data\raw\asl_alphabet\train\X\X668.jpg,X,train
..\..\data\raw\asl_alphabet\train\V\V2414.jpg,V,train
..\..\data\raw\asl_alphabet\train\H\H855.jpg,H,train
..\..\data\raw\asl_alphabet\train\A\A1912.jpg,A,train
..\..\data\raw\asl_alphabet\train\space\space1667.jpg,space,train
..\..\data\raw\asl_alphabet\train\U\U722.jpg,U,train
..\..\data\raw\asl_alphabet\train\D\D2961.jpg,D,train
..\..\data\raw\asl_alphabet\train\C\C1858.jpg,C,train
..\..\data\raw\asl_alphabet\train\K\K2296.jpg,K,train
..\..\data\raw\asl_alphabet\train\L\L2410.jpg,L,train
..\..\data\raw\asl_alphabet\train\X\X363.jpg,X,train
..\..\data\raw\asl_alphabet\train\H\H21.jpg,H,train
..\..\data\raw\asl_alphabet\train\T\T1368.jpg,T,train
..\..\data\raw\asl_alphabet\train\T\T829.jpg,T,train
..\..\data\raw\asl_alphabet\train\L\L2153.jpg,L,train
..\..\data\raw\asl_alphabet\train\I\I962.jpg,I,train
..\..\data\raw\asl_alphabet\train\T\T2658.jpg,T,train
..\..\data\raw\asl_alphabet\train\T\T1520.jpg,T,train
..\..\data\raw\asl_alphabet\train\Y\Y993.jpg,Y,train
..\..\data\raw\asl_alphabet\train\R\R2776.jpg,R,train
..\..\data\raw\asl_alphabet\train\U\U76.jpg,U,train
..\..\data\raw\asl_alphabet\train\L\L2181.jpg,L,train
..\..\data\raw\asl_alphabet\train\Z\Z1504.jpg,Z,train
..\..\data\raw\asl_alphabet\train\K\K2928.jpg,K,train
..\..\data\raw\asl_alphabet\train\V\V1116.jpg,V,train
..\..\data\raw\asl_alphabet\train\Y\Y946.jpg,Y,train
..\..\data\raw\asl_alphabet\train\J\J1661.jpg,J,train
..\..\data\raw\asl_alphabet\train\Z\Z2593.jpg,Z,train
..\..\data\raw\asl_alphabet\train\Y\Y2675.jpg,Y,train
..\..\data\raw\asl_alphabet\train\X\X1072.jpg,X,train
..\..\data\raw\asl_alphabet\train\X\X1528.jpg,X,train
..\..\data\raw\asl_alphabet\train\L\L503.jpg,L,train
..\..\data\raw\asl_alphabet\train\T\T423.jpg,T,train
..\..\data\raw\asl_alphabet\train\K\K1505.jpg,K,train
..\..\data\raw\asl_alphabet\train\L\L1776.jpg,L,train
..\..\data\raw\asl_alphabet\train\G\G1370.jpg,G,train
..\..\data\raw\asl_alphabet\train\U\U1747.jpg,U,train
..\..\data\raw\asl_alphabet\train\H\H1273.jpg,H,train
..\..\data\raw\asl_alphabet\train\Z\Z1056.jpg,Z,train
..\..\data\raw\asl_alphabet\train\I\I2790.jpg,I,train
..\..\data\raw\asl_alphabet\train\H\H2006.jpg,H,train
..\..\data\raw\asl_alphabet\train\P\P383.jpg,P,train
..\..\data\raw\asl_alphabet\train\S\S655.jpg,S,train
..\..\data\raw\asl_alphabet\train\N\N419.jpg,N,train
..\..\data\raw\asl_alphabet\train\P\P549.jpg,P,train
..\..\data\raw\asl_alphabet\train\V\V123.jpg,V,train
..\..\data\raw\asl_alphabet\train\S\S1759.jpg,S,train
..\..\data\raw\asl_alphabet\train\Z\Z1387.jpg,Z,train
..\..\data\raw\asl_alphabet\train\Z\Z809.jpg,Z,train
..\..\data\raw\asl_alphabet\train\space\space743.jpg,space,train
..\..\data\raw\asl_alphabet\train\J\J1775.jpg,J,train
..\..\data\raw\asl_alphabet\train\X\X2633.jpg,X,train
..\..\data\raw\asl_alphabet\train\R\R872.jpg,R,train
..\..\data\raw\asl_alphabet\train\U\U644.jpg,U,train
..\..\data\raw\asl_alphabet\train\W\W1502.jpg,W,train
..\..\data\raw\asl_alphabet\train\A\A822.jpg,A,train
..\..\data\raw\asl_alphabet\train\T\T1403.jpg,T,train
..\..\data\raw\asl_alphabet\train\Y\Y2962.jpg,Y,train
..\..\data\raw\asl_alphabet\train\S\S2856.jpg,S,train
..\..\data\raw\asl_alphabet\train\S\S2687.jpg,S,train
..\..\data\raw\asl_alphabet\train\X\X1404.jpg,X,train
..\..\data\raw\asl_alphabet\train\W\W1789.jpg,W,train
..\..\data\raw\asl_alphabet\train\P\P2032.jpg,P,train
..\..\data\raw\asl_alphabet\train\K\K1711.jpg,K,train
..\..\data\raw\asl_alphabet\train\nothing\nothing344.jpg,nothing,train
..\..\data\raw\asl_alphabet\train\L\L623.jpg,L,train
..\..\data\raw\asl_alphabet\train\H\H1452.jpg,H,train
..\..\data\raw\asl_alphabet\train\B\B2700.jpg,B,train
..\..\data\raw\asl_alphabet\train\Y\Y2697.jpg,Y,train
..\..\data\raw\asl_alphabet\train\R\R2186.jpg,R,train
..\..\data\raw\asl_alphabet\train\G\G73.jpg,G,train
..\..\data\raw\asl_alphabet\train\A\A1018.jpg,A,train
..\..\data\raw\asl_alphabet\train\Y\Y2157.jpg,Y,train
..\..\data\raw\asl_alphabet\train\J\J1844.jpg,J,train
..\..\data\raw\asl_alphabet\train\M\M365.jpg,M,train
..\..\data\raw\asl_alphabet\train\P\P2851.jpg,P,train
..\..\data\raw\asl_alphabet\train\A\A2984.jpg,A,train
..\..\data\raw\asl_alphabet\train\Z\Z1572.jpg,Z,train
..\..\data\raw\asl_alphabet\train\E\E1662.jpg,E,train
..\..\data\raw\asl_alphabet\train\D\D1270.jpg,D,train
..\..\data\raw\asl_alphabet\train\H\H232.jpg,H,train
..\..\data\raw\asl_alphabet\train\X\X2955.jpg,X,train
..\..\data\raw\asl_alphabet\train\N\N1749.jpg,N,train
..\..\data\raw\asl_alphabet\train\R\R1543.jpg,R,train
..\..\data\raw\asl_alphabet\train\H\H749.jpg,H,train
..\..\data\raw\asl_alphabet\train\M\M2953.jpg,M,train
..\..\data\raw\asl_alphabet\train\R\R2031.jpg,R,train
..\..\data\raw\asl_alphabet\train\H\H2412.jpg,H,train
..\..\data\raw\asl_alphabet\train\K\K1535.jpg,K,train
..\..\data\raw\asl_alphabet\train\S\S1995.jpg,S,train
..\..\data\raw\asl_alphabet\train\del\del95.jpg,del,train
..\..\data\raw\asl_alphabet\train\V\V2296.jpg,V,train
..\..\data\raw\asl_alphabet\train\L\L2146.jpg,L,train
..\..\data\raw\asl_alphabet\train\D\D370.jpg,D,train
..\..\data\raw\asl_alphabet\train\J\J1448.jpg,J,train
..\..\data\raw\asl_alphabet\train\Q\Q1530.jpg,Q,train
..\..\data\raw\asl_alphabet\train\space\space1949.jpg,space,train
..\..\data\raw\asl_alphabet\train\J\J2267.jpg,J,train
..\..\data\raw\asl_alphabet\train\R\R1198.jpg,R,train
..\..\data\raw\asl_alphabet\train\S\S409.jpg,S,train
..\..\data\raw\asl_alphabet\train\X\X1606.jpg,X,train
..\..\data\raw\asl_alphabet\train\F\F2178.jpg,F,train
..\..\data\raw\asl_alphabet\train\K\K510.jpg,K,train
..\..\data\raw\asl_alphabet\train\Y\Y27.jpg,Y,train
..\..\data\raw\asl_alphabet\train\T\T2232.jpg,T,train
..\..\data\raw\asl_alphabet\train\A\A1391.jpg,A,train
..\..\data\raw\asl_alphabet\train\space\space2466.jpg,space,train
..\..\data\raw\asl_alphabet\train\Z\Z1853.jpg,Z,train
..\..\data\raw\asl_alphabet\train\M\M232.jpg,M,train
..\..\data\raw\asl_alphabet\train\R\R2115.jpg,R,train
..\..\data\raw\asl_alphabet\train\K\K578.jpg,K,train
..\..\data\raw\asl_alphabet\train\Z\Z2760.jpg,Z,train
..\..\data\raw\asl_alphabet\train\Y\Y878.jpg,Y,train
..\..\data\raw\asl_alphabet\train\X\X768.jpg,X,train
..\..\data\raw\asl_alphabet\train\I\I2641.jpg,I,train
..\..\data\raw\asl_alphabet\train\S\S2394.jpg,S,train
..\..\data\raw\asl_alphabet\train\B\B1120.jpg,B,train
..\..\data\raw\asl_alphabet\train\C\C352.jpg,C,train
..\..\data\raw\asl_alphabet\train\R\R644.jpg,R,train
..\..\data\raw\asl_alphabet\train\V\V2439.jpg,V,train
..\..\data\raw\asl_alphabet\train\L\L837.jpg,L,train
..\..\data\raw\asl_alphabet\train\space\space1377.jpg,space,train
..\..\data\raw\asl_alphabet\train\nothing\nothing826.jpg,nothing,train
..\..\data\raw\asl_alphabet\train\D\D1825.jpg,D,train
..\..\data\raw\asl_alphabet\train\G\G1761.jpg,G,train
..\..\data\raw\asl_alphabet\train\M\M2243.jpg,M,train
..\..\data\raw\asl_alphabet\train\W\W2855.jpg,W,train
..\..\data\raw\asl_alphabet\train\D\D1922.jpg,D,train
..\..\data\raw\asl_alphabet\train\E\E406.jpg,E,train
..\..\data\raw\asl_alphabet\train\I\I773.jpg,I,train
..\..\data\raw\asl_alphabet\train\O\O2729.jpg,O,train
..\..\data\raw\asl_alphabet\train\D\D2219.jpg,D,train
..\..\data\raw\asl_alphabet\train\Z\Z1517.jpg,Z,train
..\..\data\raw\asl_alphabet\train\N\N613.jpg,N,train
..\..\data\raw\asl_alphabet\train\Q\Q291.jpg,Q,train
..\..\data\raw\asl_alphabet\train\H\H2770.jpg,H,train
..\..\data\raw\asl_alphabet\train\N\N811.jpg,N,train
..\..\data\raw\asl_alphabet\train\Z\Z2327.jpg,Z,train
..\..\data\raw\asl_alphabet\train\Z\Z2869.jpg,Z,train
..\..\data\raw\asl_alphabet\train\Q\Q1459.jpg,Q,train
..\..\data\raw\asl_alphabet\train\D\D2364.jpg,D,train
..\..\data\raw\asl_alphabet\train\N\N2999.jpg,N,train
..\..\data\raw\asl_alphabet\train\P\P2777.jpg,P,train
..\..\data\raw\asl_alphabet\train\L\L138.jpg,L,train
..\..\data\raw\asl_alphabet\train\R\R679.jpg,R,train
..\..\data\raw\asl_alphabet\train\Y\Y2637.jpg,Y,train
..\..\data\raw\asl_alphabet\train\F\F1389.jpg,F,train
..\..\data\raw\asl_alphabet\train\I\I2670.jpg,I,train
..\..\data\raw\asl_alphabet\train\L\L526.jpg,L,train
..\..\data\raw\asl_alphabet\train\K\K2211.jpg,K,train
..\..\data\raw\asl_alphabet\train\O\O1065.jpg,O,train
..\..\data\raw\asl_alphabet\train\W\W2250.jpg,W,train
..\..\data\raw\asl_alphabet\train\Q\Q300.jpg,Q,train
..\..\data\raw\asl_alphabet\train\W\W2782.jpg,W,train
..\..\data\raw\asl_alphabet\train\X\X2165.jpg,X,train
..\..\data\raw\asl_alphabet\train\W\W2975.jpg,W,train
..\..\data\raw\asl_alphabet\train\M\M1465.jpg,M,train
..\..\data\raw\asl_alphabet\train\K\K2173.jpg,K,train
..\..\data\raw\asl_alphabet\train\K\K1886.jpg,K,train
..\..\data\raw\asl_alphabet\train\U\U45.jpg,U,train
..\..\data\raw\asl_alphabet\train\K\K1983.jpg,K,train
..\..\data\raw\asl_alphabet\train\nothing\nothing1058.jpg,nothing,train
..\..\data\raw\asl_alphabet\train\J\J1154.jpg,J,train
..\..\data\raw\asl_alphabet\train\A\A2871.jpg,A,train
..\..\data\raw\asl_alphabet\train\del\del1641.jpg,del,train
..\..\data\raw\asl_alphabet\train\B\B2566.jpg,B,train
..\..\data\raw\asl_alphabet\train\space\space637.jpg,space,train
..\..\data\raw\asl_alphabet\train\V\V1129.jpg,V,train
..\..\data\raw\asl_alphabet\train\A\A475.jpg,A,train
..\..\data\raw\asl_alphabet\train\R\R976.jpg,R,train
..\..\data\raw\asl_alphabet\train\N\N2784.jpg,N,train
..\..\data\raw\asl_alphabet\train\M\M53.jpg,M,train
..\..\data\raw\asl_alphabet\train\space\space996.jpg,space,train
..\..\data\raw\asl_alphabet\train\V\V1167.jpg,V,train
..\..\data\raw\asl_alphabet\train\U\U1728.jpg,U,train
..\..\data\raw\asl_alphabet\train\U\U241.jpg,U,train
..\..\data\raw\asl_alphabet\train\A\A2987.jpg,A,train
..\..\data\raw\asl_alphabet\train\V\V826.jpg,V,train
..\..\data\raw\asl_alphabet\train\O\O1689.jpg,O,train
..\..\data\raw\asl_alphabet\train\L\L1056.jpg,L,train
..\..\data\raw\asl_alphabet\train\V\V1444.jpg,V,train
..\..\data\raw\asl_alphabet\train\I\I1593.jpg,I,train
..\..\data\raw\asl_alphabet\train\L\L2889.jpg,L,train
..\..\data\raw\asl_alphabet\train\U\U2043.jpg,U,train
..\..\data\raw\asl_alphabet\train\U\U2418.jpg,U,train
..\..\data\raw\asl_alphabet\train\Y\Y694.jpg,Y,train
..\..\data\raw\asl_alphabet\train\space\space2918.jpg,space,train
..\..\data\raw\asl_alphabet\train\W\W1280.jpg,W,train
..\..\data\raw\asl_alphabet\train\P\P1952.jpg,P,train
..\..\data\raw\asl_alphabet\train\H\H608.jpg,H,train
..\..\data\raw\asl_alphabet\train\K\K1721.jpg,K,train
..\..\data\raw\asl_alphabet\train\V\V2510.jpg,V,train
..\..\data\raw\asl_alphabet\train\J\J691.jpg,J,train
..\..\data\raw\asl_alphabet\train\G\G2184.jpg,G,train
..\..\data\raw\asl_alphabet\train\W\W59.jpg,W,train
..\..\data\raw\asl_alphabet\train\G\G1384.jpg,G,train
..\..\data\raw\asl_alphabet\train\O\O619.jpg,O,train
..\..\data\raw\asl_alphabet\train\G\G1648.jpg,G,train
..\..\data\raw\asl_alphabet\train\N\N1799.jpg,N,train
..\..\data\raw\asl_alphabet\train\F\F2757.jpg,F,train
..\..\data\raw\asl_alphabet\train\J\J405.jpg,J,train
..\..\data\raw\asl_alphabet\train\G\G1388.jpg,G,train
..\..\data\raw\asl_alphabet\train\F\F843.jpg,F,train
..\..\data\raw\asl_alphabet\train\N\N1704.jpg,N,train
..\..\data\raw\asl_alphabet\train\C\C1484.jpg,C,train
..\..\data\raw\asl_alphabet\train\P\P2149.jpg,P,train
..\..\data\raw\asl_alphabet\train\K\K1967.jpg,K,train
..\..\data\raw\asl_alphabet\train\H\H2245.jpg,H,train
..\..\data\raw\asl_alphabet\train\T\T1825.jpg,T,train
..\..\data\raw\asl_alphabet\train\del\del1689.jpg,del,train
..\..\data\raw\asl_alphabet\train\A\A2986.jpg,A,train
..\..\data\raw\asl_alphabet\train\C\C2546.jpg,C,train
..\..\data\raw\asl_alphabet\train\del\del986.jpg,del,train
..\..\data\raw\asl_alphabet\train\I\I1334.jpg,I,train
..\..\data\raw\asl_alphabet\train\G\G1952.jpg,G,train
..\..\data\raw\asl_alphabet\train\Q\Q1256.jpg,Q,train
..\..\data\raw\asl_alphabet\train\G\G2862.jpg,G,train
..\..\data\raw\asl_alphabet\train\F\F2158.jpg,F,train
..\..\data\raw\asl_alphabet\train\J\J624.jpg,J,train
..\..\data\raw\asl_alphabet\train\N\N973.jpg,N,train
..\..\data\raw\asl_alphabet\train\Y\Y1444.jpg,Y,train
..\..\data\raw\asl_alphabet\train\I\I2958.jpg,I,train
..\..\data\raw\asl_alphabet\train\C\C1419.jpg,C,train
..\..\data\raw\asl_alphabet\train\U\U1407.jpg,U,train
..\..\data\raw\asl_alphabet\train\Q\Q1422.jpg,Q,train
..\..\data\raw\asl_alphabet\train\X\X1516.jpg,X,train
..\..\data\raw\asl_alphabet\train\D\D338.jpg,D,train
..\..\data\raw\asl_alphabet\train\W\W2711.jpg,W,train
..\..\data\raw\asl_alphabet\train\R\R2561.jpg,R,train
..\..\data\raw\asl_alphabet\train\U\U2584.jpg,U,train
..\..\data\raw\asl_alphabet\train\Y\Y2497.jpg,Y,train
..\..\data\raw\asl_alphabet\train\J\J1616.jpg,J,train
..\..\data\raw\asl_alphabet\train\O\O2304.jpg,O,train
..\..\data\raw\asl_alphabet\train\V\V1017.jpg,V,train
..\..\data\raw\asl_alphabet\train\N\N1417.jpg,N,train
..\..\data\raw\asl_alphabet\train\U\U1083.jpg,U,train
..\..\data\raw\asl_alphabet\train\H\H1197.jpg,H,train
..\..\data\raw\asl_alphabet\train\X\X897.jpg,X,train
..\..\data\raw\asl_alphabet\train\J\J2742.jpg,J,train
..\..\data\raw\asl_alphabet\train\Y\Y2655.jpg,Y,train
..\..\data\raw\asl_alphabet\train\J\J2796.jpg,J,train
..\..\data\raw\asl_alphabet\train\F\F1790.jpg,F,train
..\..\data\raw\asl_alphabet\train\Q\Q2037.jpg,Q,train
..\..\data\raw\asl_alphabet\train\R\R483.jpg,R,train
..\..\data\raw\asl_alphabet\train\B\B977.jpg,B,train
..\..\data\raw\asl_alphabet\train\B\B2074.jpg,B,train
..\..\data\raw\asl_alphabet\train\space\space2551.jpg,space,train
..\..\data\raw\asl_alphabet\train\O\O1390.jpg,O,train
..\..\data\raw\asl_alphabet\train\F\F166.jpg,F,train
..\..\data\raw\asl_alphabet\train\T\T13.jpg,T,train
..\..\data\raw\asl_alphabet\train\space\space1848.jpg,space,train
..\..\data\raw\asl_alphabet\train\M\M2689.jpg,M,train
..\..\data\raw\asl_alphabet\train\K\K554.jpg,K,train
..\..\data\raw\asl_alphabet\train\D\D274.jpg,D,train
..\..\data\raw\asl_alphabet\train\T\T1166.jpg,T,train
..\..\data\raw\asl_alphabet\train\T\T1061.jpg,T,train
..\..\data\raw\asl_alphabet\train\Q\Q2422.jpg,Q,train
..\..\data\raw\asl_alphabet\train\N\N549.jpg,N,train
..\..\data\raw\asl_alphabet\train\B\B783.jpg,B,train
..\..\data\raw\asl_alphabet\train\C\C1185.jpg,C,train
..\..\data\raw\asl_alphabet\train\del\del1240.jpg,del,train
..\..\data\raw\asl_alphabet\train\Z\Z2988.jpg,Z,train
..\..\data\raw\asl_alphabet\train\J\J1500.jpg,J,train
..\..\data\raw\asl_alphabet\train\X\X1238.jpg,X,train
..\..\data\raw\asl_alphabet\train\N\N1435.jpg,N,train
..\..\data\raw\asl_alphabet\train\Y\Y2958.jpg,Y,train
..\..\data\raw\asl_alphabet\train\O\O1485.jpg,O,train
..\..\data\raw\asl_alphabet\train\Y\Y2061.jpg,Y,train
..\..\data\raw\asl_alphabet\train\S\S2895.jpg,S,train
..\..\data\raw\asl_alphabet\train\U\U2369.jpg,U,train
..\..\data\raw\asl_alphabet\train\O\O1012.jpg,O,train
..\..\data\raw\asl_alphabet\train\K\K84.jpg,K,train
..\..\data\raw\asl_alphabet\train\E\E292.jpg,E,train
..\..\data\raw\asl_alphabet\train\Q\Q2786.jpg,Q,train
..\..\data\raw\asl_alphabet\train\Q\Q1350.jpg,Q,train
..\..\data\raw\asl_alphabet\train\H\H690.jpg,H,train
..\..\data\raw\asl_alphabet\train\T\T760.jpg,T,train
..\..\data\raw\asl_alphabet\train\S\S1284.jpg,S,train
..\..\data\raw\asl_alphabet\train\G\G155.jpg,G,train
..\..\data\raw\asl_alphabet\train\A\A1581.jpg,A,train
..\..\data\raw\asl_alphabet\train\E\E526.jpg,E,train
..\..\data\raw\asl_alphabet\train\X\X1628.jpg,X,train
..\..\data\raw\asl_alphabet\train\K\K1184.jpg,K,train
..\..\data\raw\asl_alphabet\train\N\N836.jpg,N,train
..\..\data\raw\asl_alphabet\train\N\N2256.jpg,N,train
..\..\data\raw\asl_alphabet\train\A\A859.jpg,A,train
..\..\data\raw\asl_alphabet\train\B\B107.jpg,B,train
..\..\data\raw\asl_alphabet\train\D\D480.jpg,D,train
..\..\data\raw\asl_alphabet\train\del\del1728.jpg,del,train
..\..\data\raw\asl_alphabet\train\C\C2856.jpg,C,train
..\..\data\raw\asl_alphabet\train\H\H2185.jpg,H,train
..\..\data\raw\asl_alphabet\train\V\V1.jpg,V,train
..\..\data\raw\asl_alphabet\train\O\O743.jpg,O,train
..\..\data\raw\asl_alphabet\train\A\A2293.jpg,A,train
..\..\data\raw\asl_alphabet\train\F\F1049.jpg,F,train
..\..\data\raw\asl_alphabet\train\T\T1082.jpg,T,train
..\..\data\raw\asl_alphabet\train\K\K2099.jpg,K,train
..\..\data\raw\asl_alphabet\train\C\C246.jpg,C,train
..\..\data\raw\asl_alphabet\train\Q\Q273.jpg,Q,train
..\..\data\raw\asl_alphabet\train\nothing\nothing2745.jpg,nothing,train
..\..\data\raw\asl_alphabet\train\P\P1227.jpg,P,train
..\..\data\raw\asl_alphabet\train\nothing\nothing1585.jpg,nothing,train
..\..\data\raw\asl_alphabet\train\E\E2134.jpg,E,train
..\..\data\raw\asl_alphabet\train\Y\Y1600.jpg,Y,train
..\..\data\raw\asl_alphabet\train\H\H1608.jpg,H,train
..\..\data\raw\asl_alphabet\train\C\C2245.jpg,C,train
..\..\data\raw\asl_alphabet\train\S\S1939.jpg,S,train
..\..\data\raw\asl_alphabet\train\V\V641.jpg,V,train
..\..\data\raw\asl_alphabet\train\D\D586.jpg,D,train
..\..\data\raw\asl_alphabet\train\T\T631.jpg,T,train
..\..\data\raw\asl_alphabet\train\Q\Q977.jpg,Q,train
..\..\data\raw\asl_alphabet\train\I\I2360.jpg,I,train
..\..\data\raw\asl_alphabet\train\S\S2219.jpg,S,train
..\..\data\raw\asl_alphabet\train\nothing\nothing502.jpg,nothing,train
..\..\data\raw\asl_alphabet\train\B\B2875.jpg,B,train
..\..\data\raw\asl_alphabet\train\Z\Z2754.jpg,Z,train
..\..\data\raw\asl_alphabet\train\S\S2128.jpg,S,train
..\..\data\raw\asl_alphabet\train\O\O1834.jpg,O,train
..\..\data\raw\asl_alphabet\train\K\K841.jpg,K,train
..\..\data\raw\asl_alphabet\train\S\S951.jpg,S,train
..\..\data\raw\asl_alphabet\train\X\X535.jpg,X,train
..\..\data\raw\asl_alphabet\train\T\T2971.jpg,T,train
..\..\data\raw\asl_alphabet\train\I\I578.jpg,I,train
..\..\data\raw\asl_alphabet\train\Y\Y2922.jpg,Y,train
..\..\data\raw\asl_alphabet\train\T\T1604.jpg,T,train
..\..\data\raw\asl_alphabet\train\C\C640.jpg,C,train
..\..\data\raw\asl_alphabet\train\F\F2896.jpg,F,train
..\..\data\raw\asl_alphabet\train\nothing\nothing1279.jpg,nothing,train
..\..\data\raw\asl_alphabet\train\E\E337.jpg,E,train
..\..\data\raw\asl_alphabet\train\T\T2024.jpg,T,train
..\..\data\raw\asl_alphabet\train\H\H1929.jpg,H,train
..\..\data\raw\asl_alphabet\train\Y\Y435.jpg,Y,train
..\..\data\raw\asl_alphabet\train\Q\Q1723.jpg,Q,train
..\..\data\raw\asl_alphabet\train\C\C2849.jpg,C,train
..\..\data\raw\asl_alphabet\train\R\R2924.jpg,R,train
..\..\data\raw\asl_alphabet\train\B\B414.jpg,B,train
..\..\data\raw\asl_alphabet\train\H\H1666.jpg,H,train
..\..\data\raw\asl_alphabet\train\I\I636.jpg,I,train
..\..\data\raw\asl_alphabet\train\Q\Q2681.jpg,Q,train
..\..\data\raw\asl_alphabet\train\C\C429.jpg,C,train
..\..\data\raw\asl_alphabet\train\U\U1478.jpg,U,train
..\..\data\raw\asl_alphabet\train\O\O1600.jpg,O,train
..\..\data\raw\asl_alphabet\train\L\L439.jpg,L,train
..\..\data\raw\asl_alphabet\train\del\del18.jpg,del,train
..\..\data\raw\asl_alphabet\train\C\C1579.jpg,C,train
..\..\data\raw\asl_alphabet\train\S\S2918.jpg,S,train
..\..\data\raw\asl_alphabet\train\K\K2408.jpg,K,train
..\..\data\raw\asl_alphabet\train\Z\Z706.jpg,Z,train
..\..\data\raw\asl_alphabet\train\T\T1136.jpg,T,train
..\..\data\raw\asl_alphabet\train\P\P1539.jpg,P,train
..\..\data\raw\asl_alphabet\train\N\N350.jpg,N,train
..\..\data\raw\asl_alphabet\train\D\D2329.jpg,D,train
..\..\data\raw\asl_alphabet\train\R\R2411.jpg,R,train
..\..\data\raw\asl_alphabet\train\T\T2623.jpg,T,train
..\..\data\raw\asl_alphabet\train\W\W1768.jpg,W,train
..\..\data\raw\asl_alphabet\train\A\A1919.jpg,A,train
..\..\data\raw\asl_alphabet\train\X\X2745.jpg,X,train
..\..\data\raw\asl_alphabet\train\G\G1334.jpg,G,train
..\..\data\raw\asl_alphabet\train\J\J1583.jpg,J,train
..\..\data\raw\asl_alphabet\train\N\N1437.jpg,N,train
..\..\data\raw\asl_alphabet\train\X\X2720.jpg,X,train
..\..\data\raw\asl_alphabet\train\Y\Y639.jpg,Y,train
..\..\data\raw\asl_alphabet\train\L\L568.jpg,L,train
..\..\data\raw\asl_alphabet\train\E\E1272.jpg,E,train
..\..\data\raw\asl_alphabet\train\J\J894.jpg,J,train
..\..\data\raw\asl_alphabet\train\S\S1910.jpg,S,train
..\..\data\raw\asl_alphabet\train\H\H2873.jpg,H,train
..\..\data\raw\asl_alphabet\train\L\L2734.jpg,L,train
..\..\data\raw\asl_alphabet\train\W\W1977.jpg,W,train
..\..\data\raw\asl_alphabet\train\T\T2248.jpg,T,train
..\..\data\raw\asl_alphabet\train\space\space2835.jpg,space,train
..\..\data\raw\asl_alphabet\train\nothing\nothing1852.jpg,nothing,train
..\..\data\raw\asl_alphabet\train\space\space1386.jpg,space,train
..\..\data\raw\asl_alphabet\train\O\O456.jpg,O,train
..\..\data\raw\asl_alphabet\train\space\space42.jpg,space,train
..\..\data\raw\asl_alphabet\train\A\A432.jpg,A,train
..\..\data\raw\asl_alphabet\train\C\C728.jpg,C,train
..\..\data\raw\asl_alphabet\train\N\N1498.jpg,N,train
..\..\data\raw\asl_alphabet\train\I\I2820.jpg,I,train
..\..\data\raw\asl_alphabet\train\G\G1599.jpg,G,train
..\..\data\raw\asl_alphabet\train\L\L1717.jpg,L,train
..\..\data\raw\asl_alphabet\train\E\E1614.jpg,E,train
..\..\data\raw\asl_alphabet\train\L\L2409.jpg,L,train
..\..\data\raw\asl_alphabet\train\S\S1490.jpg,S,train
..\..\data\raw\asl_alphabet\train\Q\Q599.jpg,Q,train
..\..\data\raw\asl_alphabet\train\G\G464.jpg,G,train
..\..\data\raw\asl_alphabet\train\T\T1794.jpg,T,train
..\..\data\raw\asl_alphabet\train\K\K2400.jpg,K,train
..\..\data\raw\asl_alphabet\train\nothing\nothing2189.jpg,nothing,train
..\..\data\raw\asl_alphabet\train\C\C1562.jpg,C,train
..\..\data\raw\asl_alphabet\train\Y\Y2597.jpg,Y,train
..\..\data\raw\asl_alphabet\train\del\del1677.jpg,del,train
..\..\data\raw\asl_alphabet\train\G\G2914.jpg,G,train
..\..\data\raw\asl_alphabet\train\T\T705.jpg,T,train
..\..\data\raw\asl_alphabet\train\L\L527.jpg,L,train
..\..\data\raw\asl_alphabet\train\U\U2011.jpg,U,train
..\..\data\raw\asl_alphabet\train\Q\Q2408.jpg,Q,train
..\..\data\raw\asl_alphabet\train\U\U1386.jpg,U,train
..\..\data\raw\asl_alphabet\train\A\A1964.jpg,A,train
..\..\data\raw\asl_alphabet\train\N\N1551.jpg,N,train
..\..\data\raw\asl_alphabet\train\Q\Q1240.jpg,Q,train
..\..\data\raw\asl_alphabet\train\del\del549.jpg,del,train
..\..\data\raw\asl_alphabet\train\S\S2746.jpg,S,train
..\..\data\raw\asl_alphabet\train\H\H2752.jpg,H,train
..\..\data\raw\asl_alphabet\train\Y\Y460.jpg,Y,train
..\..\data\raw\asl_alphabet\train\K\K2873.jpg,K,train
..\..\data\raw\asl_alphabet\train\S\S1259.jpg,S,train
..\..\data\raw\asl_alphabet\train\G\G2575.jpg,G,train
..\..\data\raw\asl_alphabet\train\R\R2391.jpg,R,train
..\..\data\raw\asl_alphabet\train\K\K281.jpg,K,train
..\..\data\raw\asl_alphabet\train\space\space646.jpg,space,train
..\..\data\raw\asl_alphabet\train\I\I1353.jpg,I,train
..\..\data\raw\asl_alphabet\train\A\A2588.jpg,A,train
..\..\data\raw\asl_alphabet\train\W\W1077.jpg,W,train
..\..\data\raw\asl_alphabet\train\H\H1349.jpg,H,train
..\..\data\raw\asl_alphabet\train\Z\Z1575.jpg,Z,train
..\..\data\raw\asl_alphabet\train\L\L1879.jpg,L,train
..\..\data\raw\asl_alphabet\train\B\B1849.jpg,B,train
..\..\data\raw\asl_alphabet\train\S\S294.jpg,S,train
..\..\data\raw\asl_alphabet\train\I\I499.jpg,I,train
..\..\data\raw\asl_alphabet\train\V\V770.jpg,V,train
..\..\data\raw\asl_alphabet\train\D\D984.jpg,D,train
..\..\data\raw\asl_alphabet\train\H\H359.jpg,H,train
..\..\data\raw\asl_alphabet\train\S\S1333.jpg,S,train
..\..\data\raw\asl_alphabet\train\M\M2516.jpg,M,train
..\..\data\raw\asl_alphabet\train\L\L1743.jpg,L,train
..\..\data\raw\asl_alphabet\train\P\P2560.jpg,P,train
..\..\data\raw\asl_alphabet\train\T\T1820.jpg,T,train
..\..\data\raw\asl_alphabet\train\J\J2798.jpg,J,train
..\..\data\raw\asl_alphabet\train\K\K1448.jpg,K,train
..\..\data\raw\asl_alphabet\train\space\space639.jpg,space,train
..\..\data\raw\asl_alphabet\train\D\D169.jpg,D,train
..\..\data\raw\asl_alphabet\train\I\I1560.jpg,I,train
..\..\data\raw\asl_alphabet\train\L\L1692.jpg,L,train
..\..\data\raw\asl_alphabet\train\L\L2283.jpg,L,train
..\..\data\raw\asl_alphabet\train\R\R198.jpg,R,train
..\..\data\raw\asl_alphabet\train\K\K1519.jpg,K,train
..\..\data\raw\asl_alphabet\train\A\A2741.jpg,A,train
..\..\data\raw\asl_alphabet\train\V\V1822.jpg,V,train
..\..\data\raw\asl_alphabet\train\V\V1390.jpg,V,train
..\..\data\raw\asl_alphabet\train\W\W2234.jpg,W,train
..\..\data\raw\asl_alphabet\train\nothing\nothing2293.jpg,nothing,train
..\..\data\raw\asl_alphabet\train\C\C1939.jpg,C,train
..\..\data\raw\asl_alphabet\train\S\S146.jpg,S,train
..\..\data\raw\asl_alphabet\train\Q\Q453.jpg,Q,train
..\..\data\raw\asl_alphabet\train\Q\Q1238.jpg,Q,train
..\..\data\raw\asl_alphabet\train\V\V1749.jpg,V,train
..\..\data\raw\asl_alphabet\train\nothing\nothing2367.jpg,nothing,train
..\..\data\raw\asl_alphabet\train\M\M1796.jpg,M,train
..\..\data\raw\asl_alphabet\train\V\V71.jpg,V,train
..\..\data\raw\asl_alphabet\train\A\A2208.jpg,A,train
..\..\data\raw\asl_alphabet\train\U\U1774.jpg,U,train
..\..\data\raw\asl_alphabet\train\D\D2841.jpg,D,train
..\..\data\raw\asl_alphabet\train\C\C721.jpg,C,train
..\..\data\raw\asl_alphabet\train\M\M2542.jpg,M,train
..\..\data\raw\asl_alphabet\train\E\E2676.jpg,E,train
..\..\data\raw\asl_alphabet\train\S\S542.jpg,S,train
..\..\data\raw\asl_alphabet\train\del\del418.jpg,del,train
..\..\data\raw\asl_alphabet\train\N\N858.jpg,N,train
..\..\data\raw\asl_alphabet\train\S\S1920.jpg,S,train
..\..\data\raw\asl_alphabet\train\K\K406.jpg,K,train
..\..\data\raw\asl_alphabet\train\P\P25.jpg,P,train
..\..\data\raw\asl_alphabet\train\F\F1111.jpg,F,train
..\..\data\raw\asl_alphabet\train\Z\Z2758.jpg,Z,train
..\..\data\raw\asl_alphabet\train\F\F1037.jpg,F,train
..\..\data\raw\asl_alphabet\train\Y\Y2488.jpg,Y,train
..\..\data\raw\asl_alphabet\train\N\N1738.jpg,N,train
..\..\data\raw\asl_alphabet\train\P\P381.jpg,P,train
..\..\data\raw\asl_alphabet\train\del\del2338.jpg,del,train
..\..\data\raw\asl_alphabet\train\B\B173.jpg,B,train
..\..\data\raw\asl_alphabet\train\B\B995.jpg,B,train
..\..\data\raw\asl_alphabet\train\P\P1436.jpg,P,train
..\..\data\raw\asl_alphabet\train\B\B1788.jpg,B,train
..\..\data\raw\asl_alphabet\train\X\X2705.jpg,X,train
..\..\data\raw\asl_alphabet\train\K\K2326.jpg,K,train
..\..\data\raw\asl_alphabet\train\F\F2218.jpg,F,train
..\..\data\raw\asl_alphabet\train\Q\Q271.jpg,Q,train
..\..\data\raw\asl_alphabet\train\del\del1697.jpg,del,train
..\..\data\raw\asl_alphabet\train\P\P684.jpg,P,train
..\..\data\raw\asl_alphabet\train\space\space2264.jpg,space,train
..\..\data\raw\asl_alphabet\train\U\U306.jpg,U,train
..\..\data\raw\asl_alphabet\train\T\T1008.jpg,T,train
..\..\data\raw\asl_alphabet\train\T\T674.jpg,T,train
..\..\data\raw\asl_alphabet\train\W\W1954.jpg,W,train
..\..\data\raw\asl_alphabet\train\L\L850.jpg,L,train
..\..\data\raw\asl_alphabet\train\B\B2254.jpg,B,train
..\..\data\raw\asl_alphabet\train\H\H1761.jpg,H,train
..\..\data\raw\asl_alphabet\train\K\K2663.jpg,K,train
..\..\data\raw\asl_alphabet\train\F\F220.jpg,F,train
..\..\data\raw\asl_alphabet\train\A\A2820.jpg,A,train
..\..\data\raw\asl_alphabet\train\F\F1987.jpg,F,train
..\..\data\raw\asl_alphabet\train\U\U2774.jpg,U,train
..\..\data\raw\asl_alphabet\train\S\S1526.jpg,S,train
..\..\data\raw\asl_alphabet\train\C\C2458.jpg,C,train
..\..\data\raw\asl_alphabet\train\Y\Y2023.jpg,Y,train
..\..\data\raw\asl_alphabet\train\Q\Q2494.jpg,Q,train
..\..\data\raw\asl_alphabet\train\P\P347.jpg,P,train
..\..\data\raw\asl_alphabet\train\F\F2910.jpg,F,train
..\..\data\raw\asl_alphabet\train\B\B791.jpg,B,train
..\..\data\raw\asl_alphabet\train\Y\Y925.jpg,Y,train
..\..\data\raw\asl_alphabet\train\V\V901.jpg,V,train
..\..\data\raw\asl_alphabet\train\nothing\nothing518.jpg,nothing,train
..\..\data\raw\asl_alphabet\train\H\H1875.jpg,H,train
..\..\data\raw\asl_alphabet\train\A\A2394.jpg,A,train
..\..\data\raw\asl_alphabet\train\V\V313.jpg,V,train
..\..\data\raw\asl_alphabet\train\J\J1554.jpg,J,train
..\..\data\raw\asl_alphabet\train\H\H2164.jpg,H,train
..\..\data\raw\asl_alphabet\train\nothing\nothing2340.jpg,nothing,train
..\..\data\raw\asl_alphabet\train\Q\Q1653.jpg,Q,train
..\..\data\raw\asl_alphabet\train\F\F462.jpg,F,train
..\..\data\raw\asl_alphabet\train\E\E2493.jpg,E,train
..\..\data\raw\asl_alphabet\train\C\C923.jpg,C,train
..\..\data\raw\asl_alphabet\train\G\G2206.jpg,G,train
..\..\data\raw\asl_alphabet\train\Z\Z1717.jpg,Z,train
..\..\data\raw\asl_alphabet\train\T\T1305.jpg,T,train
..\..\data\raw\asl_alphabet\train\S\S1133.jpg,S,train
..\..\data\raw\asl_alphabet\train\R\R1990.jpg,R,train
..\..\data\raw\asl_alphabet\train\X\X2046.jpg,X,train
..\..\data\raw\asl_alphabet\train\K\K644.jpg,K,train
..\..\data\raw\asl_alphabet\train\O\O1624.jpg,O,train
..\..\data\raw\asl_alphabet\train\Z\Z434.jpg,Z,train
..\..\data\raw\asl_alphabet\train\K\K2269.jpg,K,train
..\..\data\raw\asl_alphabet\train\P\P1307.jpg,P,train
..\..\data\raw\asl_alphabet\train\O\O2430.jpg,O,train
..\..\data\raw\asl_alphabet\train\O\O2361.jpg,O,train
..\..\data\raw\asl_alphabet\train\G\G1858.jpg,G,train
..\..\data\raw\asl_alphabet\train\del\del81.jpg,del,train
..\..\data\raw\asl_alphabet\train\T\T1239.jpg,T,train
..\..\data\raw\asl_alphabet\train\V\V2066.jpg,V,train
..\..\data\raw\asl_alphabet\train\K\K2837.jpg,K,train
..\..\data\raw\asl_alphabet\train\B\B122.jpg,B,train
..\..\data\raw\asl_alphabet\train\B\B1464.jpg,B,train
..\..\data\raw\asl_alphabet\train\X\X2358.jpg,X,train
..\..\data\raw\asl_alphabet\train\space\space2024.jpg,space,train
..\..\data\raw\asl_alphabet\train\P\P1577.jpg,P,train
..\..\data\raw\asl_alphabet\train\J\J1915.jpg,J,train
..\..\data\raw\asl_alphabet\train\L\L744.jpg,L,train
..\..\data\raw\asl_alphabet\train\K\K901.jpg,K,train
..\..\data\raw\asl_alphabet\train\S\S1142.jpg,S,train
..\..\data\raw\asl_alphabet\train\P\P2629.jpg,P,train
..\..\data\raw\asl_alphabet\train\del\del2834.jpg,del,train
..\..\data\raw\asl_alphabet\train\Q\Q2726.jpg,Q,train
..\..\data\raw\asl_alphabet\train\E\E2538.jpg,E,train
..\..\data\raw\asl_alphabet\train\S\S1472.jpg,S,train
..\..\data\raw\asl_alphabet\train\Z\Z871.jpg,Z,train
..\..\data\raw\asl_alphabet\train\V\V963.jpg,V,train
..\..\data\raw\asl_alphabet\train\Y\Y521.jpg,Y,train
..\..\data\raw\asl_alphabet\train\T\T2235.jpg,T,train
..\..\data\raw\asl_alphabet\train\F\F66.jpg,F,train
..\..\data\raw\asl_alphabet\train\K\K519.jpg,K,train
..\..\data\raw\asl_alphabet\train\space\space540.jpg,space,train
..\..\data\raw\asl_alphabet\train\R\R2914.jpg,R,train
..\..\data\raw\asl_alphabet\train\H\H322.jpg,H,train
..\..\data\raw\asl_alphabet\train\W\W2198.jpg,W,train
..\..\data\raw\asl_alphabet\train\N\N2992.jpg,N,train
..\..\data\raw\asl_alphabet\train\C\C53.jpg,C,train
..\..\data\raw\asl_alphabet\train\G\G691.jpg,G,train
..\..\data\raw\asl_alphabet\train\del\del716.jpg,del,train
..\..\data\raw\asl_alphabet\train\Q\Q1159.jpg,Q,train
..\..\data\raw\asl_alphabet\train\G\G17.jpg,G,train
..\..\data\raw\asl_alphabet\train\space\space963.jpg,space,train
..\..\data\raw\asl_alphabet\train\W\W205.jpg,W,train
..\..\data\raw\asl_alphabet\train\O\O1178.jpg,O,train
..\..\data\raw\asl_alphabet\train\F\F906.jpg,F,train
..\..\data\raw\asl_alphabet\train\E\E1143.jpg,E,train
..\..\data\raw\asl_alphabet\train\T\T614.jpg,T,train
..\..\data\raw\asl_alphabet\train\Y\Y1737.jpg,Y,train
..\..\data\raw\asl_alphabet\train\T\T2369.jpg,T,train
..\..\data\raw\asl_alphabet\train\nothing\nothing1182.jpg,nothing,train
..\..\data\raw\asl_alphabet\train\O\O69.jpg,O,train
..\..\data\raw\asl_alphabet\train\V\V2397.jpg,V,train
..\..\data\raw\asl_alphabet\train\T\T673.jpg,T,train
..\..\data\raw\asl_alphabet\train\G\G873.jpg,G,train
..\..\data\raw\asl_alphabet\train\H\H2594.jpg,H,train
..\..\data\raw\asl_alphabet\train\A\A835.jpg,A,train
..\..\data\raw\asl_alphabet\train\L\L1778.jpg,L,train
..\..\data\raw\asl_alphabet\train\I\I384.jpg,I,train
..\..\data\raw\asl_alphabet\train\N\N407.jpg,N,train
..\..\data\raw\asl_alphabet\train\N\N2310.jpg,N,train
..\..\data\raw\asl_alphabet\train\G\G1162.jpg,G,train
..\..\data\raw\asl_alphabet\train\V\V1029.jpg,V,train
..\..\data\raw\asl_alphabet\train\K\K2404.jpg,K,train
..\..\data\raw\asl_alphabet\train\D\D2938.jpg,D,train
..\..\data\raw\asl_alphabet\train\E\E887.jpg,E,train
..\..\data\raw\asl_alphabet\train\space\space2806.jpg,space,train
..\..\data\raw\asl_alphabet\train\Q\Q2167.jpg,Q,train
..\..\data\raw\asl_alphabet\train\E\E2374.jpg,E,train
..\..\data\raw\asl_alphabet\train\R\R1144.jpg,R,train
..\..\data\raw\asl_alphabet\train\P\P1091.jpg,P,train
..\..\data\raw\asl_alphabet\train\Q\Q462.jpg,Q,train
..\..\data\raw\asl_alphabet\train\B\B737.jpg,B,train
..\..\data\raw\asl_alphabet\train\O\O1907.jpg,O,train
..\..\data\raw\asl_alphabet\train\G\G1321.jpg,G,train
..\..\data\raw\asl_alphabet\train\R\R2323.jpg,R,train
..\..\data\raw\asl_alphabet\train\O\O1049.jpg,O,train
..\..\data\raw\asl_alphabet\train\O\O1663.jpg,O,train
..\..\data\raw\asl_alphabet\train\A\A1468.jpg,A,train
..\..\data\raw\asl_alphabet\train\P\P1133.jpg,P,train
..\..\data\raw\asl_alphabet\train\J\J1869.jpg,J,train
..\..\data\raw\asl_alphabet\train\del\del2389.jpg,del,train
..\..\data\raw\asl_alphabet\train\H\H2180.jpg,H,train
..\..\data\raw\asl_alphabet\train\A\A2301.jpg,A,train
..\..\data\raw\asl_alphabet\train\E\E1361.jpg,E,train
..\..\data\raw\asl_alphabet\train\N\N1246.jpg,N,train
..\..\data\raw\asl_alphabet\train\space\space56.jpg,space,train
..\..\data\raw\asl_alphabet\train\Z\Z384.jpg,Z,train
..\..\data\raw\asl_alphabet\train\O\O2812.jpg,O,train
..\..\data\raw\asl_alphabet\train\R\R2855.jpg,R,train
..\..\data\raw\asl_alphabet\train\C\C855.jpg,C,train
..\..\data\raw\asl_alphabet\train\X\X2582.jpg,X,train
..\..\data\raw\asl_alphabet\train\F\F2413.jpg,F,train
..\..\data\raw\asl_alphabet\train\H\H2553.jpg,H,train
..\..\data\raw\asl_alphabet\train\nothing\nothing209.jpg,nothing,train
..\..\data\raw\asl_alphabet\train\M\M1638.jpg,M,train
..\..\data\raw\asl_alphabet\train\M\M101.jpg,M,train
..\..\data\raw\asl_alphabet\train\L\L2665.jpg,L,train
..\..\data\raw\asl_alphabet\train\T\T2092.jpg,T,train
..\..\data\raw\asl_alphabet\train\W\W938.jpg,W,train
..\..\data\raw\asl_alphabet\train\D\D1490.jpg,D,train
..\..\data\raw\asl_alphabet\train\space\space1324.jpg,space,train
..\..\data\raw\asl_alphabet\train\R\R634.jpg,R,train
..\..\data\raw\asl_alphabet\train\B\B2850.jpg,B,train
..\..\data\raw\asl_alphabet\train\R\R1101.jpg,R,train
..\..\data\raw\asl_alphabet\train\Q\Q2240.jpg,Q,train
..\..\data\raw\asl_alphabet\train\O\O1686.jpg,O,train
..\..\data\raw\asl_alphabet\train\T\T2889.jpg,T,train
..\..\data\raw\asl_alphabet\train\U\U1562.jpg,U,train
..\..\data\raw\asl_alphabet\train\X\X2656.jpg,X,train
..\..\data\raw\asl_alphabet\train\I\I771.jpg,I,train
..\..\data\raw\asl_alphabet\train\E\E796.jpg,E,train
..\..\data\raw\asl_alphabet\train\Y\Y727.jpg,Y,train
..\..\data\raw\asl_alphabet\train\O\O2889.jpg,O,train
..\..\data\raw\asl_alphabet\train\K\K251.jpg,K,train
..\..\data\raw\asl_alphabet\train\C\C438.jpg,C,train
..\..\data\raw\asl_alphabet\train\F\F538.jpg,F,train
..\..\data\raw\asl_alphabet\train\F\F630.jpg,F,train
..\..\data\raw\asl_alphabet\train\C\C1693.jpg,C,train
..\..\data\raw\asl_alphabet\train\X\X843.jpg,X,train
..\..\data\raw\asl_alphabet\train\T\T1034.jpg,T,train
..\..\data\raw\asl_alphabet\train\V\V1413.jpg,V,train
..\..\data\raw\asl_alphabet\train\I\I2880.jpg,I,train
..\..\data\raw\asl_alphabet\train\space\space521.jpg,space,train
..\..\data\raw\asl_alphabet\train\K\K57.jpg,K,train
..\..\data\raw\asl_alphabet\train\B\B499.jpg,B,train
..\..\data\raw\asl_alphabet\train\X\X801.jpg,X,train
..\..\data\raw\asl_alphabet\train\S\S2696.jpg,S,train
..\..\data\raw\asl_alphabet\train\M\M1574.jpg,M,train
..\..\data\raw\asl_alphabet\train\T\T1773.jpg,T,train
..\..\data\raw\asl_alphabet\train\B\B474.jpg,B,train
..\..\data\raw\asl_alphabet\train\D\D1562.jpg,D,train
..\..\data\raw\asl_alphabet\train\V\V1865.jpg,V,train
..\..\data\raw\asl_alphabet\train\Q\Q1796.jpg,Q,train
..\..\data\raw\asl_alphabet\train\S\S2090.jpg,S,train
..\..\data\raw\asl_alphabet\train\P\P1405.jpg,P,train
..\..\data\raw\asl_alphabet\train\U\U2188.jpg,U,train
..\..\data\raw\asl_alphabet\train\M\M205.jpg,M,train
..\..\data\raw\asl_alphabet\train\K\K2660.jpg,K,train
..\..\data\raw\asl_alphabet\train\O\O1570.jpg,O,train
..\..\data\raw\asl_alphabet\train\M\M1200.jpg,M,train
..\..\data\raw\asl_alphabet\train\del\del2453.jpg,del,train
..\..\data\raw\asl_alphabet\train\M\M2194.jpg,M,train
..\..\data\raw\asl_alphabet\train\A\A1251.jpg,A,train
..\..\data\raw\asl_alphabet\train\P\P154.jpg,P,train
..\..\data\raw\asl_alphabet\train\J\J2047.jpg,J,train
..\..\data\raw\asl_alphabet\train\L\L2459.jpg,L,train
..\..\data\raw\asl_alphabet\train\V\V2273.jpg,V,train
..\..\data\raw\asl_alphabet\train\space\space525.jpg,space,train
..\..\data\raw\asl_alphabet\train\del\del2950.jpg,del,train
..\..\data\raw\asl_alphabet\train\U\U1046.jpg,U,train
..\..\data\raw\asl_alphabet\train\V\V575.jpg,V,train
..\..\data\raw\asl_alphabet\train\K\K710.jpg,K,train
..\..\data\raw\asl_alphabet\train\G\G1011.jpg,G,train
..\..\data\raw\asl_alphabet\train\U\U2922.jpg,U,train
..\..\data\raw\asl_alphabet\train\W\W1613.jpg,W,train
..\..\data\raw\asl_alphabet\train\L\L876.jpg,L,train
..\..\data\raw\asl_alphabet\train\N\N1063.jpg,N,train
..\..\data\raw\asl_alphabet\train\C\C717.jpg,C,train
..\..\data\raw\asl_alphabet\train\L\L1494.jpg,L,train
..\..\data\raw\asl_alphabet\train\L\L1309.jpg,L,train
..\..\data\raw\asl_alphabet\train\J\J1250.jpg,J,train
..\..\data\raw\asl_alphabet\train\K\K977.jpg,K,train
..\..\data\raw\asl_alphabet\train\Y\Y2366.jpg,Y,train
..\..\data\raw\asl_alphabet\train\nothing\nothing2040.jpg,nothing,train
..\..\data\raw\asl_alphabet\train\Z\Z1353.jpg,Z,train
..\..\data\raw\asl_alphabet\train\P\P1618.jpg,P,train
..\..\data\raw\asl_alphabet\train\F\F2555.jpg,F,train
..\..\data\raw\asl_alphabet\train\A\A1232.jpg,A,train
..\..\data\raw\asl_alphabet\train\O\O2476.jpg,O,train
..\..\data\raw\asl_alphabet\train\Y\Y2540.jpg,Y,train
..\..\data\raw\asl_alphabet\train\G\G668.jpg,G,train
..\..\data\raw\asl_alphabet\train\Q\Q2250.jpg,Q,train
..\..\data\raw\asl_alphabet\train\V\V444.jpg,V,train
..\..\data\raw\asl_alphabet\train\F\F1756.jpg,F,train
..\..\data\raw\asl_alphabet\train\B\B857.jpg,B,train
..\..\data\raw\asl_alphabet\train\M\M1172.jpg,M,train
..\..\data\raw\asl_alphabet\train\del\del2639.jpg,del,train
..\..\data\raw\asl_alphabet\train\J\J817.jpg,J,train
..\..\data\raw\asl_alphabet\train\I\I1885.jpg,I,train
..\..\data\raw\asl_alphabet\train\W\W2017.jpg,W,train
..\..\data\raw\asl_alphabet\train\F\F2204.jpg,F,train
..\..\data\raw\asl_alphabet\train\X\X1331.jpg,X,train
..\..\data\raw\asl_alphabet\train\F\F1641.jpg,F,train
..\..\data\raw\asl_alphabet\train\I\I259.jpg,I,train
..\..\data\raw\asl_alphabet\train\nothing\nothing1770.jpg,nothing,train
..\..\data\raw\asl_alphabet\train\H\H2197.jpg,H,train
..\..\data\raw\asl_alphabet\train\L\L2396.jpg,L,train
..\..\data\raw\asl_alphabet\train\S\S2580.jpg,S,train
..\..\data\raw\asl_alphabet\train\W\W2075.jpg,W,train
..\..\data\raw\asl_alphabet\train\P\P2939.jpg,P,train
..\..\data\raw\asl_alphabet\train\X\X2545.jpg,X,train
..\..\data\raw\asl_alphabet\train\D\D23.jpg,D,train
..\..\data\raw\asl_alphabet\train\B\B982.jpg,B,train
..\..\data\raw\asl_alphabet\train\S\S460.jpg,S,train
..\..\data\raw\asl_alphabet\train\B\B885.jpg,B,train
..\..\data\raw\asl_alphabet\train\H\H2859.jpg,H,train
..\..\data\raw\asl_alphabet\train\R\R2215.jpg,R,train
..\..\data\raw\asl_alphabet\train\F\F1466.jpg,F,train
..\..\data\raw\asl_alphabet\train\R\R2708.jpg,R,train
..\..\data\raw\asl_alphabet\train\N\N2683.jpg,N,train
..\..\data\raw\asl_alphabet\train\N\N1103.jpg,N,train
..\..\data\raw\asl_alphabet\train\I\I2981.jpg,I,train
..\..\data\raw\asl_alphabet\train\U\U2458.jpg,U,train
..\..\data\raw\asl_alphabet\train\space\space733.jpg,space,train
..\..\data\raw\asl_alphabet\train\L\L2777.jpg,L,train
..\..\data\raw\asl_alphabet\train\J\J2553.jpg,J,train
..\..\data\raw\asl_alphabet\train\X\X1441.jpg,X,train
..\..\data\raw\asl_alphabet\train\del\del105.jpg,del,train
..\..\data\raw\asl_alphabet\train\X\X2552.jpg,X,train
..\..\data\raw\asl_alphabet\train\P\P1005.jpg,P,train
..\..\data\raw\asl_alphabet\train\W\W1181.jpg,W,train
..\..\data\raw\asl_alphabet\train\G\G445.jpg,G,train
..\..\data\raw\asl_alphabet\train\F\F1253.jpg,F,train
..\..\data\raw\asl_alphabet\train\I\I1974.jpg,I,train
..\..\data\raw\asl_alphabet\train\O\O219.jpg,O,train
..\..\data\raw\asl_alphabet\train\H\H271.jpg,H,train
..\..\data\raw\asl_alphabet\train\A\A517.jpg,A,train
..\..\data\raw\asl_alphabet\train\W\W2633.jpg,W,train
..\..\data\raw\asl_alphabet\train\X\X1384.jpg,X,train
..\..\data\raw\asl_alphabet\train\B\B2100.jpg,B,train
..\..\data\raw\asl_alphabet\train\G\G314.jpg,G,train
..\..\data\raw\asl_alphabet\train\Y\Y35.jpg,Y,train
..\..\data\raw\asl_alphabet\train\C\C2862.jpg,C,train
..\..\data\raw\asl_alphabet\train\space\space2963.jpg,space,train
..\..\data\raw\asl_alphabet\train\F\F1098.jpg,F,train
..\..\data\raw\asl_alphabet\train\C\C1008.jpg,C,train
..\..\data\raw\asl_alphabet\train\R\R2785.jpg,R,train
..\..\data\raw\asl_alphabet\train\H\H1952.jpg,H,train
..\..\data\raw\asl_alphabet\train\K\K419.jpg,K,train
..\..\data\raw\asl_alphabet\train\B\B2922.jpg,B,train
..\..\data\raw\asl_alphabet\train\A\A1361.jpg,A,train
..\..\data\raw\asl_alphabet\train\O\O832.jpg,O,train
..\..\data\raw\asl_alphabet\train\X\X795.jpg,X,train
..\..\data\raw\asl_alphabet\train\S\S1070.jpg,S,train
..\..\data\raw\asl_alphabet\train\T\T2692.jpg,T,train
..\..\data\raw\asl_alphabet\train\E\E2533.jpg,E,train
..\..\data\raw\asl_alphabet\train\T\T1038.jpg,T,train
..\..\data\raw\asl_alphabet\train\M\M2686.jpg,M,train
..\..\data\raw\asl_alphabet\train\E\E1907.jpg,E,train
..\..\data\raw\asl_alphabet\train\F\F2.jpg,F,train
..\..\data\raw\asl_alphabet\train\E\E1116.jpg,E,train
..\..\data\raw\asl_alphabet\train\V\V1106.jpg,V,train
..\..\data\raw\asl_alphabet\train\H\H919.jpg,H,train
..\..\data\raw\asl_alphabet\train\nothing\nothing2844.jpg,nothing,train
..\..\data\raw\asl_alphabet\train\I\I40.jpg,I,train
..\..\data\raw\asl_alphabet\train\T\T1113.jpg,T,train
..\..\data\raw\asl_alphabet\train\V\V93.jpg,V,train
..\..\data\raw\asl_alphabet\train\C\C540.jpg,C,train
..\..\data\raw\asl_alphabet\train\Z\Z2796.jpg,Z,train
..\..\data\raw\asl_alphabet\train\V\V2634.jpg,V,train
..\..\data\raw\asl_alphabet\train\D\D2909.jpg,D,train
..\..\data\raw\asl_alphabet\train\nothing\nothing664.jpg,nothing,train
..\..\data\raw\asl_alphabet\train\J\J1916.jpg,J,train
..\..\data\raw\asl_alphabet\train\E\E2383.jpg,E,train
..\..\data\raw\asl_alphabet\train\E\E1335.jpg,E,train
..\..\data\raw\asl_alphabet\train\H\H757.jpg,H,train
..\..\data\raw\asl_alphabet\train\V\V2149.jpg,V,train
..\..\data\raw\asl_alphabet\train\space\space1795.jpg,space,train
..\..\data\raw\asl_alphabet\train\S\S2285.jpg,S,train
..\..\data\raw\asl_alphabet\train\X\X1960.jpg,X,train
..\..\data\raw\asl_alphabet\train\J\J1252.jpg,J,train
..\..\data\raw\asl_alphabet\train\L\L1466.jpg,L,train
..\..\data\raw\asl_alphabet\train\L\L413.jpg,L,train
..\..\data\raw\asl_alphabet\train\S\S2170.jpg,S,train
..\..\data\raw\asl_alphabet\train\Y\Y2484.jpg,Y,train
..\..\data\raw\asl_alphabet\train\N\N1310.jpg,N,train
..\..\data\raw\asl_alphabet\train\D\D2510.jpg,D,train
..\..\data\raw\asl_alphabet\train\K\K1994.jpg,K,train
..\..\data\raw\asl_alphabet\train\V\V228.jpg,V,train
..\..\data\raw\asl_alphabet\train\T\T195.jpg,T,train
..\..\data\raw\asl_alphabet\train\R\R2071.jpg,R,train
..\..\data\raw\asl_alphabet\train\nothing\nothing2796.jpg,nothing,train
..\..\data\raw\asl_alphabet\train\S\S2030.jpg,S,train
..\..\data\raw\asl_alphabet\train\N\N2110.jpg,N,train
..\..\data\raw\asl_alphabet\train\nothing\nothing2254.jpg,nothing,train
..\..\data\raw\asl_alphabet\train\G\G1110.jpg,G,train
..\..\data\raw\asl_alphabet\train\F\F1432.jpg,F,train
..\..\data\raw\asl_alphabet\train\W\W2027.jpg,W,train
..\..\data\raw\asl_alphabet\train\N\N396.jpg,N,train
..\..\data\raw\asl_alphabet\train\G\G1371.jpg,G,train
..\..\data\raw\asl_alphabet\train\L\L959.jpg,L,train
..\..\data\raw\asl_alphabet\train\M\M2748.jpg,M,train
..\..\data\raw\asl_alphabet\train\H\H2262.jpg,H,train
..\..\data\raw\asl_alphabet\train\O\O1660.jpg,O,train
..\..\data\raw\asl_alphabet\train\R\R1805.jpg,R,train
..\..\data\raw\asl_alphabet\train\M\M1390.jpg,M,train
..\..\data\raw\asl_alphabet\train\G\G581.jpg,G,train
..\..\data\raw\asl_alphabet\train\S\S1040.jpg,S,train
..\..\data\raw\asl_alphabet\train\M\M1297.jpg,M,train
..\..\data\raw\asl_alphabet\train\O\O1305.jpg,O,train
..\..\data\raw\asl_alphabet\train\W\W1658.jpg,W,train
..\..\data\raw\asl_alphabet\train\H\H1913.jpg,H,train
..\..\data\raw\asl_alphabet\train\Q\Q949.jpg,Q,train
..\..\data\raw\asl_alphabet\train\A\A1276.jpg,A,train
..\..\data\raw\asl_alphabet\train\A\A1871.jpg,A,train
..\..\data\raw\asl_alphabet\train\U\U2473.jpg,U,train
..\..\data\raw\asl_alphabet\train\Y\Y2271.jpg,Y,train
..\..\data\raw\asl_alphabet\train\N\N750.jpg,N,train
..\..\data\raw\asl_alphabet\train\Z\Z2979.jpg,Z,train
..\..\data\raw\asl_alphabet\train\U\U2698.jpg,U,train
..\..\data\raw\asl_alphabet\train\V\V2263.jpg,V,train
..\..\data\raw\asl_alphabet\train\G\G2966.jpg,G,train
..\..\data\raw\asl_alphabet\train\J\J2698.jpg,J,train
..\..\data\raw\asl_alphabet\train\T\T1398.jpg,T,train
..\..\data\raw\asl_alphabet\train\H\H1326.jpg,H,train
..\..\data\raw\asl_alphabet\train\F\F2793.jpg,F,train
..\..\data\raw\asl_alphabet\train\S\S1428.jpg,S,train
..\..\data\raw\asl_alphabet\train\U\U557.jpg,U,train
..\..\data\raw\asl_alphabet\train\del\del1559.jpg,del,train
..\..\data\raw\asl_alphabet\train\E\E2714.jpg,E,train
..\..\data\raw\asl_alphabet\train\del\del1829.jpg,del,train
..\..\data\raw\asl_alphabet\train\B\B1054.jpg,B,train
..\..\data\raw\asl_alphabet\train\del\del1062.jpg,del,train
..\..\data\raw\asl_alphabet\train\W\W1087.jpg,W,train
..\..\data\raw\asl_alphabet\train\del\del2862.jpg,del,train
..\..\data\raw\asl_alphabet\train\O\O134.jpg,O,train
..\..\data\raw\asl_alphabet\train\P\P1911.jpg,P,train
..\..\data\raw\asl_alphabet\train\nothing\nothing2118.jpg,nothing,train
..\..\data\raw\asl_alphabet\train\K\K934.jpg,K,train
..\..\data\raw\asl_alphabet\train\space\space1022.jpg,space,train
..\..\data\raw\asl_alphabet\train\G\G376.jpg,G,train
..\..\data\raw\asl_alphabet\train\F\F2681.jpg,F,train
..\..\data\raw\asl_alphabet\train\R\R2558.jpg,R,train
..\..\data\raw\asl_alphabet\train\T\T146.jpg,T,train
..\..\data\raw\asl_alphabet\train\O\O2088.jpg,O,train
..\..\data\raw\asl_alphabet\train\P\P1839.jpg,P,train
..\..\data\raw\asl_alphabet\train\W\W2672.jpg,W,train
..\..\data\raw\asl_alphabet\train\nothing\nothing1933.jpg,nothing,train
..\..\data\raw\asl_alphabet\train\nothing\nothing156.jpg,nothing,train
..\..\data\raw\asl_alphabet\train\J\J2555.jpg,J,train
..\..\data\raw\asl_alphabet\train\H\H2569.jpg,H,train
..\..\data\raw\asl_alphabet\train\B\B2460.jpg,B,train
..\..\data\raw\asl_alphabet\train\Q\Q2235.jpg,Q,train
..\..\data\raw\asl_alphabet\train\C\C1874.jpg,C,train
..\..\data\raw\asl_alphabet\train\L\L765.jpg,L,train
..\..\data\raw\asl_alphabet\train\C\C50.jpg,C,train
..\..\data\raw\asl_alphabet\train\S\S376.jpg,S,train
..\..\data\raw\asl_alphabet\train\D\D2966.jpg,D,train
..\..\data\raw\asl_alphabet\train\I\I2531.jpg,I,train
..\..\data\raw\asl_alphabet\train\B\B1199.jpg,B,train
..\..\data\raw\asl_alphabet\train\X\X1627.jpg,X,train
..\..\data\raw\asl_alphabet\train\nothing\nothing2806.jpg,nothing,train
..\..\data\raw\asl_alphabet\train\B\B1397.jpg,B,train
..\..\data\raw\asl_alphabet\train\G\G390.jpg,G,train
..\..\data\raw\asl_alphabet\train\K\K1321.jpg,K,train
..\..\data\raw\asl_alphabet\train\nothing\nothing1666.jpg,nothing,train
..\..\data\raw\asl_alphabet\train\N\N967.jpg,N,train
..\..\data\raw\asl_alphabet\train\W\W319.jpg,W,train
..\..\data\raw\asl_alphabet\train\T\T1408.jpg,T,train
..\..\data\raw\asl_alphabet\train\R\R910.jpg,R,train
..\..\data\raw\asl_alphabet\train\X\X1298.jpg,X,train
..\..\data\raw\asl_alphabet\train\H\H2149.jpg,H,train
..\..\data\raw\asl_alphabet\train\del\del2305.jpg,del,train
..\..\data\raw\asl_alphabet\train\N\N1036.jpg,N,train
..\..\data\raw\asl_alphabet\train\G\G2666.jpg,G,train
..\..\data\raw\asl_alphabet\train\S\S1877.jpg,S,train
..\..\data\raw\asl_alphabet\train\B\B2202.jpg,B,train
..\..\data\raw\asl_alphabet\train\L\L714.jpg,L,train
..\..\data\raw\asl_alphabet\train\nothing\nothing2754.jpg,nothing,train
..\..\data\raw\asl_alphabet\train\D\D2906.jpg,D,train
..\..\data\raw\asl_alphabet\train\Y\Y1290.jpg,Y,train
..\..\data\raw\asl_alphabet\train\Q\Q1220.jpg,Q,train
..\..\data\raw\asl_alphabet\train\R\R2627.jpg,R,train
..\..\data\raw\asl_alphabet\train\M\M699.jpg,M,train
..\..\data\raw\asl_alphabet\train\J\J2838.jpg,J,train
..\..\data\raw\asl_alphabet\train\F\F2944.jpg,F,train
..\..\data\raw\asl_alphabet\train\W\W567.jpg,W,train
..\..\data\raw\asl_alphabet\train\H\H937.jpg,H,train
..\..\data\raw\asl_alphabet\train\K\K701.jpg,K,train
..\..\data\raw\asl_alphabet\train\K\K2139.jpg,K,train
..\..\data\raw\asl_alphabet\train\Z\Z2620.jpg,Z,train
..\..\data\raw\asl_alphabet\train\D\D1901.jpg,D,train
..\..\data\raw\asl_alphabet\train\del\del1982.jpg,del,train
..\..\data\raw\asl_alphabet\train\del\del758.jpg,del,train
..\..\data\raw\asl_alphabet\train\S\S2322.jpg,S,train
..\..\data\raw\asl_alphabet\train\P\P393.jpg,P,train
..\..\data\raw\asl_alphabet\train\K\K2964.jpg,K,train
..\..\data\raw\asl_alphabet\train\R\R652.jpg,R,train
..\..\data\raw\asl_alphabet\train\X\X1746.jpg,X,train
..\..\data\raw\asl_alphabet\train\R\R2225.jpg,R,train
..\..\data\raw\asl_alphabet\train\H\H1991.jpg,H,train
..\..\data\raw\asl_alphabet\train\I\I1166.jpg,I,train
..\..\data\raw\asl_alphabet\train\B\B436.jpg,B,train
..\..\data\raw\asl_alphabet\train\D\D2499.jpg,D,train
..\..\data\raw\asl_alphabet\train\B\B1425.jpg,B,train
..\..\data\raw\asl_alphabet\train\D\D2359.jpg,D,train
..\..\data\raw\asl_alphabet\train\J\J810.jpg,J,train
..\..\data\raw\asl_alphabet\train\O\O357.jpg,O,train
..\..\data\raw\asl_alphabet\train\A\A2051.jpg,A,train
..\..\data\raw\asl_alphabet\train\A\A2285.jpg,A,train
..\..\data\raw\asl_alphabet\train\space\space1093.jpg,space,train
..\..\data\raw\asl_alphabet\train\O\O1186.jpg,O,train
..\..\data\raw\asl_alphabet\train\W\W2868.jpg,W,train
..\..\data\raw\asl_alphabet\train\I\I121.jpg,I,train
..\..\data\raw\asl_alphabet\train\W\W867.jpg,W,train
..\..\data\raw\asl_alphabet\train\space\space2989.jpg,space,train
..\..\data\raw\asl_alphabet\train\L\L1900.jpg,L,train
..\..\data\raw\asl_alphabet\train\del\del1238.jpg,del,train
..\..\data\raw\asl_alphabet\train\K\K178.jpg,K,train
..\..\data\raw\asl_alphabet\train\G\G305.jpg,G,train
..\..\data\raw\asl_alphabet\train\F\F2954.jpg,F,train
..\..\data\raw\asl_alphabet\train\del\del861.jpg,del,train
..\..\data\raw\asl_alphabet\train\Y\Y2138.jpg,Y,train
..\..\data\raw\asl_alphabet\train\K\K401.jpg,K,train
..\..\data\raw\asl_alphabet\train\F\F2020.jpg,F,train
..\..\data\raw\asl_alphabet\train\A\A2555.jpg,A,train
..\..\data\raw\asl_alphabet\train\Y\Y1554.jpg,Y,train
..\..\data\raw\asl_alphabet\train\I\I94.jpg,I,train
..\..\data\raw\asl_alphabet\train\U\U1458.jpg,U,train
..\..\data\raw\asl_alphabet\train\O\O593.jpg,O,train
..\..\data\raw\asl_alphabet\train\Q\Q2994.jpg,Q,train
..\..\data\raw\asl_alphabet\train\O\O1149.jpg,O,train
..\..\data\raw\asl_alphabet\train\nothing\nothing2494.jpg,nothing,train
..\..\data\raw\asl_alphabet\train\Y\Y1611.jpg,Y,train
..\..\data\raw\asl_alphabet\train\I\I285.jpg,I,train
..\..\data\raw\asl_alphabet\train\E\E1939.jpg,E,train
..\..\data\raw\asl_alphabet\train\D\D2862.jpg,D,train
..\..\data\raw\asl_alphabet\train\G\G461.jpg,G,train
..\..\data\raw\asl_alphabet\train\space\space2330.jpg,space,train
..\..\data\raw\asl_alphabet\train\P\P1084.jpg,P,train
..\..\data\raw\asl_alphabet\train\J\J156.jpg,J,train
..\..\data\raw\asl_alphabet\train\L\L2924.jpg,L,train
..\..\data\raw\asl_alphabet\train\S\S2558.jpg,S,train
..\..\data\raw\asl_alphabet\train\U\U1808.jpg,U,train
..\..\data\raw\asl_alphabet\train\R\R1071.jpg,R,train
..\..\data\raw\asl_alphabet\train\W\W2481.jpg,W,train
..\..\data\raw\asl_alphabet\train\J\J118.jpg,J,train
..\..\data\raw\asl_alphabet\train\S\S1083.jpg,S,train
..\..\data\raw\asl_alphabet\train\Z\Z2185.jpg,Z,train
..\..\data\raw\asl_alphabet\train\O\O2746.jpg,O,train
..\..\data\raw\asl_alphabet\train\O\O1596.jpg,O,train
..\..\data\raw\asl_alphabet\train\V\V1810.jpg,V,train
..\..\data\raw\asl_alphabet\train\E\E1411.jpg,E,train
..\..\data\raw\asl_alphabet\train\V\V598.jpg,V,train
..\..\data\raw\asl_alphabet\train\Y\Y411.jpg,Y,train
..\..\data\raw\asl_alphabet\train\E\E106.jpg,E,train
..\..\data\raw\asl_alphabet\train\Q\Q1874.jpg,Q,train
..\..\data\raw\asl_alphabet\train\del\del400.jpg,del,train
..\..\data\raw\asl_alphabet\train\L\L170.jpg,L,train
..\..\data\raw\asl_alphabet\train\N\N362.jpg,N,train
..\..\data\raw\asl_alphabet\train\L\L381.jpg,L,train
..\..\data\raw\asl_alphabet\train\M\M172.jpg,M,train
..\..\data\raw\asl_alphabet\train\V\V1451.jpg,V,train
..\..\data\raw\asl_alphabet\train\A\A1544.jpg,A,train
..\..\data\raw\asl_alphabet\train\B\B332.jpg,B,train
..\..\data\raw\asl_alphabet\train\O\O2669.jpg,O,train
..\..\data\raw\asl_alphabet\train\Z\Z2895.jpg,Z,train
..\..\data\raw\asl_alphabet\train\Q\Q2713.jpg,Q,train
..\..\data\raw\asl_alphabet\train\B\B1662.jpg,B,train
..\..\data\raw\asl_alphabet\train\S\S1565.jpg,S,train
..\..\data\raw\asl_alphabet\train\A\A2025.jpg,A,train
..\..\data\raw\asl_alphabet\train\del\del2822.jpg,del,train
..\..\data\raw\asl_alphabet\train\C\C2608.jpg,C,train
..\..\data\raw\asl_alphabet\train\L\L2446.jpg,L,train
..\..\data\raw\asl_alphabet\train\del\del1887.jpg,del,train
..\..\data\raw\asl_alphabet\train\U\U2892.jpg,U,train
..\..\data\raw\asl_alphabet\train\R\R389.jpg,R,train
..\..\data\raw\asl_alphabet\train\C\C18.jpg,C,train
..\..\data\raw\asl_alphabet\train\Z\Z1561.jpg,Z,train
..\..\data\raw\asl_alphabet\train\D\D868.jpg,D,train
..\..\data\raw\asl_alphabet\train\space\space437.jpg,space,train
..\..\data\raw\asl_alphabet\train\K\K741.jpg,K,train
..\..\data\raw\asl_alphabet\train\Q\Q1584.jpg,Q,train
..\..\data\raw\asl_alphabet\train\space\space1650.jpg,space,train
..\..\data\raw\asl_alphabet\train\J\J1743.jpg,J,train
..\..\data\raw\asl_alphabet\train\M\M2355.jpg,M,train
..\..\data\raw\asl_alphabet\train\S\S918.jpg,S,train
..\..\data\raw\asl_alphabet\train\B\B934.jpg,B,train
..\..\data\raw\asl_alphabet\train\Z\Z100.jpg,Z,train
..\..\data\raw\asl_alphabet\train\G\G145.jpg,G,train
..\..\data\raw\asl_alphabet\train\F\F638.jpg,F,train
..\..\data\raw\asl_alphabet\train\U\U2157.jpg,U,train
..\..\data\raw\asl_alphabet\train\D\D1637.jpg,D,train
..\..\data\raw\asl_alphabet\train\H\H235.jpg,H,train
..\..\data\raw\asl_alphabet\train\F\F337.jpg,F,train
..\..\data\raw\asl_alphabet\train\X\X431.jpg,X,train
..\..\data\raw\asl_alphabet\train\R\R1930.jpg,R,train
..\..\data\raw\asl_alphabet\train\nothing\nothing70.jpg,nothing,train
..\..\data\raw\asl_alphabet\train\T\T1086.jpg,T,train
..\..\data\raw\asl_alphabet\train\space\space79.jpg,space,train
..\..\data\raw\asl_alphabet\train\O\O2657.jpg,O,train
..\..\data\raw\asl_alphabet\train\V\V2312.jpg,V,train
..\..\data\raw\asl_alphabet\train\C\C248.jpg,C,train
..\..\data\raw\asl_alphabet\train\I\I2869.jpg,I,train
..\..\data\raw\asl_alphabet\train\H\H2797.jpg,H,train
..\..\data\raw\asl_alphabet\train\A\A1983.jpg,A,train
..\..\data\raw\asl_alphabet\train\R\R2919.jpg,R,train
..\..\data\raw\asl_alphabet\train\Y\Y2889.jpg,Y,train
..\..\data\raw\asl_alphabet\train\T\T2376.jpg,T,train
..\..\data\raw\asl_alphabet\train\J\J2462.jpg,J,train
..\..\data\raw\asl_alphabet\train\E\E1926.jpg,E,train
..\..\data\raw\asl_alphabet\train\N\N558.jpg,N,train
..\..\data\raw\asl_alphabet\train\del\del1036.jpg,del,train
..\..\data\raw\asl_alphabet\train\K\K1937.jpg,K,train
..\..\data\raw\asl_alphabet\train\I\I766.jpg,I,train
..\..\data\raw\asl_alphabet\train\R\R892.jpg,R,train
..\..\data\raw\asl_alphabet\train\N\N2951.jpg,N,train
..\..\data\raw\asl_alphabet\train\E\E376.jpg,E,train
..\..\data\raw\asl_alphabet\train\U\U1358.jpg,U,train
..\..\data\raw\asl_alphabet\train\C\C2089.jpg,C,train
..\..\data\raw\asl_alphabet\train\A\A1977.jpg,A,train
..\..\data\raw\asl_alphabet\train\L\L1258.jpg,L,train
..\..\data\raw\asl_alphabet\train\Q\Q1909.jpg,Q,train
..\..\data\raw\asl_alphabet\train\L\L396.jpg,L,train
..\..\data\raw\asl_alphabet\train\G\G178.jpg,G,train
..\..\data\raw\asl_alphabet\train\F\F1726.jpg,F,train
..\..\data\raw\asl_alphabet\train\X\X789.jpg,X,train
..\..\data\raw\asl_alphabet\train\del\del2250.jpg,del,train
..\..\data\raw\asl_alphabet\train\L\L1767.jpg,L,train
..\..\data\raw\asl_alphabet\train\N\N2698.jpg,N,train
..\..\data\raw\asl_alphabet\train\O\O495.jpg,O,train
..\..\data\raw\asl_alphabet\train\O\O2772.jpg,O,train
..\..\data\raw\asl_alphabet\train\D\D554.jpg,D,train
..\..\data\raw\asl_alphabet\train\L\L2257.jpg,L,train
..\..\data\raw\asl_alphabet\train\Y\Y1704.jpg,Y,train
..\..\data\raw\asl_alphabet\train\T\T1415.jpg,T,train
..\..\data\raw\asl_alphabet\train\T\T771.jpg,T,train
..\..\data\raw\asl_alphabet\train\G\G963.jpg,G,train
..\..\data\raw\asl_alphabet\train\T\T1986.jpg,T,train
..\..\data\raw\asl_alphabet\train\C\C1860.jpg,C,train
..\..\data\raw\asl_alphabet\train\nothing\nothing1514.jpg,nothing,train
..\..\data\raw\asl_alphabet\train\A\A2526.jpg,A,train
..\..\data\raw\asl_alphabet\train\C\C657.jpg,C,train
..\..\data\raw\asl_alphabet\train\P\P1651.jpg,P,train
..\..\data\raw\asl_alphabet\train\E\E769.jpg,E,train
..\..\data\raw\asl_alphabet\train\E\E2798.jpg,E,train
..\..\data\raw\asl_alphabet\train\E\E1814.jpg,E,train
..\..\data\raw\asl_alphabet\train\Y\Y1139.jpg,Y,train
..\..\data\raw\asl_alphabet\train\nothing\nothing937.jpg,nothing,train
..\..\data\raw\asl_alphabet\train\J\J1445.jpg,J,train
..\..\data\raw\asl_alphabet\train\J\J1811.jpg,J,train
..\..\data\raw\asl_alphabet\train\E\E420.jpg,E,train
..\..\data\raw\asl_alphabet\train\W\W351.jpg,W,train
..\..\data\raw\asl_alphabet\train\B\B2742.jpg,B,train
..\..\data\raw\asl_alphabet\train\N\N2562.jpg,N,train
..\..\data\raw\asl_alphabet\train\K\K1454.jpg,K,train
..\..\data\raw\asl_alphabet\train\N\N286.jpg,N,train
..\..\data\raw\asl_alphabet\train\Z\Z2912.jpg,Z,train
..\..\data\raw\asl_alphabet\train\M\M1357.jpg,M,train
..\..\data\raw\asl_alphabet\train\S\S1700.jpg,S,train
..\..\data\raw\asl_alphabet\train\D\D2931.jpg,D,train
..\..\data\raw\asl_alphabet\train\W\W2356.jpg,W,train
..\..\data\raw\asl_alphabet\train\U\U648.jpg,U,train
..\..\data\raw\asl_alphabet\train\del\del1033.jpg,del,train
..\..\data\raw\asl_alphabet\train\B\B1554.jpg,B,train
..\..\data\raw\asl_alphabet\train\H\H831.jpg,H,train
..\..\data\raw\asl_alphabet\train\I\I2129.jpg,I,train
..\..\data\raw\asl_alphabet\train\H\H2647.jpg,H,train
..\..\data\raw\asl_alphabet\train\H\H2124.jpg,H,train
..\..\data\raw\asl_alphabet\train\H\H2521.jpg,H,train
..\..\data\raw\asl_alphabet\train\K\K1509.jpg,K,train
..\..\data\raw\asl_alphabet\train\G\G921.jpg,G,train
..\..\data\raw\asl_alphabet\train\D\D7.jpg,D,train
..\..\data\raw\asl_alphabet\train\space\space362.jpg,space,train
..\..\data\raw\asl_alphabet\train\Z\Z1095.jpg,Z,train
..\..\data\raw\asl_alphabet\train\A\A1222.jpg,A,train
..\..\data\raw\asl_alphabet\train\D\D2207.jpg,D,train
..\..\data\raw\asl_alphabet\train\F\F851.jpg,F,train
..\..\data\raw\asl_alphabet\train\Z\Z879.jpg,Z,train
..\..\data\raw\asl_alphabet\train\O\O1079.jpg,O,train
..\..\data\raw\asl_alphabet\train\L\L318.jpg,L,train
..\..\data\raw\asl_alphabet\train\Q\Q1209.jpg,Q,train
..\..\data\raw\asl_alphabet\train\E\E5.jpg,E,train
..\..\data\raw\asl_alphabet\train\L\L1376.jpg,L,train
..\..\data\raw\asl_alphabet\train\O\O877.jpg,O,train
..\..\data\raw\asl_alphabet\train\N\N2058.jpg,N,train
..\..\data\raw\asl_alphabet\train\space\space150.jpg,space,train
..\..\data\raw\asl_alphabet\train\P\P598.jpg,P,train
..\..\data\raw\asl_alphabet\train\B\B395.jpg,B,train
..\..\data\raw\asl_alphabet\train\H\H1136.jpg,H,train
..\..\data\raw\asl_alphabet\train\Y\Y187.jpg,Y,train
..\..\data\raw\asl_alphabet\train\Q\Q1034.jpg,Q,train
..\..\data\raw\asl_alphabet\train\W\W131.jpg,W,train
..\..\data\raw\asl_alphabet\train\K\K1569.jpg,K,train
..\..\data\raw\asl_alphabet\train\L\L2572.jpg,L,train
..\..\data\raw\asl_alphabet\train\U\U1050.jpg,U,train
..\..\data\raw\asl_alphabet\train\P\P1622.jpg,P,train
..\..\data\raw\asl_alphabet\train\Q\Q1772.jpg,Q,train
..\..\data\raw\asl_alphabet\train\B\B283.jpg,B,train
..\..\data\raw\asl_alphabet\train\I\I2611.jpg,I,train
..\..\data\raw\asl_alphabet\train\V\V85.jpg,V,train
..\..\data\raw\asl_alphabet\train\B\B1374.jpg,B,train
..\..\data\raw\asl_alphabet\train\P\P2097.jpg,P,train
..\..\data\raw\asl_alphabet\train\S\S933.jpg,S,train
..\..\data\raw\asl_alphabet\train\W\W805.jpg,W,train
..\..\data\raw\asl_alphabet\train\P\P296.jpg,P,train
..\..\data\raw\asl_alphabet\train\U\U2317.jpg,U,train
..\..\data\raw\asl_alphabet\train\M\M1772.jpg,M,train
..\..\data\raw\asl_alphabet\train\Y\Y2692.jpg,Y,train
..\..\data\raw\asl_alphabet\train\H\H2378.jpg,H,train
..\..\data\raw\asl_alphabet\train\Z\Z678.jpg,Z,train
..\..\data\raw\asl_alphabet\train\R\R1321.jpg,R,train
..\..\data\raw\asl_alphabet\train\S\S2893.jpg,S,train
..\..\data\raw\asl_alphabet\train\T\T2573.jpg,T,train
..\..\data\raw\asl_alphabet\train\K\K1507.jpg,K,train
..\..\data\raw\asl_alphabet\train\T\T580.jpg,T,train
..\..\data\raw\asl_alphabet\train\O\O1068.jpg,O,train
..\..\data\raw\asl_alphabet\train\B\B1639.jpg,B,train
..\..\data\raw\asl_alphabet\train\O\O2695.jpg,O,train
..\..\data\raw\asl_alphabet\train\P\P240.jpg,P,train
..\..\data\raw\asl_alphabet\train\F\F775.jpg,F,train
..\..\data\raw\asl_alphabet\train\Y\Y2424.jpg,Y,train
..\..\data\raw\asl_alphabet\train\M\M1994.jpg,M,train
..\..\data\raw\asl_alphabet\train\R\R298.jpg,R,train
..\..\data\raw\asl_alphabet\train\W\W2877.jpg,W,train
..\..\data\raw\asl_alphabet\train\R\R727.jpg,R,train
..\..\data\raw\asl_alphabet\train\Z\Z646.jpg,Z,train
..\..\data\raw\asl_alphabet\train\Y\Y2659.jpg,Y,train
..\..\data\raw\asl_alphabet\train\J\J2586.jpg,J,train
..\..\data\raw\asl_alphabet\train\E\E2780.jpg,E,train
..\..\data\raw\asl_alphabet\train\S\S80.jpg,S,train
..\..\data\raw\asl_alphabet\train\X\X1475.jpg,X,train
..\..\data\raw\asl_alphabet\train\X\X2284.jpg,X,train
..\..\data\raw\asl_alphabet\train\A\A436.jpg,A,train
..\..\data\raw\asl_alphabet\train\P\P1459.jpg,P,train
..\..\data\raw\asl_alphabet\train\Q\Q2371.jpg,Q,train
..\..\data\raw\asl_alphabet\train\H\H2126.jpg,H,train
..\..\data\raw\asl_alphabet\train\A\A2405.jpg,A,train
..\..\data\raw\asl_alphabet\train\A\A2288.jpg,A,train
..\..\data\raw\asl_alphabet\train\P\P16.jpg,P,train
..\..\data\raw\asl_alphabet\train\D\D2842.jpg,D,train
..\..\data\raw\asl_alphabet\train\E\E2974.jpg,E,train
..\..\data\raw\asl_alphabet\train\F\F1514.jpg,F,train
..\..\data\raw\asl_alphabet\train\Z\Z2020.jpg,Z,train
..\..\data\raw\asl_alphabet\train\T\T69.jpg,T,train
..\..\data\raw\asl_alphabet\train\S\S2565.jpg,S,train
..\..\data\raw\asl_alphabet\train\U\U2819.jpg,U,train
..\..\data\raw\asl_alphabet\train\W\W116.jpg,W,train
..\..\data\raw\asl_alphabet\train\J\J1969.jpg,J,train
..\..\data\raw\asl_alphabet\train\V\V2067.jpg,V,train
..\..\data\raw\asl_alphabet\train\P\P2690.jpg,P,train
..\..\data\raw\asl_alphabet\train\A\A42.jpg,A,train
..\..\data\raw\asl_alphabet\train\B\B2431.jpg,B,train
..\..\data\raw\asl_alphabet\train\K\K2527.jpg,K,train
..\..\data\raw\asl_alphabet\train\nothing\nothing2066.jpg,nothing,train
..\..\data\raw\asl_alphabet\train\V\V2597.jpg,V,train
..\..\data\raw\asl_alphabet\train\del\del2840.jpg,del,train
..\..\data\raw\asl_alphabet\train\F\F2686.jpg,F,train
..\..\data\raw\asl_alphabet\train\V\V1599.jpg,V,train
..\..\data\raw\asl_alphabet\train\T\T1905.jpg,T,train
..\..\data\raw\asl_alphabet\train\K\K80.jpg,K,train
..\..\data\raw\asl_alphabet\train\E\E296.jpg,E,train
..\..\data\raw\asl_alphabet\train\M\M649.jpg,M,train
..\..\data\raw\asl_alphabet\train\X\X571.jpg,X,train
..\..\data\raw\asl_alphabet\train\H\H2579.jpg,H,train
..\..\data\raw\asl_alphabet\train\T\T2475.jpg,T,train
..\..\data\raw\asl_alphabet\train\T\T651.jpg,T,train
..\..\data\raw\asl_alphabet\train\L\L1429.jpg,L,train
..\..\data\raw\asl_alphabet\train\I\I709.jpg,I,train
..\..\data\raw\asl_alphabet\train\B\B2416.jpg,B,train
..\..\data\raw\asl_alphabet\train\W\W1750.jpg,W,train
..\..\data\raw\asl_alphabet\train\K\K2629.jpg,K,train
..\..\data\raw\asl_alphabet\train\N\N33.jpg,N,train
..\..\data\raw\asl_alphabet\train\B\B2579.jpg,B,train
..\..\data\raw\asl_alphabet\train\M\M2108.jpg,M,train
..\..\data\raw\asl_alphabet\train\V\V1401.jpg,V,train
..\..\data\raw\asl_alphabet\train\E\E231.jpg,E,train
..\..\data\raw\asl_alphabet\train\T\T1218.jpg,T,train
..\..\data\raw\asl_alphabet\train\A\A2438.jpg,A,train
..\..\data\raw\asl_alphabet\train\T\T2335.jpg,T,train
..\..\data\raw\asl_alphabet\train\V\V2927.jpg,V,train
..\..\data\raw\asl_alphabet\train\U\U1174.jpg,U,train
..\..\data\raw\asl_alphabet\train\Z\Z729.jpg,Z,train
..\..\data\raw\asl_alphabet\train\D\D2752.jpg,D,train
..\..\data\raw\asl_alphabet\train\D\D1699.jpg,D,train
..\..\data\raw\asl_alphabet\train\H\H959.jpg,H,train
..\..\data\raw\asl_alphabet\train\R\R62.jpg,R,train
..\..\data\raw\asl_alphabet\train\A\A2065.jpg,A,train
..\..\data\raw\asl_alphabet\train\T\T1996.jpg,T,train
..\..\data\raw\asl_alphabet\train\W\W2901.jpg,W,train
..\..\data\raw\asl_alphabet\train\del\del171.jpg,del,train
..\..\data\raw\asl_alphabet\train\F\F1613.jpg,F,train
..\..\data\raw\asl_alphabet\train\H\H901.jpg,H,train
..\..\data\raw\asl_alphabet\train\F\F487.jpg,F,train
..\..\data\raw\asl_alphabet\train\Z\Z355.jpg,Z,train
..\..\data\raw\asl_alphabet\train\Y\Y2968.jpg,Y,train
..\..\data\raw\asl_alphabet\train\L\L2101.jpg,L,train
..\..\data\raw\asl_alphabet\train\E\E1296.jpg,E,train
..\..\data\raw\asl_alphabet\train\Q\Q1120.jpg,Q,train
..\..\data\raw\asl_alphabet\train\T\T1948.jpg,T,train
..\..\data\raw\asl_alphabet\train\nothing\nothing1838.jpg,nothing,train
..\..\data\raw\asl_alphabet\train\C\C2891.jpg,C,train
..\..\data\raw\asl_alphabet\train\F\F1192.jpg,F,train
..\..\data\raw\asl_alphabet\train\W\W1759.jpg,W,train
..\..\data\raw\asl_alphabet\train\A\A2844.jpg,A,train
..\..\data\raw\asl_alphabet\train\W\W8.jpg,W,train
..\..\data\raw\asl_alphabet\train\W\W2058.jpg,W,train
..\..\data\raw\asl_alphabet\train\X\X971.jpg,X,train
..\..\data\raw\asl_alphabet\train\A\A1355.jpg,A,train
..\..\data\raw\asl_alphabet\train\Z\Z2114.jpg,Z,train
..\..\data\raw\asl_alphabet\train\R\R2598.jpg,R,train
..\..\data\raw\asl_alphabet\train\E\E2389.jpg,E,train
..\..\data\raw\asl_alphabet\train\space\space1864.jpg,space,train
..\..\data\raw\asl_alphabet\train\P\P41.jpg,P,train
..\..\data\raw\asl_alphabet\train\O\O2376.jpg,O,train
..\..\data\raw\asl_alphabet\train\nothing\nothing1009.jpg,nothing,train
..\..\data\raw\asl_alphabet\train\L\L693.jpg,L,train
..\..\data\raw\asl_alphabet\train\N\N1922.jpg,N,train
..\..\data\raw\asl_alphabet\train\C\C2380.jpg,C,train
..\..\data\raw\asl_alphabet\train\J\J2089.jpg,J,train
..\..\data\raw\asl_alphabet\train\L\L489.jpg,L,train
..\..\data\raw\asl_alphabet\train\S\S2878.jpg,S,train
..\..\data\raw\asl_alphabet\train\X\X936.jpg,X,train
..\..\data\raw\asl_alphabet\train\Z\Z2547.jpg,Z,train
..\..\data\raw\asl_alphabet\train\E\E328.jpg,E,train
..\..\data\raw\asl_alphabet\train\I\I1569.jpg,I,train
..\..\data\raw\asl_alphabet\train\L\L2381.jpg,L,train
..\..\data\raw\asl_alphabet\train\B\B1887.jpg,B,train
..\..\data\raw\asl_alphabet\train\D\D2298.jpg,D,train
..\..\data\raw\asl_alphabet\train\del\del2694.jpg,del,train
..\..\data\raw\asl_alphabet\train\T\T709.jpg,T,train
..\..\data\raw\asl_alphabet\train\F\F2296.jpg,F,train
..\..\data\raw\asl_alphabet\train\J\J1394.jpg,J,train
..\..\data\raw\asl_alphabet\train\V\V811.jpg,V,train
..\..\data\raw\asl_alphabet\train\G\G2665.jpg,G,train
..\..\data\raw\asl_alphabet\train\U\U1388.jpg,U,train
..\..\data\raw\asl_alphabet\train\A\A528.jpg,A,train
..\..\data\raw\asl_alphabet\train\J\J2695.jpg,J,train
..\..\data\raw\asl_alphabet\train\U\U2131.jpg,U,train
..\..\data\raw\asl_alphabet\train\L\L1426.jpg,L,train
..\..\data\raw\asl_alphabet\train\J\J1204.jpg,J,train
..\..\data\raw\asl_alphabet\train\L\L969.jpg,L,train
..\..\data\raw\asl_alphabet\train\A\A1657.jpg,A,train
..\..\data\raw\asl_alphabet\train\M\M2089.jpg,M,train
..\..\data\raw\asl_alphabet\train\B\B1361.jpg,B,train
..\..\data\raw\asl_alphabet\train\Q\Q1221.jpg,Q,train
..\..\data\raw\asl_alphabet\train\G\G72.jpg,G,train
..\..\data\raw\asl_alphabet\train\D\D500.jpg,D,train
..\..\data\raw\asl_alphabet\train\D\D1237.jpg,D,train
..\..\data\raw\asl_alphabet\train\Q\Q1808.jpg,Q,train
..\..\data\raw\asl_alphabet\train\C\C1545.jpg,C,train
..\..\data\raw\asl_alphabet\train\nothing\nothing1914.jpg,nothing,train
..\..\data\raw\asl_alphabet\train\F\F2613.jpg,F,train
..\..\data\raw\asl_alphabet\train\O\O1567.jpg,O,train
..\..\data\raw\asl_alphabet\train\E\E1892.jpg,E,train
..\..\data\raw\asl_alphabet\train\N\N2909.jpg,N,train
..\..\data\raw\asl_alphabet\train\N\N2489.jpg,N,train
..\..\data\raw\asl_alphabet\train\K\K750.jpg,K,train
..\..\data\raw\asl_alphabet\train\E\E577.jpg,E,train
..\..\data\raw\asl_alphabet\train\K\K514.jpg,K,train
..\..\data\raw\asl_alphabet\train\I\I1255.jpg,I,train
..\..\data\raw\asl_alphabet\train\W\W960.jpg,W,train
..\..\data\raw\asl_alphabet\train\G\G2642.jpg,G,train
..\..\data\raw\asl_alphabet\train\H\H2680.jpg,H,train
..\..\data\raw\asl_alphabet\train\B\B937.jpg,B,train
..\..\data\raw\asl_alphabet\train\nothing\nothing288.jpg,nothing,train
..\..\data\raw\asl_alphabet\train\H\H1176.jpg,H,train
..\..\data\raw\asl_alphabet\train\X\X1141.jpg,X,train
..\..\data\raw\asl_alphabet\train\C\C854.jpg,C,train
..\..\data\raw\asl_alphabet\train\I\I1861.jpg,I,train
..\..\data\raw\asl_alphabet\train\del\del2666.jpg,del,train
..\..\data\raw\asl_alphabet\train\T\T645.jpg,T,train
..\..\data\raw\asl_alphabet\train\C\C13.jpg,C,train
..\..\data\raw\asl_alphabet\train\R\R1914.jpg,R,train
..\..\data\raw\asl_alphabet\train\nothing\nothing624.jpg,nothing,train
..\..\data\raw\asl_alphabet\train\B\B2062.jpg,B,train
..\..\data\raw\asl_alphabet\train\Z\Z1742.jpg,Z,train
..\..\data\raw\asl_alphabet\train\N\N267.jpg,N,train
..\..\data\raw\asl_alphabet\train\O\O2606.jpg,O,train
..\..\data\raw\asl_alphabet\train\V\V2187.jpg,V,train
..\..\data\raw\asl_alphabet\train\V\V1971.jpg,V,train
..\..\data\raw\asl_alphabet\train\S\S2212.jpg,S,train
..\..\data\raw\asl_alphabet\train\N\N2297.jpg,N,train
..\..\data\raw\asl_alphabet\train\K\K319.jpg,K,train
..\..\data\raw\asl_alphabet\train\G\G2295.jpg,G,train
..\..\data\raw\asl_alphabet\train\V\V2696.jpg,V,train
..\..\data\raw\asl_alphabet\train\J\J62.jpg,J,train
..\..\data\raw\asl_alphabet\train\R\R536.jpg,R,train
..\..\data\raw\asl_alphabet\train\F\F2088.jpg,F,train
..\..\data\raw\asl_alphabet\train\A\A2544.jpg,A,train
..\..\data\raw\asl_alphabet\train\W\W2621.jpg,W,train
..\..\data\raw\asl_alphabet\train\B\B94.jpg,B,train
..\..\data\raw\asl_alphabet\train\V\V1853.jpg,V,train
..\..\data\raw\asl_alphabet\train\del\del707.jpg,del,train
..\..\data\raw\asl_alphabet\train\C\C734.jpg,C,train
..\..\data\raw\asl_alphabet\train\K\K2451.jpg,K,train
..\..\data\raw\asl_alphabet\train\W\W1030.jpg,W,train
..\..\data\raw\asl_alphabet\train\N\N1216.jpg,N,train
..\..\data\raw\asl_alphabet\train\nothing\nothing2104.jpg,nothing,train
..\..\data\raw\asl_alphabet\train\B\B987.jpg,B,train
..\..\data\raw\asl_alphabet\train\H\H738.jpg,H,train
..\..\data\raw\asl_alphabet\train\K\K2137.jpg,K,train
..\..\data\raw\asl_alphabet\train\F\F2075.jpg,F,train
..\..\data\raw\asl_alphabet\train\W\W2565.jpg,W,train
..\..\data\raw\asl_alphabet\train\G\G801.jpg,G,train
..\..\data\raw\asl_alphabet\train\I\I884.jpg,I,train
..\..\data\raw\asl_alphabet\train\M\M2638.jpg,M,train
..\..\data\raw\asl_alphabet\train\T\T2524.jpg,T,train
..\..\data\raw\asl_alphabet\train\R\R674.jpg,R,train
..\..\data\raw\asl_alphabet\train\M\M1746.jpg,M,train
..\..\data\raw\asl_alphabet\train\P\P883.jpg,P,train
..\..\data\raw\asl_alphabet\train\del\del1709.jpg,del,train
..\..\data\raw\asl_alphabet\train\del\del388.jpg,del,train
..\..\data\raw\asl_alphabet\train\O\O366.jpg,O,train
..\..\data\raw\asl_alphabet\train\L\L2268.jpg,L,train
..\..\data\raw\asl_alphabet\train\W\W2820.jpg,W,train
..\..\data\raw\asl_alphabet\train\V\V1641.jpg,V,train
..\..\data\raw\asl_alphabet\train\M\M2832.jpg,M,train
..\..\data\raw\asl_alphabet\train\Z\Z2206.jpg,Z,train
..\..\data\raw\asl_alphabet\train\J\J2668.jpg,J,train
..\..\data\raw\asl_alphabet\train\I\I897.jpg,I,train
..\..\data\raw\asl_alphabet\train\B\B2382.jpg,B,train
..\..\data\raw\asl_alphabet\train\W\W2542.jpg,W,train
..\..\data\raw\asl_alphabet\train\space\space789.jpg,space,train
..\..\data\raw\asl_alphabet\train\I\I1017.jpg,I,train
..\..\data\raw\asl_alphabet\train\S\S1692.jpg,S,train
..\..\data\raw\asl_alphabet\train\nothing\nothing632.jpg,nothing,train
..\..\data\raw\asl_alphabet\train\S\S1780.jpg,S,train
..\..\data\raw\asl_alphabet\train\W\W354.jpg,W,train
..\..\data\raw\asl_alphabet\train\P\P1174.jpg,P,train
..\..\data\raw\asl_alphabet\train\J\J2509.jpg,J,train
..\..\data\raw\asl_alphabet\train\Y\Y1456.jpg,Y,train
..\..\data\raw\asl_alphabet\train\U\U1266.jpg,U,train
..\..\data\raw\asl_alphabet\train\I\I2923.jpg,I,train
..\..\data\raw\asl_alphabet\train\C\C2114.jpg,C,train
..\..\data\raw\asl_alphabet\train\L\L2564.jpg,L,train
..\..\data\raw\asl_alphabet\train\Z\Z1021.jpg,Z,train
..\..\data\raw\asl_alphabet\train\del\del826.jpg,del,train
..\..\data\raw\asl_alphabet\train\V\V2585.jpg,V,train
..\..\data\raw\asl_alphabet\train\C\C735.jpg,C,train
..\..\data\raw\asl_alphabet\train\M\M2886.jpg,M,train
..\..\data\raw\asl_alphabet\train\Q\Q2658.jpg,Q,train
..\..\data\raw\asl_alphabet\train\L\L477.jpg,L,train
..\..\data\raw\asl_alphabet\train\V\V2901.jpg,V,train
..\..\data\raw\asl_alphabet\train\Y\Y621.jpg,Y,train
..\..\data\raw\asl_alphabet\train\D\D2496.jpg,D,train
..\..\data\raw\asl_alphabet\train\P\P2750.jpg,P,train
..\..\data\raw\asl_alphabet\train\T\T777.jpg,T,train
..\..\data\raw\asl_alphabet\train\Y\Y1161.jpg,Y,train
..\..\data\raw\asl_alphabet\train\F\F96.jpg,F,train
..\..\data\raw\asl_alphabet\train\O\O2946.jpg,O,train
..\..\data\raw\asl_alphabet\train\R\R1823.jpg,R,train
..\..\data\raw\asl_alphabet\train\Y\Y2295.jpg,Y,train
..\..\data\raw\asl_alphabet\train\X\X1572.jpg,X,train
..\..\data\raw\asl_alphabet\train\C\C2747.jpg,C,train
..\..\data\raw\asl_alphabet\train\N\N1765.jpg,N,train
..\..\data\raw\asl_alphabet\train\E\E243.jpg,E,train
..\..\data\raw\asl_alphabet\train\V\V1452.jpg,V,train
..\..\data\raw\asl_alphabet\train\A\A2168.jpg,A,train
..\..\data\raw\asl_alphabet\train\J\J1668.jpg,J,train
..\..\data\raw\asl_alphabet\train\K\K2133.jpg,K,train
..\..\data\raw\asl_alphabet\train\nothing\nothing1444.jpg,nothing,train
..\..\data\raw\asl_alphabet\train\Q\Q2890.jpg,Q,train
..\..\data\raw\asl_alphabet\train\X\X2001.jpg,X,train
..\..\data\raw\asl_alphabet\train\N\N2187.jpg,N,train
..\..\data\raw\asl_alphabet\train\W\W83.jpg,W,train
..\..\data\raw\asl_alphabet\train\I\I1696.jpg,I,train
..\..\data\raw\asl_alphabet\train\L\L546.jpg,L,train
..\..\data\raw\asl_alphabet\train\space\space1665.jpg,space,train
..\..\data\raw\asl_alphabet\train\S\S1402.jpg,S,train
..\..\data\raw\asl_alphabet\train\D\D1875.jpg,D,train
..\..\data\raw\asl_alphabet\train\E\E947.jpg,E,train
..\..\data\raw\asl_alphabet\train\S\S162.jpg,S,train
..\..\data\raw\asl_alphabet\train\L\L2443.jpg,L,train
..\..\data\raw\asl_alphabet\train\K\K2288.jpg,K,train
..\..\data\raw\asl_alphabet\train\T\T1341.jpg,T,train
..\..\data\raw\asl_alphabet\train\C\C2941.jpg,C,train
..\..\data\raw\asl_alphabet\train\A\A616.jpg,A,train
..\..\data\raw\asl_alphabet\train\C\C1568.jpg,C,train
..\..\data\raw\asl_alphabet\train\O\O1536.jpg,O,train
..\..\data\raw\asl_alphabet\train\K\K2395.jpg,K,train
..\..\data\raw\asl_alphabet\train\del\del1947.jpg,del,train
..\..\data\raw\asl_alphabet\train\P\P2499.jpg,P,train
..\..\data\raw\asl_alphabet\train\R\R2144.jpg,R,train
..\..\data\raw\asl_alphabet\train\S\S645.jpg,S,train
..\..\data\raw\asl_alphabet\train\L\L1086.jpg,L,train
..\..\data\raw\asl_alphabet\train\W\W1284.jpg,W,train
..\..\data\raw\asl_alphabet\train\K\K1895.jpg,K,train
..\..\data\raw\asl_alphabet\train\del\del1163.jpg,del,train
..\..\data\raw\asl_alphabet\train\space\space2183.jpg,space,train
..\..\data\raw\asl_alphabet\train\A\A1289.jpg,A,train
..\..\data\raw\asl_alphabet\train\I\I2018.jpg,I,train
..\..\data\raw\asl_alphabet\train\R\R1771.jpg,R,train
..\..\data\raw\asl_alphabet\train\Z\Z1487.jpg,Z,train
..\..\data\raw\asl_alphabet\train\K\K721.jpg,K,train
..\..\data\raw\asl_alphabet\train\J\J1843.jpg,J,train
..\..\data\raw\asl_alphabet\train\I\I89.jpg,I,train
..\..\data\raw\asl_alphabet\train\X\X855.jpg,X,train
..\..\data\raw\asl_alphabet\train\R\R505.jpg,R,train
..\..\data\raw\asl_alphabet\train\F\F1250.jpg,F,train
..\..\data\raw\asl_alphabet\train\H\H2746.jpg,H,train
..\..\data\raw\asl_alphabet\train\O\O2454.jpg,O,train
..\..\data\raw\asl_alphabet\train\R\R2330.jpg,R,train
..\..\data\raw\asl_alphabet\train\I\I2896.jpg,I,train
..\..\data\raw\asl_alphabet\train\D\D1355.jpg,D,train
..\..\data\raw\asl_alphabet\train\E\E2173.jpg,E,train
..\..\data\raw\asl_alphabet\train\Z\Z639.jpg,Z,train
..\..\data\raw\asl_alphabet\train\I\I2781.jpg,I,train
..\..\data\raw\asl_alphabet\train\V\V1738.jpg,V,train
..\..\data\raw\asl_alphabet\train\C\C1205.jpg,C,train
..\..\data\raw\asl_alphabet\train\K\K1665.jpg,K,train
..\..\data\raw\asl_alphabet\train\J\J2655.jpg,J,train
..\..\data\raw\asl_alphabet\train\V\V1446.jpg,V,train
..\..\data\raw\asl_alphabet\train\D\D2328.jpg,D,train
..\..\data\raw\asl_alphabet\train\T\T83.jpg,T,train
..\..\data\raw\asl_alphabet\train\Z\Z2701.jpg,Z,train
..\..\data\raw\asl_alphabet\train\U\U1792.jpg,U,train
..\..\data\raw\asl_alphabet\train\T\T677.jpg,T,train
..\..\data\raw\asl_alphabet\train\X\X1121.jpg,X,train
..\..\data\raw\asl_alphabet\train\U\U1420.jpg,U,train
..\..\data\raw\asl_alphabet\train\V\V2315.jpg,V,train
..\..\data\raw\asl_alphabet\train\space\space2523.jpg,space,train
..\..\data\raw\asl_alphabet\train\W\W2571.jpg,W,train
..\..\data\raw\asl_alphabet\train\H\H674.jpg,H,train
..\..\data\raw\asl_alphabet\train\L\L728.jpg,L,train
..\..\data\raw\asl_alphabet\train\S\S838.jpg,S,train
..\..\data\raw\asl_alphabet\train\N\N978.jpg,N,train
..\..\data\raw\asl_alphabet\train\Q\Q596.jpg,Q,train
..\..\data\raw\asl_alphabet\train\P\P1210.jpg,P,train
..\..\data\raw\asl_alphabet\train\U\U175.jpg,U,train
..\..\data\raw\asl_alphabet\train\H\H1715.jpg,H,train
..\..\data\raw\asl_alphabet\train\H\H2394.jpg,H,train
..\..\data\raw\asl_alphabet\train\B\B2099.jpg,B,train
..\..\data\raw\asl_alphabet\train\X\X1726.jpg,X,train
..\..\data\raw\asl_alphabet\train\C\C1552.jpg,C,train
..\..\data\raw\asl_alphabet\train\nothing\nothing2199.jpg,nothing,train
..\..\data\raw\asl_alphabet\train\B\B710.jpg,B,train
..\..\data\raw\asl_alphabet\train\E\E1984.jpg,E,train
..\..\data\raw\asl_alphabet\train\N\N1737.jpg,N,train
..\..\data\raw\asl_alphabet\train\S\S1291.jpg,S,train
..\..\data\raw\asl_alphabet\train\del\del397.jpg,del,train
..\..\data\raw\asl_alphabet\train\X\X1513.jpg,X,train
..\..\data\raw\asl_alphabet\train\D\D693.jpg,D,train
..\..\data\raw\asl_alphabet\train\E\E1845.jpg,E,train
..\..\data\raw\asl_alphabet\train\L\L1128.jpg,L,train
..\..\data\raw\asl_alphabet\train\D\D1248.jpg,D,train
..\..\data\raw\asl_alphabet\train\Z\Z1470.jpg,Z,train
..\..\data\raw\asl_alphabet\train\F\F2635.jpg,F,train
..\..\data\raw\asl_alphabet\train\J\J901.jpg,J,train
..\..\data\raw\asl_alphabet\train\E\E2379.jpg,E,train
..\..\data\raw\asl_alphabet\train\H\H2465.jpg,H,train
..\..\data\raw\asl_alphabet\train\del\del2867.jpg,del,train
..\..\data\raw\asl_alphabet\train\Z\Z37.jpg,Z,train
..\..\data\raw\asl_alphabet\train\P\P2631.jpg,P,train
..\..\data\raw\asl_alphabet\train\E\E2502.jpg,E,train
..\..\data\raw\asl_alphabet\train\U\U2343.jpg,U,train
..\..\data\raw\asl_alphabet\train\Z\Z1695.jpg,Z,train
..\..\data\raw\asl_alphabet\train\Z\Z1410.jpg,Z,train
..\..\data\raw\asl_alphabet\train\R\R1043.jpg,R,train
..\..\data\raw\asl_alphabet\train\del\del2801.jpg,del,train
..\..\data\raw\asl_alphabet\train\Z\Z1946.jpg,Z,train
..\..\data\raw\asl_alphabet\train\nothing\nothing1643.jpg,nothing,train
..\..\data\raw\asl_alphabet\train\H\H381.jpg,H,train
..\..\data\raw\asl_alphabet\train\Z\Z2408.jpg,Z,train
..\..\data\raw\asl_alphabet\train\W\W2597.jpg,W,train
..\..\data\raw\asl_alphabet\train\del\del649.jpg,del,train
..\..\data\raw\asl_alphabet\train\D\D2619.jpg,D,train
..\..\data\raw\asl_alphabet\train\O\O579.jpg,O,train
..\..\data\raw\asl_alphabet\train\B\B1334.jpg,B,train
..\..\data\raw\asl_alphabet\train\Y\Y1901.jpg,Y,train
..\..\data\raw\asl_alphabet\train\G\G960.jpg,G,train
..\..\data\raw\asl_alphabet\train\U\U1170.jpg,U,train
..\..\data\raw\asl_alphabet\train\P\P2159.jpg,P,train
..\..\data\raw\asl_alphabet\train\G\G904.jpg,G,train
..\..\data\raw\asl_alphabet\train\T\T1246.jpg,T,train
..\..\data\raw\asl_alphabet\train\X\X56.jpg,X,train
..\..\data\raw\asl_alphabet\train\T\T1779.jpg,T,train
..\..\data\raw\asl_alphabet\train\W\W1855.jpg,W,train
..\..\data\raw\asl_alphabet\train\L\L2935.jpg,L,train
..\..\data\raw\asl_alphabet\train\W\W871.jpg,W,train
..\..\data\raw\asl_alphabet\train\K\K1597.jpg,K,train
..\..\data\raw\asl_alphabet\train\O\O2536.jpg,O,train
..\..\data\raw\asl_alphabet\train\G\G1274.jpg,G,train
..\..\data\raw\asl_alphabet\train\A\A2471.jpg,A,train
..\..\data\raw\asl_alphabet\train\N\N2537.jpg,N,train
..\..\data\raw\asl_alphabet\train\M\M2060.jpg,M,train
..\..\data\raw\asl_alphabet\train\I\I1623.jpg,I,train
..\..\data\raw\asl_alphabet\train\T\T2849.jpg,T,train
..\..\data\raw\asl_alphabet\train\L\L168.jpg,L,train
..\..\data\raw\asl_alphabet\train\space\space2735.jpg,space,train
..\..\data\raw\asl_alphabet\train\K\K1763.jpg,K,train
..\..\data\raw\asl_alphabet\train\U\U1308.jpg,U,train
..\..\data\raw\asl_alphabet\train\W\W1678.jpg,W,train
..\..\data\raw\asl_alphabet\train\M\M421.jpg,M,train
..\..\data\raw\asl_alphabet\train\G\G1287.jpg,G,train
..\..\data\raw\asl_alphabet\train\K\K975.jpg,K,train
..\..\data\raw\asl_alphabet\train\U\U1902.jpg,U,train
..\..\data\raw\asl_alphabet\train\J\J370.jpg,J,train
..\..\data\raw\asl_alphabet\train\T\T1900.jpg,T,train
..\..\data\raw\asl_alphabet\train\A\A368.jpg,A,train
..\..\data\raw\asl_alphabet\train\D\D1271.jpg,D,train
..\..\data\raw\asl_alphabet\train\D\D748.jpg,D,train
..\..\data\raw\asl_alphabet\train\Q\Q837.jpg,Q,train
..\..\data\raw\asl_alphabet\train\X\X173.jpg,X,train
..\..\data\raw\asl_alphabet\train\W\W708.jpg,W,train
..\..\data\raw\asl_alphabet\train\U\U1341.jpg,U,train
..\..\data\raw\asl_alphabet\train\R\R2531.jpg,R,train
..\..\data\raw\asl_alphabet\train\M\M2731.jpg,M,train
..\..\data\raw\asl_alphabet\train\F\F683.jpg,F,train
..\..\data\raw\asl_alphabet\train\U\U2010.jpg,U,train
..\..\data\raw\asl_alphabet\train\del\del310.jpg,del,train
..\..\data\raw\asl_alphabet\train\D\D993.jpg,D,train
..\..\data\raw\asl_alphabet\train\J\J2974.jpg,J,train
..\..\data\raw\asl_alphabet\train\U\U2821.jpg,U,train
..\..\data\raw\asl_alphabet\train\F\F1513.jpg,F,train
..\..\data\raw\asl_alphabet\train\V\V306.jpg,V,train
..\..\data\raw\asl_alphabet\train\V\V2834.jpg,V,train
..\..\data\raw\asl_alphabet\train\space\space40.jpg,space,train
..\..\data\raw\asl_alphabet\train\del\del1416.jpg,del,train
..\..\data\raw\asl_alphabet\train\V\V393.jpg,V,train
..\..\data\raw\asl_alphabet\train\W\W992.jpg,W,train
..\..\data\raw\asl_alphabet\train\T\T12.jpg,T,train
..\..\data\raw\asl_alphabet\train\space\space2783.jpg,space,train
..\..\data\raw\asl_alphabet\train\V\V564.jpg,V,train
..\..\data\raw\asl_alphabet\train\H\H1418.jpg,H,train
..\..\data\raw\asl_alphabet\train\G\G1320.jpg,G,train
..\..\data\raw\asl_alphabet\train\Z\Z2715.jpg,Z,train
..\..\data\raw\asl_alphabet\train\O\O2626.jpg,O,train
..\..\data\raw\asl_alphabet\train\P\P2044.jpg,P,train
..\..\data\raw\asl_alphabet\train\N\N2108.jpg,N,train
..\..\data\raw\asl_alphabet\train\S\S1816.jpg,S,train
..\..\data\raw\asl_alphabet\train\nothing\nothing2329.jpg,nothing,train
..\..\data\raw\asl_alphabet\train\G\G2427.jpg,G,train
..\..\data\raw\asl_alphabet\train\N\N2353.jpg,N,train
..\..\data\raw\asl_alphabet\train\J\J2615.jpg,J,train
..\..\data\raw\asl_alphabet\train\E\E2978.jpg,E,train
..\..\data\raw\asl_alphabet\train\A\A2711.jpg,A,train
..\..\data\raw\asl_alphabet\train\F\F438.jpg,F,train
..\..\data\raw\asl_alphabet\train\X\X203.jpg,X,train
..\..\data\raw\asl_alphabet\train\K\K1611.jpg,K,train
..\..\data\raw\asl_alphabet\train\space\space365.jpg,space,train
..\..\data\raw\asl_alphabet\train\E\E2366.jpg,E,train
..\..\data\raw\asl_alphabet\train\L\L1194.jpg,L,train
..\..\data\raw\asl_alphabet\train\N\N2035.jpg,N,train
..\..\data\raw\asl_alphabet\train\Y\Y2121.jpg,Y,train
..\..\data\raw\asl_alphabet\train\W\W1412.jpg,W,train
..\..\data\raw\asl_alphabet\train\X\X663.jpg,X,train
..\..\data\raw\asl_alphabet\train\T\T2962.jpg,T,train
..\..\data\raw\asl_alphabet\train\Q\Q2874.jpg,Q,train
..\..\data\raw\asl_alphabet\train\space\space1427.jpg,space,train
..\..\data\raw\asl_alphabet\train\I\I1156.jpg,I,train
..\..\data\raw\asl_alphabet\train\V\V323.jpg,V,train
..\..\data\raw\asl_alphabet\train\G\G256.jpg,G,train
..\..\data\raw\asl_alphabet\train\del\del2035.jpg,del,train
..\..\data\raw\asl_alphabet\train\nothing\nothing2687.jpg,nothing,train
..\..\data\raw\asl_alphabet\train\O\O1593.jpg,O,train
..\..\data\raw\asl_alphabet\train\C\C2638.jpg,C,train
..\..\data\raw\asl_alphabet\train\R\R986.jpg,R,train
..\..\data\raw\asl_alphabet\train\L\L2934.jpg,L,train
..\..\data\raw\asl_alphabet\train\nothing\nothing228.jpg,nothing,train
..\..\data\raw\asl_alphabet\train\N\N2831.jpg,N,train
..\..\data\raw\asl_alphabet\train\T\T1175.jpg,T,train
..\..\data\raw\asl_alphabet\train\E\E2652.jpg,E,train
..\..\data\raw\asl_alphabet\train\Y\Y638.jpg,Y,train
..\..\data\raw\asl_alphabet\train\M\M2049.jpg,M,train
..\..\data\raw\asl_alphabet\train\S\S2651.jpg,S,train
..\..\data\raw\asl_alphabet\train\B\B273.jpg,B,train
..\..\data\raw\asl_alphabet\train\P\P601.jpg,P,train
..\..\data\raw\asl_alphabet\train\del\del2039.jpg,del,train
..\..\data\raw\asl_alphabet\train\E\E2880.jpg,E,train
..\..\data\raw\asl_alphabet\train\T\T2406.jpg,T,train
..\..\data\raw\asl_alphabet\train\G\G2995.jpg,G,train
..\..\data\raw\asl_alphabet\train\P\P1219.jpg,P,train
..\..\data\raw\asl_alphabet\train\I\I2364.jpg,I,train
..\..\data\raw\asl_alphabet\train\W\W2628.jpg,W,train
..\..\data\raw\asl_alphabet\train\Q\Q2550.jpg,Q,train
..\..\data\raw\asl_alphabet\train\G\G387.jpg,G,train
..\..\data\raw\asl_alphabet\train\F\F1430.jpg,F,train
..\..\data\raw\asl_alphabet\train\E\E1095.jpg,E,train
..\..\data\raw\asl_alphabet\train\I\I1809.jpg,I,train
..\..\data\raw\asl_alphabet\train\Z\Z2965.jpg,Z,train
..\..\data\raw\asl_alphabet\train\H\H1972.jpg,H,train
..\..\data\raw\asl_alphabet\train\G\G2073.jpg,G,train
..\..\data\raw\asl_alphabet\train\K\K1760.jpg,K,train
..\..\data\raw\asl_alphabet\train\I\I2704.jpg,I,train
..\..\data\raw\asl_alphabet\train\F\F2701.jpg,F,train
..\..\data\raw\asl_alphabet\train\K\K1003.jpg,K,train
..\..\data\raw\asl_alphabet\train\nothing\nothing1793.jpg,nothing,train
..\..\data\raw\asl_alphabet\train\L\L596.jpg,L,train
..\..\data\raw\asl_alphabet\train\Q\Q955.jpg,Q,train
..\..\data\raw\asl_alphabet\train\nothing\nothing2048.jpg,nothing,train
..\..\data\raw\asl_alphabet\train\F\F1419.jpg,F,train
..\..\data\raw\asl_alphabet\train\K\K2242.jpg,K,train
..\..\data\raw\asl_alphabet\train\nothing\nothing1692.jpg,nothing,train
..\..\data\raw\asl_alphabet\train\K\K1493.jpg,K,train
..\..\data\raw\asl_alphabet\train\C\C2135.jpg,C,train
..\..\data\raw\asl_alphabet\train\S\S406.jpg,S,train
..\..\data\raw\asl_alphabet\train\M\M806.jpg,M,train
..\..\data\raw\asl_alphabet\train\U\U165.jpg,U,train
..\..\data\raw\asl_alphabet\train\M\M1670.jpg,M,train
..\..\data\raw\asl_alphabet\train\J\J723.jpg,J,train
..\..\data\raw\asl_alphabet\train\S\S193.jpg,S,train
..\..\data\raw\asl_alphabet\train\Y\Y909.jpg,Y,train
..\..\data\raw\asl_alphabet\train\B\B1341.jpg,B,train
..\..\data\raw\asl_alphabet\train\O\O2152.jpg,O,train
..\..\data\raw\asl_alphabet\train\B\B2956.jpg,B,train
..\..\data\raw\asl_alphabet\train\K\K1658.jpg,K,train
..\..\data\raw\asl_alphabet\train\Y\Y660.jpg,Y,train
..\..\data\raw\asl_alphabet\train\Z\Z2266.jpg,Z,train
..\..\data\raw\asl_alphabet\train\C\C2633.jpg,C,train
..\..\data\raw\asl_alphabet\train\I\I2718.jpg,I,train
..\..\data\raw\asl_alphabet\train\S\S1602.jpg,S,train
..\..\data\raw\asl_alphabet\train\I\I1852.jpg,I,train
..\..\data\raw\asl_alphabet\train\N\N1733.jpg,N,train
..\..\data\raw\asl_alphabet\train\X\X2213.jpg,X,train
..\..\data\raw\asl_alphabet\train\K\K722.jpg,K,train
..\..\data\raw\asl_alphabet\train\Y\Y2214.jpg,Y,train
..\..\data\raw\asl_alphabet\train\P\P332.jpg,P,train
..\..\data\raw\asl_alphabet\train\C\C783.jpg,C,train
..\..\data\raw\asl_alphabet\train\S\S1773.jpg,S,train
..\..\data\raw\asl_alphabet\train\K\K1558.jpg,K,train
..\..\data\raw\asl_alphabet\train\space\space2057.jpg,space,train
..\..\data\raw\asl_alphabet\train\M\M1069.jpg,M,train
..\..\data\raw\asl_alphabet\train\D\D2099.jpg,D,train
..\..\data\raw\asl_alphabet\train\E\E928.jpg,E,train
..\..\data\raw\asl_alphabet\train\X\X644.jpg,X,train
..\..\data\raw\asl_alphabet\train\space\space2943.jpg,space,train
..\..\data\raw\asl_alphabet\train\B\B1501.jpg,B,train
..\..\data\raw\asl_alphabet\train\R\R238.jpg,R,train
..\..\data\raw\asl_alphabet\train\H\H2930.jpg,H,train
..\..\data\raw\asl_alphabet\train\Y\Y452.jpg,Y,train
..\..\data\raw\asl_alphabet\train\V\V2341.jpg,V,train
..\..\data\raw\asl_alphabet\train\V\V1643.jpg,V,train
..\..\data\raw\asl_alphabet\train\E\E935.jpg,E,train
..\..\data\raw\asl_alphabet\train\S\S2351.jpg,S,train
..\..\data\raw\asl_alphabet\train\space\space555.jpg,space,train
..\..\data\raw\asl_alphabet\train\Y\Y2260.jpg,Y,train
..\..\data\raw\asl_alphabet\train\del\del2613.jpg,del,train
..\..\data\raw\asl_alphabet\train\M\M1296.jpg,M,train
..\..\data\raw\asl_alphabet\train\L\L1948.jpg,L,train
..\..\data\raw\asl_alphabet\train\Q\Q2665.jpg,Q,train
..\..\data\raw\asl_alphabet\train\V\V1370.jpg,V,train
..\..\data\raw\asl_alphabet\train\J\J2996.jpg,J,train
..\..\data\raw\asl_alphabet\train\T\T743.jpg,T,train
..\..\data\raw\asl_alphabet\train\J\J2832.jpg,J,train
..\..\data\raw\asl_alphabet\train\S\S671.jpg,S,train
..\..\data\raw\asl_alphabet\train\del\del2727.jpg,del,train
..\..\data\raw\asl_alphabet\train\K\K1283.jpg,K,train
..\..\data\raw\asl_alphabet\train\L\L1109.jpg,L,train
..\..\data\raw\asl_alphabet\train\W\W436.jpg,W,train
..\..\data\raw\asl_alphabet\train\R\R1481.jpg,R,train
..\..\data\raw\asl_alphabet\train\K\K2202.jpg,K,train
..\..\data\raw\asl_alphabet\train\V\V1001.jpg,V,train
..\..\data\raw\asl_alphabet\train\K\K168.jpg,K,train
..\..\data\raw\asl_alphabet\train\N\N40.jpg,N,train
..\..\data\raw\asl_alphabet\train\B\B1920.jpg,B,train
..\..\data\raw\asl_alphabet\train\B\B2502.jpg,B,train
..\..\data\raw\asl_alphabet\train\I\I2793.jpg,I,train
..\..\data\raw\asl_alphabet\train\U\U2551.jpg,U,train
..\..\data\raw\asl_alphabet\train\nothing\nothing2404.jpg,nothing,train
..\..\data\raw\asl_alphabet\train\C\C2056.jpg,C,train
..\..\data\raw\asl_alphabet\train\P\P482.jpg,P,train
..\..\data\raw\asl_alphabet\train\del\del280.jpg,del,train
..\..\data\raw\asl_alphabet\train\Z\Z2305.jpg,Z,train
..\..\data\raw\asl_alphabet\train\S\S568.jpg,S,train
..\..\data\raw\asl_alphabet\train\B\B1561.jpg,B,train
..\..\data\raw\asl_alphabet\train\G\G349.jpg,G,train
..\..\data\raw\asl_alphabet\train\B\B1307.jpg,B,train
..\..\data\raw\asl_alphabet\train\A\A2884.jpg,A,train
..\..\data\raw\asl_alphabet\train\R\R457.jpg,R,train
..\..\data\raw\asl_alphabet\train\O\O1701.jpg,O,train
..\..\data\raw\asl_alphabet\train\space\space1881.jpg,space,train
..\..\data\raw\asl_alphabet\train\Y\Y466.jpg,Y,train
..\..\data\raw\asl_alphabet\train\D\D1112.jpg,D,train
..\..\data\raw\asl_alphabet\train\P\P2318.jpg,P,train
..\..\data\raw\asl_alphabet\train\W\W2555.jpg,W,train
..\..\data\raw\asl_alphabet\train\U\U935.jpg,U,train
..\..\data\raw\asl_alphabet\train\M\M1148.jpg,M,train
..\..\data\raw\asl_alphabet\train\E\E2120.jpg,E,train
..\..\data\raw\asl_alphabet\train\F\F409.jpg,F,train
..\..\data\raw\asl_alphabet\train\H\H457.jpg,H,train
..\..\data\raw\asl_alphabet\train\S\S978.jpg,S,train
..\..\data\raw\asl_alphabet\train\space\space1889.jpg,space,train
..\..\data\raw\asl_alphabet\train\P\P1327.jpg,P,train
..\..\data\raw\asl_alphabet\train\C\C1789.jpg,C,train
..\..\data\raw\asl_alphabet\train\T\T397.jpg,T,train
..\..\data\raw\asl_alphabet\train\W\W113.jpg,W,train
..\..\data\raw\asl_alphabet\train\S\S2884.jpg,S,train
..\..\data\raw\asl_alphabet\train\B\B442.jpg,B,train
..\..\data\raw\asl_alphabet\train\F\F811.jpg,F,train
..\..\data\raw\asl_alphabet\train\E\E1686.jpg,E,train
..\..\data\raw\asl_alphabet\train\M\M2114.jpg,M,train
..\..\data\raw\asl_alphabet\train\A\A2670.jpg,A,train
..\..\data\raw\asl_alphabet\train\Z\Z493.jpg,Z,train
..\..\data\raw\asl_alphabet\train\Q\Q849.jpg,Q,train
..\..\data\raw\asl_alphabet\train\Y\Y2885.jpg,Y,train
..\..\data\raw\asl_alphabet\train\B\B102.jpg,B,train
..\..\data\raw\asl_alphabet\train\G\G833.jpg,G,train
..\..\data\raw\asl_alphabet\train\V\V646.jpg,V,train
..\..\data\raw\asl_alphabet\train\Z\Z2435.jpg,Z,train
..\..\data\raw\asl_alphabet\train\P\P416.jpg,P,train
..\..\data\raw\asl_alphabet\train\J\J858.jpg,J,train
..\..\data\raw\asl_alphabet\train\D\D1216.jpg,D,train
..\..\data\raw\asl_alphabet\train\W\W2029.jpg,W,train
..\..\data\raw\asl_alphabet\train\K\K1542.jpg,K,train
..\..\data\raw\asl_alphabet\train\R\R2535.jpg,R,train
..\..\data\raw\asl_alphabet\train\Y\Y2090.jpg,Y,train
..\..\data\raw\asl_alphabet\train\O\O1793.jpg,O,train
..\..\data\raw\asl_alphabet\train\A\A1972.jpg,A,train
..\..\data\raw\asl_alphabet\train\P\P359.jpg,P,train
..\..\data\raw\asl_alphabet\train\O\O2703.jpg,O,train
..\..\data\raw\asl_alphabet\train\L\L268.jpg,L,train
..\..\data\raw\asl_alphabet\train\L\L2774.jpg,L,train
..\..\data\raw\asl_alphabet\train\R\R2419.jpg,R,train
..\..\data\raw\asl_alphabet\train\Y\Y1044.jpg,Y,train
..\..\data\raw\asl_alphabet\train\U\U2587.jpg,U,train
..\..\data\raw\asl_alphabet\train\F\F1241.jpg,F,train
..\..\data\raw\asl_alphabet\train\Z\Z2685.jpg,Z,train
..\..\data\raw\asl_alphabet\train\B\B2983.jpg,B,train
..\..\data\raw\asl_alphabet\train\P\P1645.jpg,P,train
..\..\data\raw\asl_alphabet\train\N\N2341.jpg,N,train
..\..\data\raw\asl_alphabet\train\J\J557.jpg,J,train
..\..\data\raw\asl_alphabet\train\V\V1151.jpg,V,train
..\..\data\raw\asl_alphabet\train\del\del2660.jpg,del,train
..\..\data\raw\asl_alphabet\train\X\X331.jpg,X,train
..\..\data\raw\asl_alphabet\train\Z\Z1370.jpg,Z,train
..\..\data\raw\asl_alphabet\train\Q\Q975.jpg,Q,train
..\..\data\raw\asl_alphabet\train\A\A977.jpg,A,train
..\..\data\raw\asl_alphabet\train\U\U871.jpg,U,train
..\..\data\raw\asl_alphabet\train\F\F799.jpg,F,train
..\..\data\raw\asl_alphabet\train\Y\Y2928.jpg,Y,train
..\..\data\raw\asl_alphabet\train\L\L2012.jpg,L,train
..\..\data\raw\asl_alphabet\train\P\P1705.jpg,P,train
..\..\data\raw\asl_alphabet\train\space\space1685.jpg,space,train
..\..\data\raw\asl_alphabet\train\M\M687.jpg,M,train
..\..\data\raw\asl_alphabet\train\Z\Z786.jpg,Z,train
..\..\data\raw\asl_alphabet\train\S\S96.jpg,S,train
..\..\data\raw\asl_alphabet\train\A\A1808.jpg,A,train
..\..\data\raw\asl_alphabet\train\N\N66.jpg,N,train
..\..\data\raw\asl_alphabet\train\Y\Y2359.jpg,Y,train
..\..\data\raw\asl_alphabet\train\J\J2102.jpg,J,train
..\..\data\raw\asl_alphabet\train\K\K1857.jpg,K,train
..\..\data\raw\asl_alphabet\train\nothing\nothing295.jpg,nothing,train
..\..\data\raw\asl_alphabet\train\X\X629.jpg,X,train
..\..\data\raw\asl_alphabet\train\T\T2345.jpg,T,train
..\..\data\raw\asl_alphabet\train\X\X2859.jpg,X,train
..\..\data\raw\asl_alphabet\train\O\O2320.jpg,O,train
..\..\data\raw\asl_alphabet\train\D\D1219.jpg,D,train
..\..\data\raw\asl_alphabet\train\L\L825.jpg,L,train
..\..\data\raw\asl_alphabet\train\V\V1871.jpg,V,train
..\..\data\raw\asl_alphabet\train\T\T714.jpg,T,train
..\..\data\raw\asl_alphabet\train\C\C1137.jpg,C,train
..\..\data\raw\asl_alphabet\train\J\J76.jpg,J,train
..\..\data\raw\asl_alphabet\train\A\A2472.jpg,A,train
..\..\data\raw\asl_alphabet\train\del\del1574.jpg,del,train
..\..\data\raw\asl_alphabet\train\A\A2712.jpg,A,train
..\..\data\raw\asl_alphabet\train\N\N452.jpg,N,train
..\..\data\raw\asl_alphabet\train\I\I1969.jpg,I,train
..\..\data\raw\asl_alphabet\train\nothing\nothing2832.jpg,nothing,train
..\..\data\raw\asl_alphabet\train\C\C2868.jpg,C,train
..\..\data\raw\asl_alphabet\train\W\W2360.jpg,W,train
..\..\data\raw\asl_alphabet\train\P\P1507.jpg,P,train
..\..\data\raw\asl_alphabet\train\T\T44.jpg,T,train
..\..\data\raw\asl_alphabet\train\del\del2421.jpg,del,train
..\..\data\raw\asl_alphabet\train\T\T1387.jpg,T,train
..\..\data\raw\asl_alphabet\train\nothing\nothing1160.jpg,nothing,train
..\..\data\raw\asl_alphabet\train\B\B1255.jpg,B,train
..\..\data\raw\asl_alphabet\train\H\H430.jpg,H,train
..\..\data\raw\asl_alphabet\train\F\F1217.jpg,F,train
..\..\data\raw\asl_alphabet\train\S\S1851.jpg,S,train
..\..\data\raw\asl_alphabet\train\F\F995.jpg,F,train
..\..\data\raw\asl_alphabet\train\V\V812.jpg,V,train
..\..\data\raw\asl_alphabet\train\K\K492.jpg,K,train
..\..\data\raw\asl_alphabet\train\U\U869.jpg,U,train
..\..\data\raw\asl_alphabet\train\Z\Z2815.jpg,Z,train
..\..\data\raw\asl_alphabet\train\Y\Y1086.jpg,Y,train
..\..\data\raw\asl_alphabet\train\E\E2191.jpg,E,train
..\..\data\raw\asl_alphabet\train\M\M2044.jpg,M,train
..\..\data\raw\asl_alphabet\train\J\J2864.jpg,J,train
..\..\data\raw\asl_alphabet\train\Z\Z1832.jpg,Z,train
..\..\data\raw\asl_alphabet\train\T\T1162.jpg,T,train
..\..\data\raw\asl_alphabet\train\Q\Q1480.jpg,Q,train
..\..\data\raw\asl_alphabet\train\M\M676.jpg,M,train
..\..\data\raw\asl_alphabet\train\E\E1894.jpg,E,train
..\..\data\raw\asl_alphabet\train\S\S798.jpg,S,train
..\..\data\raw\asl_alphabet\train\N\N2740.jpg,N,train
..\..\data\raw\asl_alphabet\train\L\L1927.jpg,L,train
..\..\data\raw\asl_alphabet\train\E\E388.jpg,E,train
..\..\data\raw\asl_alphabet\train\O\O621.jpg,O,train
..\..\data\raw\asl_alphabet\train\E\E2858.jpg,E,train
..\..\data\raw\asl_alphabet\train\R\R1603.jpg,R,train
..\..\data\raw\asl_alphabet\train\Y\Y217.jpg,Y,train
..\..\data\raw\asl_alphabet\train\N\N653.jpg,N,train
..\..\data\raw\asl_alphabet\train\W\W2076.jpg,W,train
..\..\data\raw\asl_alphabet\train\J\J477.jpg,J,train
..\..\data\raw\asl_alphabet\train\T\T667.jpg,T,train
..\..\data\raw\asl_alphabet\train\J\J633.jpg,J,train
..\..\data\raw\asl_alphabet\train\Q\Q1474.jpg,Q,train
..\..\data\raw\asl_alphabet\train\U\U2960.jpg,U,train
..\..\data\raw\asl_alphabet\train\T\T2885.jpg,T,train
..\..\data\raw\asl_alphabet\train\J\J1279.jpg,J,train
..\..\data\raw\asl_alphabet\train\V\V229.jpg,V,train
..\..\data\raw\asl_alphabet\train\nothing\nothing1642.jpg,nothing,train
..\..\data\raw\asl_alphabet\train\E\E253.jpg,E,train
..\..\data\raw\asl_alphabet\train\S\S659.jpg,S,train
..\..\data\raw\asl_alphabet\train\I\I388.jpg,I,train
..\..\data\raw\asl_alphabet\train\C\C2956.jpg,C,train
..\..\data\raw\asl_alphabet\train\space\space2283.jpg,space,train
..\..\data\raw\asl_alphabet\train\L\L884.jpg,L,train
..\..\data\raw\asl_alphabet\train\O\O803.jpg,O,train
..\..\data\raw\asl_alphabet\train\W\W240.jpg,W,train
..\..\data\raw\asl_alphabet\train\W\W11.jpg,W,train
..\..\data\raw\asl_alphabet\train\Z\Z1305.jpg,Z,train
..\..\data\raw\asl_alphabet\train\M\M2280.jpg,M,train
..\..\data\raw\asl_alphabet\train\M\M257.jpg,M,train
..\..\data\raw\asl_alphabet\train\E\E1031.jpg,E,train
..\..\data\raw\asl_alphabet\train\P\P1742.jpg,P,train
..\..\data\raw\asl_alphabet\train\Q\Q645.jpg,Q,train
..\..\data\raw\asl_alphabet\train\T\T2838.jpg,T,train
..\..\data\raw\asl_alphabet\train\Q\Q2540.jpg,Q,train
..\..\data\raw\asl_alphabet\train\Q\Q163.jpg,Q,train
..\..\data\raw\asl_alphabet\train\N\N2306.jpg,N,train
..\..\data\raw\asl_alphabet\train\H\H2405.jpg,H,train
..\..\data\raw\asl_alphabet\train\X\X1310.jpg,X,train
..\..\data\raw\asl_alphabet\train\G\G1893.jpg,G,train
..\..\data\raw\asl_alphabet\train\H\H135.jpg,H,train
..\..\data\raw\asl_alphabet\train\K\K1677.jpg,K,train
..\..\data\raw\asl_alphabet\train\J\J1891.jpg,J,train
..\..\data\raw\asl_alphabet\train\A\A24.jpg,A,train
..\..\data\raw\asl_alphabet\train\X\X2681.jpg,X,train
..\..\data\raw\asl_alphabet\train\V\V657.jpg,V,train
..\..\data\raw\asl_alphabet\train\del\del1624.jpg,del,train
..\..\data\raw\asl_alphabet\train\N\N823.jpg,N,train
..\..\data\raw\asl_alphabet\train\F\F502.jpg,F,train
..\..\data\raw\asl_alphabet\train\S\S2100.jpg,S,train
..\..\data\raw\asl_alphabet\train\C\C1271.jpg,C,train
..\..\data\raw\asl_alphabet\train\D\D2132.jpg,D,train
..\..\data\raw\asl_alphabet\train\O\O881.jpg,O,train
..\..\data\raw\asl_alphabet\train\U\U2699.jpg,U,train
..\..\data\raw\asl_alphabet\train\D\D37.jpg,D,train
..\..\data\raw\asl_alphabet\train\D\D411.jpg,D,train
..\..\data\raw\asl_alphabet\train\J\J300.jpg,J,train
..\..\data\raw\asl_alphabet\train\Y\Y643.jpg,Y,train
..\..\data\raw\asl_alphabet\train\H\H1072.jpg,H,train
..\..\data\raw\asl_alphabet\train\C\C1922.jpg,C,train
..\..\data\raw\asl_alphabet\train\Q\Q2739.jpg,Q,train
..\..\data\raw\asl_alphabet\train\D\D2248.jpg,D,train
..\..\data\raw\asl_alphabet\train\S\S1079.jpg,S,train
..\..\data\raw\asl_alphabet\train\P\P1664.jpg,P,train
..\..\data\raw\asl_alphabet\train\Z\Z1053.jpg,Z,train
..\..\data\raw\asl_alphabet\train\H\H807.jpg,H,train
..\..\data\raw\asl_alphabet\train\R\R2840.jpg,R,train
..\..\data\raw\asl_alphabet\train\S\S41.jpg,S,train
..\..\data\raw\asl_alphabet\train\Q\Q465.jpg,Q,train
..\..\data\raw\asl_alphabet\train\A\A728.jpg,A,train
..\..\data\raw\asl_alphabet\train\P\P2880.jpg,P,train
..\..\data\raw\asl_alphabet\train\T\T1866.jpg,T,train
..\..\data\raw\asl_alphabet\train\O\O2141.jpg,O,train
..\..\data\raw\asl_alphabet\train\L\L1638.jpg,L,train
..\..\data\raw\asl_alphabet\train\U\U2169.jpg,U,train
..\..\data\raw\asl_alphabet\train\R\R1864.jpg,R,train
..\..\data\raw\asl_alphabet\train\R\R1804.jpg,R,train
..\..\data\raw\asl_alphabet\train\H\H2775.jpg,H,train
..\..\data\raw\asl_alphabet\train\S\S1630.jpg,S,train
..\..\data\raw\asl_alphabet\train\D\D2050.jpg,D,train
..\..\data\raw\asl_alphabet\train\del\del1519.jpg,del,train
..\..\data\raw\asl_alphabet\train\N\N2047.jpg,N,train
..\..\data\raw\asl_alphabet\train\F\F804.jpg,F,train
..\..\data\raw\asl_alphabet\train\K\K1588.jpg,K,train
..\..\data\raw\asl_alphabet\train\H\H1043.jpg,H,train
..\..\data\raw\asl_alphabet\train\F\F276.jpg,F,train
..\..\data\raw\asl_alphabet\train\S\S1319.jpg,S,train
..\..\data\raw\asl_alphabet\train\W\W192.jpg,W,train
..\..\data\raw\asl_alphabet\train\P\P1238.jpg,P,train
..\..\data\raw\asl_alphabet\train\Q\Q508.jpg,Q,train
..\..\data\raw\asl_alphabet\train\A\A2123.jpg,A,train
..\..\data\raw\asl_alphabet\train\S\S947.jpg,S,train
..\..\data\raw\asl_alphabet\train\J\J1698.jpg,J,train
..\..\data\raw\asl_alphabet\train\S\S1538.jpg,S,train
..\..\data\raw\asl_alphabet\train\W\W814.jpg,W,train
..\..\data\raw\asl_alphabet\train\F\F2034.jpg,F,train
..\..\data\raw\asl_alphabet\train\J\J2347.jpg,J,train
..\..\data\raw\asl_alphabet\train\A\A1541.jpg,A,train
..\..\data\raw\asl_alphabet\train\O\O489.jpg,O,train
..\..\data\raw\asl_alphabet\train\O\O1412.jpg,O,train
..\..\data\raw\asl_alphabet\train\K\K733.jpg,K,train
..\..\data\raw\asl_alphabet\train\C\C2406.jpg,C,train
..\..\data\raw\asl_alphabet\train\L\L723.jpg,L,train
..\..\data\raw\asl_alphabet\train\R\R43.jpg,R,train
..\..\data\raw\asl_alphabet\train\A\A347.jpg,A,train
..\..\data\raw\asl_alphabet\train\Y\Y1258.jpg,Y,train
..\..\data\raw\asl_alphabet\train\Q\Q1895.jpg,Q,train
..\..\data\raw\asl_alphabet\train\D\D275.jpg,D,train
..\..\data\raw\asl_alphabet\train\P\P2488.jpg,P,train
..\..\data\raw\asl_alphabet\train\Y\Y2696.jpg,Y,train
..\..\data\raw\asl_alphabet\train\del\del836.jpg,del,train
..\..\data\raw\asl_alphabet\train\space\space1975.jpg,space,train
..\..\data\raw\asl_alphabet\train\A\A1076.jpg,A,train
..\..\data\raw\asl_alphabet\train\G\G2996.jpg,G,train
..\..\data\raw\asl_alphabet\train\G\G1739.jpg,G,train
..\..\data\raw\asl_alphabet\train\N\N1232.jpg,N,train
..\..\data\raw\asl_alphabet\train\Q\Q1774.jpg,Q,train
..\..\data\raw\asl_alphabet\train\Z\Z713.jpg,Z,train
..\..\data\raw\asl_alphabet\train\M\M1400.jpg,M,train
..\..\data\raw\asl_alphabet\train\F\F1400.jpg,F,train
..\..\data\raw\asl_alphabet\train\V\V259.jpg,V,train
..\..\data\raw\asl_alphabet\train\I\I179.jpg,I,train
..\..\data\raw\asl_alphabet\train\D\D1518.jpg,D,train
..\..\data\raw\asl_alphabet\train\D\D1933.jpg,D,train
..\..\data\raw\asl_alphabet\train\L\L323.jpg,L,train
..\..\data\raw\asl_alphabet\train\J\J2630.jpg,J,train
..\..\data\raw\asl_alphabet\train\X\X1231.jpg,X,train
..\..\data\raw\asl_alphabet\train\U\U2829.jpg,U,train
..\..\data\raw\asl_alphabet\train\Y\Y2850.jpg,Y,train
..\..\data\raw\asl_alphabet\train\W\W906.jpg,W,train
..\..\data\raw\asl_alphabet\train\O\O2672.jpg,O,train
..\..\data\raw\asl_alphabet\train\H\H2372.jpg,H,train
..\..\data\raw\asl_alphabet\train\S\S2363.jpg,S,train
..\..\data\raw\asl_alphabet\train\K\K400.jpg,K,train
..\..\data\raw\asl_alphabet\train\G\G2838.jpg,G,train
..\..\data\raw\asl_alphabet\train\N\N1890.jpg,N,train
..\..\data\raw\asl_alphabet\train\U\U589.jpg,U,train
..\..\data\raw\asl_alphabet\train\S\S160.jpg,S,train
..\..\data\raw\asl_alphabet\train\nothing\nothing505.jpg,nothing,train
..\..\data\raw\asl_alphabet\train\L\L142.jpg,L,train
..\..\data\raw\asl_alphabet\train\P\P1407.jpg,P,train
..\..\data\raw\asl_alphabet\train\I\I1906.jpg,I,train
..\..\data\raw\asl_alphabet\train\Y\Y2752.jpg,Y,train
..\..\data\raw\asl_alphabet\train\C\C1289.jpg,C,train
..\..\data\raw\asl_alphabet\train\M\M1490.jpg,M,train
..\..\data\raw\asl_alphabet\train\nothing\nothing1092.jpg,nothing,train
..\..\data\raw\asl_alphabet\train\S\S537.jpg,S,train
..\..\data\raw\asl_alphabet\train\Y\Y644.jpg,Y,train
..\..\data\raw\asl_alphabet\train\Z\Z2910.jpg,Z,train
..\..\data\raw\asl_alphabet\train\nothing\nothing2976.jpg,nothing,train
..\..\data\raw\asl_alphabet\train\F\F954.jpg,F,train
..\..\data\raw\asl_alphabet\train\V\V2264.jpg,V,train
..\..\data\raw\asl_alphabet\train\G\G1821.jpg,G,train
..\..\data\raw\asl_alphabet\train\B\B2127.jpg,B,train
..\..\data\raw\asl_alphabet\train\Y\Y1558.jpg,Y,train
..\..\data\raw\asl_alphabet\train\N\N2556.jpg,N,train
..\..\data\raw\asl_alphabet\train\X\X2804.jpg,X,train
..\..\data\raw\asl_alphabet\train\L\L990.jpg,L,train
..\..\data\raw\asl_alphabet\train\H\H2012.jpg,H,train
..\..\data\raw\asl_alphabet\train\S\S212.jpg,S,train
..\..\data\raw\asl_alphabet\train\J\J2913.jpg,J,train
..\..\data\raw\asl_alphabet\train\S\S332.jpg,S,train
..\..\data\raw\asl_alphabet\train\N\N681.jpg,N,train
..\..\data\raw\asl_alphabet\train\X\X569.jpg,X,train
..\..\data\raw\asl_alphabet\train\H\H1963.jpg,H,train
..\..\data\raw\asl_alphabet\train\V\V1407.jpg,V,train
..\..\data\raw\asl_alphabet\train\G\G1210.jpg,G,train
..\..\data\raw\asl_alphabet\train\N\N730.jpg,N,train
..\..\data\raw\asl_alphabet\train\B\B2733.jpg,B,train
..\..\data\raw\asl_alphabet\train\F\F263.jpg,F,train
..\..\data\raw\asl_alphabet\train\L\L1615.jpg,L,train
..\..\data\raw\asl_alphabet\train\C\C1668.jpg,C,train
..\..\data\raw\asl_alphabet\train\nothing\nothing1394.jpg,nothing,train
..\..\data\raw\asl_alphabet\train\A\A1116.jpg,A,train
..\..\data\raw\asl_alphabet\train\nothing\nothing1455.jpg,nothing,train
..\..\data\raw\asl_alphabet\train\O\O1734.jpg,O,train
..\..\data\raw\asl_alphabet\train\W\W895.jpg,W,train
..\..\data\raw\asl_alphabet\train\B\B1531.jpg,B,train
..\..\data\raw\asl_alphabet\train\T\T250.jpg,T,train
..\..\data\raw\asl_alphabet\train\M\M1059.jpg,M,train
..\..\data\raw\asl_alphabet\train\V\V1995.jpg,V,train
..\..\data\raw\asl_alphabet\train\R\R1856.jpg,R,train
..\..\data\raw\asl_alphabet\train\P\P848.jpg,P,train
..\..\data\raw\asl_alphabet\train\H\H2221.jpg,H,train
..\..\data\raw\asl_alphabet\train\T\T1144.jpg,T,train
..\..\data\raw\asl_alphabet\train\del\del1069.jpg,del,train
..\..\data\raw\asl_alphabet\train\N\N1354.jpg,N,train
..\..\data\raw\asl_alphabet\train\O\O166.jpg,O,train
..\..\data\raw\asl_alphabet\train\S\S19.jpg,S,train
..\..\data\raw\asl_alphabet\train\B\B1943.jpg,B,train
..\..\data\raw\asl_alphabet\train\K\K2472.jpg,K,train
..\..\data\raw\asl_alphabet\train\B\B1419.jpg,B,train
..\..\data\raw\asl_alphabet\train\A\A886.jpg,A,train
..\..\data\raw\asl_alphabet\train\A\A498.jpg,A,train
..\..\data\raw\asl_alphabet\train\R\R2006.jpg,R,train
..\..\data\raw\asl_alphabet\train\X\X1683.jpg,X,train
..\..\data\raw\asl_alphabet\train\W\W2657.jpg,W,train
..\..\data\raw\asl_alphabet\train\del\del2507.jpg,del,train
..\..\data\raw\asl_alphabet\train\Y\Y2459.jpg,Y,train
..\..\data\raw\asl_alphabet\train\O\O258.jpg,O,train
..\..\data\raw\asl_alphabet\train\nothing\nothing687.jpg,nothing,train
..\..\data\raw\asl_alphabet\train\A\A2147.jpg,A,train
..\..\data\raw\asl_alphabet\train\J\J2524.jpg,J,train
..\..\data\raw\asl_alphabet\train\del\del2909.jpg,del,train
..\..\data\raw\asl_alphabet\train\R\R2018.jpg,R,train
..\..\data\raw\asl_alphabet\train\K\K1415.jpg,K,train
..\..\data\raw\asl_alphabet\train\O\O1280.jpg,O,train
..\..\data\raw\asl_alphabet\train\F\F662.jpg,F,train
..\..\data\raw\asl_alphabet\train\U\U2610.jpg,U,train
..\..\data\raw\asl_alphabet\train\K\K1636.jpg,K,train
..\..\data\raw\asl_alphabet\train\G\G94.jpg,G,train
..\..\data\raw\asl_alphabet\train\Y\Y2251.jpg,Y,train
..\..\data\raw\asl_alphabet\train\U\U2049.jpg,U,train
..\..\data\raw\asl_alphabet\train\E\E999.jpg,E,train
..\..\data\raw\asl_alphabet\train\M\M1146.jpg,M,train
..\..\data\raw\asl_alphabet\train\nothing\nothing2035.jpg,nothing,train
..\..\data\raw\asl_alphabet\train\del\del25.jpg,del,train
..\..\data\raw\asl_alphabet\train\I\I473.jpg,I,train
..\..\data\raw\asl_alphabet\train\L\L2378.jpg,L,train
..\..\data\raw\asl_alphabet\train\A\A197.jpg,A,train
..\..\data\raw\asl_alphabet\train\K\K2045.jpg,K,train
..\..\data\raw\asl_alphabet\train\V\V1626.jpg,V,train
..\..\data\raw\asl_alphabet\train\W\W1466.jpg,W,train
..\..\data\raw\asl_alphabet\train\del\del37.jpg,del,train
..\..\data\raw\asl_alphabet\train\D\D533.jpg,D,train
..\..\data\raw\asl_alphabet\train\Z\Z2686.jpg,Z,train
..\..\data\raw\asl_alphabet\train\A\A791.jpg,A,train
..\..\data\raw\asl_alphabet\train\nothing\nothing1127.jpg,nothing,train
..\..\data\raw\asl_alphabet\train\H\H543.jpg,H,train
..\..\data\raw\asl_alphabet\train\I\I2873.jpg,I,train
..\..\data\raw\asl_alphabet\train\E\E448.jpg,E,train
..\..\data\raw\asl_alphabet\train\S\S171.jpg,S,train
..\..\data\raw\asl_alphabet\train\J\J157.jpg,J,train
..\..\data\raw\asl_alphabet\train\U\U259.jpg,U,train
..\..\data\raw\asl_alphabet\train\B\B434.jpg,B,train
..\..\data\raw\asl_alphabet\train\M\M2575.jpg,M,train
..\..\data\raw\asl_alphabet\train\A\A1423.jpg,A,train
..\..\data\raw\asl_alphabet\train\B\B2808.jpg,B,train
..\..\data\raw\asl_alphabet\train\N\N704.jpg,N,train
..\..\data\raw\asl_alphabet\train\P\P2544.jpg,P,train
..\..\data\raw\asl_alphabet\train\D\D2737.jpg,D,train
..\..\data\raw\asl_alphabet\train\K\K339.jpg,K,train
..\..\data\raw\asl_alphabet\train\V\V2605.jpg,V,train
..\..\data\raw\asl_alphabet\train\S\S2369.jpg,S,train
..\..\data\raw\asl_alphabet\train\M\M1294.jpg,M,train
..\..\data\raw\asl_alphabet\train\B\B2803.jpg,B,train
..\..\data\raw\asl_alphabet\train\T\T1831.jpg,T,train
..\..\data\raw\asl_alphabet\train\A\A126.jpg,A,train
..\..\data\raw\asl_alphabet\train\U\U2187.jpg,U,train
..\..\data\raw\asl_alphabet\train\F\F535.jpg,F,train
..\..\data\raw\asl_alphabet\train\S\S2815.jpg,S,train
..\..\data\raw\asl_alphabet\train\K\K871.jpg,K,train
..\..\data\raw\asl_alphabet\train\Z\Z945.jpg,Z,train
..\..\data\raw\asl_alphabet\train\K\K2696.jpg,K,train
..\..\data\raw\asl_alphabet\train\Z\Z1953.jpg,Z,train
..\..\data\raw\asl_alphabet\train\K\K1508.jpg,K,train
..\..\data\raw\asl_alphabet\train\V\V1447.jpg,V,train
..\..\data\raw\asl_alphabet\train\F\F641.jpg,F,train
..\..\data\raw\asl_alphabet\train\nothing\nothing626.jpg,nothing,train
..\..\data\raw\asl_alphabet\train\R\R2574.jpg,R,train
..\..\data\raw\asl_alphabet\train\U\U926.jpg,U,train
..\..\data\raw\asl_alphabet\train\G\G1756.jpg,G,train
..\..\data\raw\asl_alphabet\train\A\A2606.jpg,A,train
..\..\data\raw\asl_alphabet\train\Z\Z2999.jpg,Z,train
..\..\data\raw\asl_alphabet\train\U\U464.jpg,U,train
..\..\data\raw\asl_alphabet\train\S\S2230.jpg,S,train
..\..\data\raw\asl_alphabet\train\B\B1546.jpg,B,train
..\..\data\raw\asl_alphabet\train\del\del2889.jpg,del,train
..\..\data\raw\asl_alphabet\train\A\A101.jpg,A,train
..\..\data\raw\asl_alphabet\train\H\H2560.jpg,H,train
..\..\data\raw\asl_alphabet\train\space\space848.jpg,space,train
..\..\data\raw\asl_alphabet\train\I\I942.jpg,I,train
..\..\data\raw\asl_alphabet\train\N\N572.jpg,N,train
..\..\data\raw\asl_alphabet\train\O\O1670.jpg,O,train
..\..\data\raw\asl_alphabet\train\space\space2221.jpg,space,train
..\..\data\raw\asl_alphabet\train\P\P2456.jpg,P,train
..\..\data\raw\asl_alphabet\train\F\F2979.jpg,F,train
..\..\data\raw\asl_alphabet\train\B\B425.jpg,B,train
..\..\data\raw\asl_alphabet\train\nothing\nothing2201.jpg,nothing,train
..\..\data\raw\asl_alphabet\train\Q\Q404.jpg,Q,train
..\..\data\raw\asl_alphabet\train\W\W109.jpg,W,train
..\..\data\raw\asl_alphabet\train\C\C2085.jpg,C,train
..\..\data\raw\asl_alphabet\train\Z\Z2079.jpg,Z,train
..\..\data\raw\asl_alphabet\train\Z\Z1726.jpg,Z,train
..\..\data\raw\asl_alphabet\train\N\N1647.jpg,N,train
..\..\data\raw\asl_alphabet\train\nothing\nothing876.jpg,nothing,train
..\..\data\raw\asl_alphabet\train\E\E2784.jpg,E,train
..\..\data\raw\asl_alphabet\train\D\D413.jpg,D,train
..\..\data\raw\asl_alphabet\train\W\W46.jpg,W,train
..\..\data\raw\asl_alphabet\train\T\T1748.jpg,T,train
..\..\data\raw\asl_alphabet\train\K\K2196.jpg,K,train
..\..\data\raw\asl_alphabet\train\F\F1694.jpg,F,train
..\..\data\raw\asl_alphabet\train\Z\Z402.jpg,Z,train
..\..\data\raw\asl_alphabet\train\nothing\nothing879.jpg,nothing,train
..\..\data\raw\asl_alphabet\train\B\B2731.jpg,B,train
..\..\data\raw\asl_alphabet\train\Y\Y1042.jpg,Y,train
..\..\data\raw\asl_alphabet\train\N\N2925.jpg,N,train
..\..\data\raw\asl_alphabet\train\F\F1089.jpg,F,train
..\..\data\raw\asl_alphabet\train\nothing\nothing2484.jpg,nothing,train
..\..\data\raw\asl_alphabet\train\X\X85.jpg,X,train
..\..\data\raw\asl_alphabet\train\U\U2779.jpg,U,train
..\..\data\raw\asl_alphabet\train\del\del677.jpg,del,train
..\..\data\raw\asl_alphabet\train\Z\Z2904.jpg,Z,train
..\..\data\raw\asl_alphabet\train\H\H816.jpg,H,train
..\..\data\raw\asl_alphabet\train\O\O1674.jpg,O,train
..\..\data\raw\asl_alphabet\train\P\P2961.jpg,P,train
..\..\data\raw\asl_alphabet\train\del\del557.jpg,del,train
..\..\data\raw\asl_alphabet\train\Q\Q1698.jpg,Q,train
..\..\data\raw\asl_alphabet\train\C\C52.jpg,C,train
..\..\data\raw\asl_alphabet\train\L\L1409.jpg,L,train
..\..\data\raw\asl_alphabet\train\space\space2295.jpg,space,train
..\..\data\raw\asl_alphabet\train\G\G2779.jpg,G,train
..\..\data\raw\asl_alphabet\train\B\B329.jpg,B,train
..\..\data\raw\asl_alphabet\train\Q\Q335.jpg,Q,train
..\..\data\raw\asl_alphabet\train\P\P1164.jpg,P,train
..\..\data\raw\asl_alphabet\train\M\M1817.jpg,M,train
..\..\data\raw\asl_alphabet\train\Z\Z1092.jpg,Z,train
..\..\data\raw\asl_alphabet\train\P\P2184.jpg,P,train
..\..\data\raw\asl_alphabet\train\C\C883.jpg,C,train
..\..\data\raw\asl_alphabet\train\T\T900.jpg,T,train
..\..\data\raw\asl_alphabet\train\P\P163.jpg,P,train
..\..\data\raw\asl_alphabet\train\L\L2811.jpg,L,train
..\..\data\raw\asl_alphabet\train\J\J2435.jpg,J,train
..\..\data\raw\asl_alphabet\train\L\L2196.jpg,L,train
..\..\data\raw\asl_alphabet\train\G\G2008.jpg,G,train
..\..\data\raw\asl_alphabet\train\V\V1838.jpg,V,train
..\..\data\raw\asl_alphabet\train\D\D2347.jpg,D,train
..\..\data\raw\asl_alphabet\train\X\X1197.jpg,X,train
..\..\data\raw\asl_alphabet\train\K\K2734.jpg,K,train
..\..\data\raw\asl_alphabet\train\G\G1733.jpg,G,train
..\..\data\raw\asl_alphabet\train\T\T2827.jpg,T,train
..\..\data\raw\asl_alphabet\train\E\E591.jpg,E,train
..\..\data\raw\asl_alphabet\train\E\E2103.jpg,E,train
..\..\data\raw\asl_alphabet\train\N\N2211.jpg,N,train
..\..\data\raw\asl_alphabet\train\I\I2486.jpg,I,train
..\..\data\raw\asl_alphabet\train\X\X1618.jpg,X,train
..\..\data\raw\asl_alphabet\train\F\F911.jpg,F,train
..\..\data\raw\asl_alphabet\train\P\P963.jpg,P,train
..\..\data\raw\asl_alphabet\train\nothing\nothing2778.jpg,nothing,train
..\..\data\raw\asl_alphabet\train\T\T1203.jpg,T,train
..\..\data\raw\asl_alphabet\train\M\M2184.jpg,M,train
..\..\data\raw\asl_alphabet\train\V\V1511.jpg,V,train
..\..\data\raw\asl_alphabet\train\W\W1872.jpg,W,train
..\..\data\raw\asl_alphabet\train\H\H795.jpg,H,train
..\..\data\raw\asl_alphabet\train\B\B2187.jpg,B,train
..\..\data\raw\asl_alphabet\train\A\A1787.jpg,A,train
..\..\data\raw\asl_alphabet\train\N\N1664.jpg,N,train
..\..\data\raw\asl_alphabet\train\Y\Y2615.jpg,Y,train
..\..\data\raw\asl_alphabet\train\F\F63.jpg,F,train
..\..\data\raw\asl_alphabet\train\R\R2394.jpg,R,train
..\..\data\raw\asl_alphabet\train\R\R1558.jpg,R,train
..\..\data\raw\asl_alphabet\train\P\P1100.jpg,P,train
..\..\data\raw\asl_alphabet\train\I\I1646.jpg,I,train
..\..\data\raw\asl_alphabet\train\B\B2836.jpg,B,train
..\..\data\raw\asl_alphabet\train\P\P1594.jpg,P,train
..\..\data\raw\asl_alphabet\train\O\O1327.jpg,O,train
..\..\data\raw\asl_alphabet\train\A\A29.jpg,A,train
..\..\data\raw\asl_alphabet\train\Y\Y1473.jpg,Y,train
..\..\data\raw\asl_alphabet\train\O\O2155.jpg,O,train
..\..\data\raw\asl_alphabet\train\U\U1457.jpg,U,train
..\..\data\raw\asl_alphabet\train\Z\Z1340.jpg,Z,train
..\..\data\raw\asl_alphabet\train\space\space2335.jpg,space,train
..\..\data\raw\asl_alphabet\train\C\C2301.jpg,C,train
..\..\data\raw\asl_alphabet\train\Q\Q1541.jpg,Q,train
..\..\data\raw\asl_alphabet\train\N\N1864.jpg,N,train
..\..\data\raw\asl_alphabet\train\nothing\nothing2458.jpg,nothing,train
..\..\data\raw\asl_alphabet\train\H\H1487.jpg,H,train
..\..\data\raw\asl_alphabet\train\M\M2714.jpg,M,train
..\..\data\raw\asl_alphabet\train\C\C2709.jpg,C,train
..\..\data\raw\asl_alphabet\train\G\G2233.jpg,G,train
..\..\data\raw\asl_alphabet\train\Y\Y969.jpg,Y,train
..\..\data\raw\asl_alphabet\train\space\space959.jpg,space,train
..\..\data\raw\asl_alphabet\train\T\T568.jpg,T,train
..\..\data\raw\asl_alphabet\train\H\H1405.jpg,H,train
..\..\data\raw\asl_alphabet\train\E\E2640.jpg,E,train
..\..\data\raw\asl_alphabet\train\S\S231.jpg,S,train
..\..\data\raw\asl_alphabet\train\Z\Z367.jpg,Z,train
..\..\data\raw\asl_alphabet\train\A\A603.jpg,A,train
..\..\data\raw\asl_alphabet\train\M\M2776.jpg,M,train
..\..\data\raw\asl_alphabet\train\V\V2738.jpg,V,train
..\..\data\raw\asl_alphabet\train\H\H2917.jpg,H,train
..\..\data\raw\asl_alphabet\train\P\P656.jpg,P,train
..\..\data\raw\asl_alphabet\train\E\E550.jpg,E,train
..\..\data\raw\asl_alphabet\train\Z\Z1332.jpg,Z,train
..\..\data\raw\asl_alphabet\train\J\J2326.jpg,J,train
..\..\data\raw\asl_alphabet\train\D\D668.jpg,D,train
..\..\data\raw\asl_alphabet\train\L\L1504.jpg,L,train
..\..\data\raw\asl_alphabet\train\G\G1837.jpg,G,train
..\..\data\raw\asl_alphabet\train\V\V557.jpg,V,train
..\..\data\raw\asl_alphabet\train\R\R1436.jpg,R,train
..\..\data\raw\asl_alphabet\train\nothing\nothing2740.jpg,nothing,train
..\..\data\raw\asl_alphabet\train\O\O2224.jpg,O,train
..\..\data\raw\asl_alphabet\train\H\H580.jpg,H,train
..\..\data\raw\asl_alphabet\train\C\C2000.jpg,C,train
..\..\data\raw\asl_alphabet\train\S\S621.jpg,S,train
..\..\data\raw\asl_alphabet\train\space\space2304.jpg,space,train
..\..\data\raw\asl_alphabet\train\Q\Q830.jpg,Q,train
..\..\data\raw\asl_alphabet\train\P\P236.jpg,P,train
..\..\data\raw\asl_alphabet\train\X\X177.jpg,X,train
..\..\data\raw\asl_alphabet\train\nothing\nothing335.jpg,nothing,train
..\..\data\raw\asl_alphabet\train\F\F2385.jpg,F,train
..\..\data\raw\asl_alphabet\train\F\F2000.jpg,F,train
..\..\data\raw\asl_alphabet\train\B\B1168.jpg,B,train
..\..\data\raw\asl_alphabet\train\L\L979.jpg,L,train
..\..\data\raw\asl_alphabet\train\G\G74.jpg,G,train
..\..\data\raw\asl_alphabet\train\V\V1540.jpg,V,train
..\..\data\raw\asl_alphabet\train\O\O954.jpg,O,train
..\..\data\raw\asl_alphabet\train\space\space287.jpg,space,train
..\..\data\raw\asl_alphabet\train\Z\Z2752.jpg,Z,train
..\..\data\raw\asl_alphabet\train\M\M1755.jpg,M,train
..\..\data\raw\asl_alphabet\train\W\W101.jpg,W,train
..\..\data\raw\asl_alphabet\train\M\M693.jpg,M,train
..\..\data\raw\asl_alphabet\train\T\T2629.jpg,T,train
..\..\data\raw\asl_alphabet\train\U\U1636.jpg,U,train
..\..\data\raw\asl_alphabet\train\K\K73.jpg,K,train
..\..\data\raw\asl_alphabet\train\H\H1471.jpg,H,train
..\..\data\raw\asl_alphabet\train\G\G575.jpg,G,train
..\..\data\raw\asl_alphabet\train\B\B1976.jpg,B,train
..\..\data\raw\asl_alphabet\train\T\T721.jpg,T,train
..\..\data\raw\asl_alphabet\train\B\B2475.jpg,B,train
..\..\data\raw\asl_alphabet\train\X\X1685.jpg,X,train
..\..\data\raw\asl_alphabet\train\B\B1098.jpg,B,train
..\..\data\raw\asl_alphabet\train\del\del2701.jpg,del,train
..\..\data\raw\asl_alphabet\train\U\U743.jpg,U,train
..\..\data\raw\asl_alphabet\train\W\W1318.jpg,W,train
..\..\data\raw\asl_alphabet\train\E\E1987.jpg,E,train
..\..\data\raw\asl_alphabet\train\W\W927.jpg,W,train
..\..\data\raw\asl_alphabet\train\Y\Y754.jpg,Y,train
..\..\data\raw\asl_alphabet\train\H\H338.jpg,H,train
..\..\data\raw\asl_alphabet\train\Y\Y2372.jpg,Y,train
..\..\data\raw\asl_alphabet\train\T\T2241.jpg,T,train
..\..\data\raw\asl_alphabet\train\Z\Z1672.jpg,Z,train
..\..\data\raw\asl_alphabet\train\E\E2056.jpg,E,train
..\..\data\raw\asl_alphabet\train\X\X272.jpg,X,train
..\..\data\raw\asl_alphabet\train\U\U2944.jpg,U,train
..\..\data\raw\asl_alphabet\train\F\F2277.jpg,F,train
..\..\data\raw\asl_alphabet\train\C\C1561.jpg,C,train
..\..\data\raw\asl_alphabet\train\del\del654.jpg,del,train
..\..\data\raw\asl_alphabet\train\X\X2209.jpg,X,train
..\..\data\raw\asl_alphabet\train\C\C2628.jpg,C,train
..\..\data\raw\asl_alphabet\train\H\H2326.jpg,H,train
..\..\data\raw\asl_alphabet\train\N\N2080.jpg,N,train
..\..\data\raw\asl_alphabet\train\W\W2789.jpg,W,train
..\..\data\raw\asl_alphabet\train\G\G1635.jpg,G,train
..\..\data\raw\asl_alphabet\train\R\R1859.jpg,R,train
..\..\data\raw\asl_alphabet\train\Z\Z1642.jpg,Z,train
..\..\data\raw\asl_alphabet\train\K\K704.jpg,K,train
..\..\data\raw\asl_alphabet\train\K\K1740.jpg,K,train
..\..\data\raw\asl_alphabet\train\J\J2789.jpg,J,train
..\..\data\raw\asl_alphabet\train\C\C1569.jpg,C,train
..\..\data\raw\asl_alphabet\train\Z\Z2188.jpg,Z,train
..\..\data\raw\asl_alphabet\train\K\K2047.jpg,K,train
..\..\data\raw\asl_alphabet\train\C\C748.jpg,C,train
..\..\data\raw\asl_alphabet\train\Z\Z2529.jpg,Z,train
..\..\data\raw\asl_alphabet\train\K\K1021.jpg,K,train
..\..\data\raw\asl_alphabet\train\K\K2664.jpg,K,train
..\..\data\raw\asl_alphabet\train\Z\Z118.jpg,Z,train
..\..\data\raw\asl_alphabet\train\H\H1128.jpg,H,train
..\..\data\raw\asl_alphabet\train\V\V2012.jpg,V,train
..\..\data\raw\asl_alphabet\train\S\S250.jpg,S,train
..\..\data\raw\asl_alphabet\train\J\J1981.jpg,J,train
..\..\data\raw\asl_alphabet\train\L\L1875.jpg,L,train
..\..\data\raw\asl_alphabet\train\B\B523.jpg,B,train
..\..\data\raw\asl_alphabet\train\Q\Q657.jpg,Q,train
..\..\data\raw\asl_alphabet\train\W\W1207.jpg,W,train
..\..\data\raw\asl_alphabet\train\M\M985.jpg,M,train
..\..\data\raw\asl_alphabet\train\Q\Q2869.jpg,Q,train
..\..\data\raw\asl_alphabet\train\L\L2765.jpg,L,train
..\..\data\raw\asl_alphabet\train\E\E1435.jpg,E,train
..\..\data\raw\asl_alphabet\train\del\del2706.jpg,del,train
..\..\data\raw\asl_alphabet\train\I\I1726.jpg,I,train
..\..\data\raw\asl_alphabet\train\M\M354.jpg,M,train
..\..\data\raw\asl_alphabet\train\G\G916.jpg,G,train
..\..\data\raw\asl_alphabet\train\T\T1853.jpg,T,train
..\..\data\raw\asl_alphabet\train\M\M1866.jpg,M,train
..\..\data\raw\asl_alphabet\train\D\D951.jpg,D,train
..\..\data\raw\asl_alphabet\train\N\N1736.jpg,N,train
..\..\data\raw\asl_alphabet\train\G\G2688.jpg,G,train
..\..\data\raw\asl_alphabet\train\K\K1956.jpg,K,train
..\..\data\raw\asl_alphabet\train\V\V191.jpg,V,train
..\..\data\raw\asl_alphabet\train\I\I290.jpg,I,train
..\..\data\raw\asl_alphabet\train\S\S2065.jpg,S,train
..\..\data\raw\asl_alphabet\train\space\space479.jpg,space,train
..\..\data\raw\asl_alphabet\train\F\F2977.jpg,F,train
..\..\data\raw\asl_alphabet\train\D\D40.jpg,D,train
..\..\data\raw\asl_alphabet\train\T\T856.jpg,T,train
..\..\data\raw\asl_alphabet\train\Y\Y2337.jpg,Y,train
..\..\data\raw\asl_alphabet\train\R\R1078.jpg,R,train
..\..\data\raw\asl_alphabet\train\O\O2411.jpg,O,train
..\..\data\raw\asl_alphabet\train\Q\Q2295.jpg,Q,train
..\..\data\raw\asl_alphabet\train\N\N1330.jpg,N,train
..\..\data\raw\asl_alphabet\train\Z\Z1721.jpg,Z,train
..\..\data\raw\asl_alphabet\train\M\M1431.jpg,M,train
..\..\data\raw\asl_alphabet\train\G\G1043.jpg,G,train
..\..\data\raw\asl_alphabet\train\P\P2626.jpg,P,train
..\..\data\raw\asl_alphabet\train\Y\Y2688.jpg,Y,train
..\..\data\raw\asl_alphabet\train\F\F2582.jpg,F,train
..\..\data\raw\asl_alphabet\train\T\T1516.jpg,T,train
..\..\data\raw\asl_alphabet\train\U\U856.jpg,U,train
..\..\data\raw\asl_alphabet\train\P\P2547.jpg,P,train
..\..\data\raw\asl_alphabet\train\P\P1068.jpg,P,train
..\..\data\raw\asl_alphabet\train\A\A1160.jpg,A,train
..\..\data\raw\asl_alphabet\train\M\M2179.jpg,M,train
..\..\data\raw\asl_alphabet\train\Y\Y462.jpg,Y,train
..\..\data\raw\asl_alphabet\train\S\S2570.jpg,S,train
..\..\data\raw\asl_alphabet\train\Q\Q463.jpg,Q,train
..\..\data\raw\asl_alphabet\train\Z\Z2710.jpg,Z,train
..\..\data\raw\asl_alphabet\train\T\T389.jpg,T,train
..\..\data\raw\asl_alphabet\train\P\P2902.jpg,P,train
..\..\data\raw\asl_alphabet\train\C\C560.jpg,C,train
..\..\data\raw\asl_alphabet\train\Z\Z1977.jpg,Z,train
..\..\data\raw\asl_alphabet\train\A\A1580.jpg,A,train
..\..\data\raw\asl_alphabet\train\C\C1486.jpg,C,train
..\..\data\raw\asl_alphabet\train\S\S836.jpg,S,train
..\..\data\raw\asl_alphabet\train\I\I1086.jpg,I,train
..\..\data\raw\asl_alphabet\train\C\C99.jpg,C,train
..\..\data\raw\asl_alphabet\train\A\A2906.jpg,A,train
..\..\data\raw\asl_alphabet\train\U\U2438.jpg,U,train
..\..\data\raw\asl_alphabet\train\L\L307.jpg,L,train
..\..\data\raw\asl_alphabet\train\R\R2778.jpg,R,train
..\..\data\raw\asl_alphabet\train\R\R2070.jpg,R,train
..\..\data\raw\asl_alphabet\train\C\C1026.jpg,C,train
..\..\data\raw\asl_alphabet\train\G\G2785.jpg,G,train
..\..\data\raw\asl_alphabet\train\R\R2310.jpg,R,train
..\..\data\raw\asl_alphabet\train\C\C1896.jpg,C,train
..\..\data\raw\asl_alphabet\train\Z\Z2104.jpg,Z,train
..\..\data\raw\asl_alphabet\train\G\G868.jpg,G,train
..\..\data\raw\asl_alphabet\train\W\W2982.jpg,W,train
..\..\data\raw\asl_alphabet\train\X\X1432.jpg,X,train
..\..\data\raw\asl_alphabet\train\W\W94.jpg,W,train
..\..\data\raw\asl_alphabet\train\U\U1886.jpg,U,train
..\..\data\raw\asl_alphabet\train\Y\Y82.jpg,Y,train
..\..\data\raw\asl_alphabet\train\nothing\nothing1046.jpg,nothing,train
..\..\data\raw\asl_alphabet\train\S\S2498.jpg,S,train
..\..\data\raw\asl_alphabet\train\E\E462.jpg,E,train
..\..\data\raw\asl_alphabet\train\Q\Q2185.jpg,Q,train
..\..\data\raw\asl_alphabet\train\N\N941.jpg,N,train
..\..\data\raw\asl_alphabet\train\M\M1317.jpg,M,train
..\..\data\raw\asl_alphabet\train\F\F2293.jpg,F,train
..\..\data\raw\asl_alphabet\train\R\R172.jpg,R,train
..\..\data\raw\asl_alphabet\train\D\D1059.jpg,D,train
..\..\data\raw\asl_alphabet\train\M\M264.jpg,M,train
..\..\data\raw\asl_alphabet\train\space\space1909.jpg,space,train
..\..\data\raw\asl_alphabet\train\W\W1661.jpg,W,train
..\..\data\raw\asl_alphabet\train\M\M152.jpg,M,train
..\..\data\raw\asl_alphabet\train\K\K1312.jpg,K,train
..\..\data\raw\asl_alphabet\train\B\B2158.jpg,B,train
..\..\data\raw\asl_alphabet\train\D\D2975.jpg,D,train
..\..\data\raw\asl_alphabet\train\E\E1644.jpg,E,train
..\..\data\raw\asl_alphabet\train\T\T2131.jpg,T,train
..\..\data\raw\asl_alphabet\train\G\G1319.jpg,G,train
..\..\data\raw\asl_alphabet\train\J\J2231.jpg,J,train
..\..\data\raw\asl_alphabet\train\K\K2387.jpg,K,train
..\..\data\raw\asl_alphabet\train\nothing\nothing1289.jpg,nothing,train
..\..\data\raw\asl_alphabet\train\M\M617.jpg,M,train
..\..\data\raw\asl_alphabet\train\Y\Y544.jpg,Y,train
..\..\data\raw\asl_alphabet\train\M\M2534.jpg,M,train
..\..\data\raw\asl_alphabet\train\Q\Q1965.jpg,Q,train
..\..\data\raw\asl_alphabet\train\B\B1439.jpg,B,train
..\..\data\raw\asl_alphabet\train\G\G909.jpg,G,train
..\..\data\raw\asl_alphabet\train\R\R2414.jpg,R,train
..\..\data\raw\asl_alphabet\train\Q\Q2872.jpg,Q,train
..\..\data\raw\asl_alphabet\train\W\W519.jpg,W,train
..\..\data\raw\asl_alphabet\train\T\T813.jpg,T,train
..\..\data\raw\asl_alphabet\train\L\L346.jpg,L,train
..\..\data\raw\asl_alphabet\train\G\G482.jpg,G,train
..\..\data\raw\asl_alphabet\train\N\N197.jpg,N,train
..\..\data\raw\asl_alphabet\train\Z\Z2381.jpg,Z,train
..\..\data\raw\asl_alphabet\train\Y\Y1735.jpg,Y,train
..\..\data\raw\asl_alphabet\train\V\V1053.jpg,V,train
..\..\data\raw\asl_alphabet\train\V\V962.jpg,V,train
..\..\data\raw\asl_alphabet\train\H\H297.jpg,H,train
..\..\data\raw\asl_alphabet\train\del\del2366.jpg,del,train
..\..\data\raw\asl_alphabet\train\V\V2689.jpg,V,train
..\..\data\raw\asl_alphabet\train\W\W2769.jpg,W,train
..\..\data\raw\asl_alphabet\train\K\K256.jpg,K,train
..\..\data\raw\asl_alphabet\train\O\O1936.jpg,O,train
..\..\data\raw\asl_alphabet\train\N\N166.jpg,N,train
..\..\data\raw\asl_alphabet\train\D\D1281.jpg,D,train
..\..\data\raw\asl_alphabet\train\P\P885.jpg,P,train
..\..\data\raw\asl_alphabet\train\X\X1071.jpg,X,train
..\..\data\raw\asl_alphabet\train\A\A2559.jpg,A,train
..\..\data\raw\asl_alphabet\train\G\G2801.jpg,G,train
..\..\data\raw\asl_alphabet\train\space\space1543.jpg,space,train
..\..\data\raw\asl_alphabet\train\L\L2404.jpg,L,train
..\..\data\raw\asl_alphabet\train\F\F2326.jpg,F,train
..\..\data\raw\asl_alphabet\train\X\X977.jpg,X,train
..\..\data\raw\asl_alphabet\train\G\G2441.jpg,G,train
..\..\data\raw\asl_alphabet\train\C\C1985.jpg,C,train
..\..\data\raw\asl_alphabet\train\U\U944.jpg,U,train
..\..\data\raw\asl_alphabet\train\S\S2473.jpg,S,train
..\..\data\raw\asl_alphabet\train\J\J2984.jpg,J,train
..\..\data\raw\asl_alphabet\train\M\M166.jpg,M,train
..\..\data\raw\asl_alphabet\train\F\F443.jpg,F,train
..\..\data\raw\asl_alphabet\train\M\M1383.jpg,M,train
..\..\data\raw\asl_alphabet\train\T\T1100.jpg,T,train
..\..\data\raw\asl_alphabet\train\P\P852.jpg,P,train
..\..\data\raw\asl_alphabet\train\X\X2007.jpg,X,train
..\..\data\raw\asl_alphabet\train\N\N839.jpg,N,train
..\..\data\raw\asl_alphabet\train\U\U1627.jpg,U,train
..\..\data\raw\asl_alphabet\train\B\B862.jpg,B,train
..\..\data\raw\asl_alphabet\train\A\A178.jpg,A,train
..\..\data\raw\asl_alphabet\train\U\U1337.jpg,U,train
..\..\data\raw\asl_alphabet\train\I\I1933.jpg,I,train
..\..\data\raw\asl_alphabet\train\L\L2416.jpg,L,train
..\..\data\raw\asl_alphabet\train\M\M2421.jpg,M,train
..\..\data\raw\asl_alphabet\train\C\C927.jpg,C,train
..\..\data\raw\asl_alphabet\train\B\B1298.jpg,B,train
..\..\data\raw\asl_alphabet\train\C\C1052.jpg,C,train
..\..\data\raw\asl_alphabet\train\E\E938.jpg,E,train
..\..\data\raw\asl_alphabet\train\V\V239.jpg,V,train
..\..\data\raw\asl_alphabet\train\X\X1306.jpg,X,train
..\..\data\raw\asl_alphabet\train\C\C866.jpg,C,train
..\..\data\raw\asl_alphabet\train\Q\Q2321.jpg,Q,train
..\..\data\raw\asl_alphabet\train\R\R2203.jpg,R,train
..\..\data\raw\asl_alphabet\train\Y\Y1974.jpg,Y,train
..\..\data\raw\asl_alphabet\train\T\T1902.jpg,T,train
..\..\data\raw\asl_alphabet\train\E\E273.jpg,E,train
..\..\data\raw\asl_alphabet\train\space\space1350.jpg,space,train
..\..\data\raw\asl_alphabet\train\D\D2878.jpg,D,train
..\..\data\raw\asl_alphabet\train\L\L1567.jpg,L,train
..\..\data\raw\asl_alphabet\train\T\T1788.jpg,T,train
..\..\data\raw\asl_alphabet\train\R\R2226.jpg,R,train
..\..\data\raw\asl_alphabet\train\M\M2251.jpg,M,train
..\..\data\raw\asl_alphabet\train\T\T549.jpg,T,train
..\..\data\raw\asl_alphabet\train\T\T2088.jpg,T,train
..\..\data\raw\asl_alphabet\train\T\T307.jpg,T,train
..\..\data\raw\asl_alphabet\train\C\C1618.jpg,C,train
..\..\data\raw\asl_alphabet\train\R\R1524.jpg,R,train
..\..\data\raw\asl_alphabet\train\nothing\nothing843.jpg,nothing,train
..\..\data\raw\asl_alphabet\train\U\U809.jpg,U,train
..\..\data\raw\asl_alphabet\train\K\K349.jpg,K,train
..\..\data\raw\asl_alphabet\train\F\F2024.jpg,F,train
..\..\data\raw\asl_alphabet\train\I\I2125.jpg,I,train
..\..\data\raw\asl_alphabet\train\E\E628.jpg,E,train
..\..\data\raw\asl_alphabet\train\J\J2307.jpg,J,train
..\..\data\raw\asl_alphabet\train\X\X1603.jpg,X,train
..\..\data\raw\asl_alphabet\train\A\A2417.jpg,A,train
..\..\data\raw\asl_alphabet\train\K\K602.jpg,K,train
..\..\data\raw\asl_alphabet\train\del\del2707.jpg,del,train
..\..\data\raw\asl_alphabet\train\M\M2345.jpg,M,train
..\..\data\raw\asl_alphabet\train\B\B211.jpg,B,train
..\..\data\raw\asl_alphabet\train\I\I2691.jpg,I,train
..\..\data\raw\asl_alphabet\train\space\space2911.jpg,space,train
..\..\data\raw\asl_alphabet\train\X\X2739.jpg,X,train
..\..\data\raw\asl_alphabet\train\A\A2689.jpg,A,train
..\..\data\raw\asl_alphabet\train\G\G439.jpg,G,train
..\..\data\raw\asl_alphabet\train\del\del1182.jpg,del,train
..\..\data\raw\asl_alphabet\train\G\G1871.jpg,G,train
..\..\data\raw\asl_alphabet\train\I\I1258.jpg,I,train
..\..\data\raw\asl_alphabet\train\U\U1105.jpg,U,train
..\..\data\raw\asl_alphabet\train\O\O1736.jpg,O,train
..\..\data\raw\asl_alphabet\train\C\C546.jpg,C,train
..\..\data\raw\asl_alphabet\train\K\K635.jpg,K,train
..\..\data\raw\asl_alphabet\train\N\N2697.jpg,N,train
..\..\data\raw\asl_alphabet\train\X\X166.jpg,X,train
..\..\data\raw\asl_alphabet\train\T\T960.jpg,T,train
..\..\data\raw\asl_alphabet\train\F\F488.jpg,F,train
..\..\data\raw\asl_alphabet\train\L\L2134.jpg,L,train
..\..\data\raw\asl_alphabet\train\U\U2602.jpg,U,train
..\..\data\raw\asl_alphabet\train\P\P1555.jpg,P,train
..\..\data\raw\asl_alphabet\train\A\A1211.jpg,A,train
..\..\data\raw\asl_alphabet\train\R\R2384.jpg,R,train
..\..\data\raw\asl_alphabet\train\M\M1350.jpg,M,train
..\..\data\raw\asl_alphabet\train\I\I1807.jpg,I,train
..\..\data\raw\asl_alphabet\train\M\M91.jpg,M,train
..\..\data\raw\asl_alphabet\train\G\G116.jpg,G,train
..\..\data\raw\asl_alphabet\train\E\E2151.jpg,E,train
..\..\data\raw\asl_alphabet\train\L\L2590.jpg,L,train
..\..\data\raw\asl_alphabet\train\D\D179.jpg,D,train
..\..\data\raw\asl_alphabet\train\A\A1242.jpg,A,train
..\..\data\raw\asl_alphabet\train\E\E22.jpg,E,train
..\..\data\raw\asl_alphabet\train\C\C1342.jpg,C,train
..\..\data\raw\asl_alphabet\train\J\J864.jpg,J,train
..\..\data\raw\asl_alphabet\train\space\space2614.jpg,space,train
..\..\data\raw\asl_alphabet\train\O\O195.jpg,O,train
..\..\data\raw\asl_alphabet\train\S\S1474.jpg,S,train
..\..\data\raw\asl_alphabet\train\I\I2902.jpg,I,train
..\..\data\raw\asl_alphabet\train\A\A1040.jpg,A,train
..\..\data\raw\asl_alphabet\train\B\B1929.jpg,B,train
..\..\data\raw\asl_alphabet\train\nothing\nothing2990.jpg,nothing,train
..\..\data\raw\asl_alphabet\train\space\space2240.jpg,space,train
..\..\data\raw\asl_alphabet\train\W\W591.jpg,W,train
..\..\data\raw\asl_alphabet\train\P\P516.jpg,P,train
..\..\data\raw\asl_alphabet\train\B\B2400.jpg,B,train
..\..\data\raw\asl_alphabet\train\nothing\nothing234.jpg,nothing,train
..\..\data\raw\asl_alphabet\train\R\R425.jpg,R,train
..\..\data\raw\asl_alphabet\train\Y\Y709.jpg,Y,train
..\..\data\raw\asl_alphabet\train\X\X111.jpg,X,train
..\..\data\raw\asl_alphabet\train\del\del613.jpg,del,train
..\..\data\raw\asl_alphabet\train\F\F2114.jpg,F,train
..\..\data\raw\asl_alphabet\train\Y\Y388.jpg,Y,train
..\..\data\raw\asl_alphabet\train\nothing\nothing1423.jpg,nothing,train
..\..\data\raw\asl_alphabet\train\B\B379.jpg,B,train
..\..\data\raw\asl_alphabet\train\P\P1451.jpg,P,train
..\..\data\raw\asl_alphabet\train\W\W1165.jpg,W,train
..\..\data\raw\asl_alphabet\train\X\X89.jpg,X,train
..\..\data\raw\asl_alphabet\train\del\del2116.jpg,del,train
..\..\data\raw\asl_alphabet\train\V\V1352.jpg,V,train
..\..\data\raw\asl_alphabet\train\nothing\nothing2762.jpg,nothing,train
..\..\data\raw\asl_alphabet\train\C\C366.jpg,C,train
..\..\data\raw\asl_alphabet\train\M\M2927.jpg,M,train
..\..\data\raw\asl_alphabet\train\C\C2476.jpg,C,train
..\..\data\raw\asl_alphabet\train\H\H717.jpg,H,train
..\..\data\raw\asl_alphabet\train\D\D2223.jpg,D,train
..\..\data\raw\asl_alphabet\train\N\N2417.jpg,N,train
..\..\data\raw\asl_alphabet\train\D\D2333.jpg,D,train
..\..\data\raw\asl_alphabet\train\R\R699.jpg,R,train
..\..\data\raw\asl_alphabet\train\H\H2810.jpg,H,train
..\..\data\raw\asl_alphabet\train\T\T5.jpg,T,train
..\..\data\raw\asl_alphabet\train\B\B2531.jpg,B,train
..\..\data\raw\asl_alphabet\train\X\X2149.jpg,X,train
..\..\data\raw\asl_alphabet\train\G\G1117.jpg,G,train
..\..\data\raw\asl_alphabet\train\nothing\nothing2300.jpg,nothing,train
..\..\data\raw\asl_alphabet\train\Y\Y880.jpg,Y,train
..\..\data\raw\asl_alphabet\train\C\C234.jpg,C,train
..\..\data\raw\asl_alphabet\train\H\H367.jpg,H,train
..\..\data\raw\asl_alphabet\train\Q\Q2615.jpg,Q,train
..\..\data\raw\asl_alphabet\train\V\V2537.jpg,V,train
..\..\data\raw\asl_alphabet\train\J\J2475.jpg,J,train
..\..\data\raw\asl_alphabet\train\X\X705.jpg,X,train
..\..\data\raw\asl_alphabet\train\E\E781.jpg,E,train
..\..\data\raw\asl_alphabet\train\X\X1270.jpg,X,train
..\..\data\raw\asl_alphabet\train\Z\Z2955.jpg,Z,train
..\..\data\raw\asl_alphabet\train\Z\Z886.jpg,Z,train
..\..\data\raw\asl_alphabet\train\Z\Z833.jpg,Z,train
..\..\data\raw\asl_alphabet\train\Y\Y2340.jpg,Y,train
..\..\data\raw\asl_alphabet\train\D\D2656.jpg,D,train
..\..\data\raw\asl_alphabet\train\S\S1593.jpg,S,train
..\..\data\raw\asl_alphabet\train\L\L1488.jpg,L,train
..\..\data\raw\asl_alphabet\train\Z\Z1245.jpg,Z,train
..\..\data\raw\asl_alphabet\train\A\A1880.jpg,A,train
..\..\data\raw\asl_alphabet\train\space\space841.jpg,space,train
..\..\data\raw\asl_alphabet\train\I\I1337.jpg,I,train
..\..\data\raw\asl_alphabet\train\R\R724.jpg,R,train
..\..\data\raw\asl_alphabet\train\M\M808.jpg,M,train
..\..\data\raw\asl_alphabet\train\E\E1831.jpg,E,train
..\..\data\raw\asl_alphabet\train\S\S2975.jpg,S,train
..\..\data\raw\asl_alphabet\train\W\W2512.jpg,W,train
..\..\data\raw\asl_alphabet\train\R\R925.jpg,R,train
..\..\data\raw\asl_alphabet\train\C\C89.jpg,C,train
..\..\data\raw\asl_alphabet\train\O\O525.jpg,O,train
..\..\data\raw\asl_alphabet\train\W\W2763.jpg,W,train
..\..\data\raw\asl_alphabet\train\C\C1726.jpg,C,train
..\..\data\raw\asl_alphabet\train\I\I2246.jpg,I,train
..\..\data\raw\asl_alphabet\train\Y\Y1167.jpg,Y,train
..\..\data\raw\asl_alphabet\train\S\S1310.jpg,S,train
..\..\data\raw\asl_alphabet\train\M\M1404.jpg,M,train
..\..\data\raw\asl_alphabet\train\J\J2808.jpg,J,train
..\..\data\raw\asl_alphabet\train\R\R2240.jpg,R,train
..\..\data\raw\asl_alphabet\train\space\space985.jpg,space,train
..\..\data\raw\asl_alphabet\train\del\del516.jpg,del,train
..\..\data\raw\asl_alphabet\train\Y\Y1360.jpg,Y,train
..\..\data\raw\asl_alphabet\train\Z\Z2795.jpg,Z,train
..\..\data\raw\asl_alphabet\train\I\I197.jpg,I,train
..\..\data\raw\asl_alphabet\train\Y\Y1582.jpg,Y,train
..\..\data\raw\asl_alphabet\train\A\A523.jpg,A,train
..\..\data\raw\asl_alphabet\train\E\E871.jpg,E,train
..\..\data\raw\asl_alphabet\train\P\P2617.jpg,P,train
..\..\data\raw\asl_alphabet\train\O\O1664.jpg,O,train
..\..\data\raw\asl_alphabet\train\D\D2252.jpg,D,train
..\..\data\raw\asl_alphabet\train\del\del1083.jpg,del,train
..\..\data\raw\asl_alphabet\train\N\N1575.jpg,N,train
..\..\data\raw\asl_alphabet\train\space\space1826.jpg,space,train
..\..\data\raw\asl_alphabet\train\N\N185.jpg,N,train
..\..\data\raw\asl_alphabet\train\L\L2031.jpg,L,train
..\..\data\raw\asl_alphabet\train\T\T2553.jpg,T,train
..\..\data\raw\asl_alphabet\train\nothing\nothing2203.jpg,nothing,train
..\..\data\raw\asl_alphabet\train\del\del5.jpg,del,train
..\..\data\raw\asl_alphabet\train\N\N1280.jpg,N,train
..\..\data\raw\asl_alphabet\train\Y\Y1748.jpg,Y,train
..\..\data\raw\asl_alphabet\train\O\O671.jpg,O,train
..\..\data\raw\asl_alphabet\train\I\I1030.jpg,I,train
..\..\data\raw\asl_alphabet\train\F\F1118.jpg,F,train
..\..\data\raw\asl_alphabet\train\J\J461.jpg,J,train
..\..\data\raw\asl_alphabet\train\L\L2961.jpg,L,train
..\..\data\raw\asl_alphabet\train\B\B1469.jpg,B,train
..\..\data\raw\asl_alphabet\train\D\D1537.jpg,D,train
..\..\data\raw\asl_alphabet\train\L\L2112.jpg,L,train
..\..\data\raw\asl_alphabet\train\W\W2981.jpg,W,train
..\..\data\raw\asl_alphabet\train\del\del197.jpg,del,train
..\..\data\raw\asl_alphabet\train\T\T428.jpg,T,train
..\..\data\raw\asl_alphabet\train\P\P1870.jpg,P,train
..\..\data\raw\asl_alphabet\train\Q\Q2827.jpg,Q,train
..\..\data\raw\asl_alphabet\train\nothing\nothing1231.jpg,nothing,train
..\..\data\raw\asl_alphabet\train\S\S579.jpg,S,train
..\..\data\raw\asl_alphabet\train\V\V283.jpg,V,train
..\..\data\raw\asl_alphabet\train\M\M601.jpg,M,train
..\..\data\raw\asl_alphabet\train\J\J1046.jpg,J,train
..\..\data\raw\asl_alphabet\train\M\M1501.jpg,M,train
..\..\data\raw\asl_alphabet\train\del\del2728.jpg,del,train
..\..\data\raw\asl_alphabet\train\A\A2118.jpg,A,train
..\..\data\raw\asl_alphabet\train\X\X839.jpg,X,train
..\..\data\raw\asl_alphabet\train\F\F1369.jpg,F,train
..\..\data\raw\asl_alphabet\train\R\R2170.jpg,R,train
..\..\data\raw\asl_alphabet\train\del\del2947.jpg,del,train
..\..\data\raw\asl_alphabet\train\nothing\nothing1088.jpg,nothing,train
..\..\data\raw\asl_alphabet\train\E\E2212.jpg,E,train
..\..\data\raw\asl_alphabet\train\O\O959.jpg,O,train
..\..\data\raw\asl_alphabet\train\del\del467.jpg,del,train
..\..\data\raw\asl_alphabet\train\I\I1785.jpg,I,train
..\..\data\raw\asl_alphabet\train\N\N1944.jpg,N,train
..\..\data\raw\asl_alphabet\train\F\F2654.jpg,F,train
..\..\data\raw\asl_alphabet\train\D\D1892.jpg,D,train
..\..\data\raw\asl_alphabet\train\S\S2980.jpg,S,train
..\..\data\raw\asl_alphabet\train\W\W2089.jpg,W,train
..\..\data\raw\asl_alphabet\train\W\W2037.jpg,W,train
..\..\data\raw\asl_alphabet\train\B\B2833.jpg,B,train
..\..\data\raw\asl_alphabet\train\L\L492.jpg,L,train
..\..\data\raw\asl_alphabet\train\U\U1404.jpg,U,train
..\..\data\raw\asl_alphabet\train\V\V1274.jpg,V,train
..\..\data\raw\asl_alphabet\train\M\M84.jpg,M,train
..\..\data\raw\asl_alphabet\train\U\U1709.jpg,U,train
..\..\data\raw\asl_alphabet\train\H\H710.jpg,H,train
..\..\data\raw\asl_alphabet\train\V\V2379.jpg,V,train
..\..\data\raw\asl_alphabet\train\D\D2304.jpg,D,train
..\..\data\raw\asl_alphabet\train\G\G451.jpg,G,train
..\..\data\raw\asl_alphabet\train\S\S115.jpg,S,train
..\..\data\raw\asl_alphabet\train\V\V2845.jpg,V,train
..\..\data\raw\asl_alphabet\train\F\F1309.jpg,F,train
..\..\data\raw\asl_alphabet\train\del\del893.jpg,del,train
..\..\data\raw\asl_alphabet\train\I\I1112.jpg,I,train
..\..\data\raw\asl_alphabet\train\del\del2616.jpg,del,train
..\..\data\raw\asl_alphabet\train\E\E2010.jpg,E,train
..\..\data\raw\asl_alphabet\train\J\J1041.jpg,J,train
..\..\data\raw\asl_alphabet\train\F\F1881.jpg,F,train
..\..\data\raw\asl_alphabet\train\U\U2918.jpg,U,train
..\..\data\raw\asl_alphabet\train\W\W1365.jpg,W,train
..\..\data\raw\asl_alphabet\train\C\C1232.jpg,C,train
..\..\data\raw\asl_alphabet\train\C\C2227.jpg,C,train
..\..\data\raw\asl_alphabet\train\T\T1282.jpg,T,train
..\..\data\raw\asl_alphabet\train\C\C2523.jpg,C,train
..\..\data\raw\asl_alphabet\train\D\D487.jpg,D,train
..\..\data\raw\asl_alphabet\train\L\L1067.jpg,L,train
..\..\data\raw\asl_alphabet\train\U\U2483.jpg,U,train
..\..\data\raw\asl_alphabet\train\I\I1591.jpg,I,train
..\..\data\raw\asl_alphabet\train\S\S1437.jpg,S,train
..\..\data\raw\asl_alphabet\train\N\N1620.jpg,N,train
..\..\data\raw\asl_alphabet\train\I\I368.jpg,I,train
..\..\data\raw\asl_alphabet\train\S\S2806.jpg,S,train
..\..\data\raw\asl_alphabet\train\E\E2457.jpg,E,train
..\..\data\raw\asl_alphabet\train\del\del63.jpg,del,train
..\..\data\raw\asl_alphabet\train\K\K702.jpg,K,train
..\..\data\raw\asl_alphabet\train\Q\Q904.jpg,Q,train
..\..\data\raw\asl_alphabet\train\K\K2175.jpg,K,train
..\..\data\raw\asl_alphabet\train\D\D1857.jpg,D,train
..\..\data\raw\asl_alphabet\train\P\P2171.jpg,P,train
..\..\data\raw\asl_alphabet\train\D\D1886.jpg,D,train
..\..\data\raw\asl_alphabet\train\N\N1624.jpg,N,train
..\..\data\raw\asl_alphabet\train\G\G41.jpg,G,train
..\..\data\raw\asl_alphabet\train\J\J1265.jpg,J,train
..\..\data\raw\asl_alphabet\train\B\B1881.jpg,B,train
..\..\data\raw\asl_alphabet\train\J\J200.jpg,J,train
..\..\data\raw\asl_alphabet\train\H\H1690.jpg,H,train
..\..\data\raw\asl_alphabet\train\E\E539.jpg,E,train
..\..\data\raw\asl_alphabet\train\E\E2115.jpg,E,train
..\..\data\raw\asl_alphabet\train\T\T1898.jpg,T,train
..\..\data\raw\asl_alphabet\train\Z\Z2319.jpg,Z,train
..\..\data\raw\asl_alphabet\train\P\P287.jpg,P,train
..\..\data\raw\asl_alphabet\train\S\S2437.jpg,S,train
..\..\data\raw\asl_alphabet\train\C\C656.jpg,C,train
..\..\data\raw\asl_alphabet\train\A\A1611.jpg,A,train
..\..\data\raw\asl_alphabet\train\space\space144.jpg,space,train
..\..\data\raw\asl_alphabet\train\P\P23.jpg,P,train
..\..\data\raw\asl_alphabet\train\F\F553.jpg,F,train
..\..\data\raw\asl_alphabet\train\V\V2440.jpg,V,train
..\..\data\raw\asl_alphabet\train\E\E305.jpg,E,train
..\..\data\raw\asl_alphabet\train\F\F2375.jpg,F,train
..\..\data\raw\asl_alphabet\train\A\A2864.jpg,A,train
..\..\data\raw\asl_alphabet\train\W\W2288.jpg,W,train
..\..\data\raw\asl_alphabet\train\S\S721.jpg,S,train
..\..\data\raw\asl_alphabet\train\J\J556.jpg,J,train
..\..\data\raw\asl_alphabet\train\K\K656.jpg,K,train
..\..\data\raw\asl_alphabet\train\space\space2328.jpg,space,train
..\..\data\raw\asl_alphabet\train\Q\Q509.jpg,Q,train
..\..\data\raw\asl_alphabet\train\D\D1246.jpg,D,train
..\..\data\raw\asl_alphabet\train\N\N1235.jpg,N,train
..\..\data\raw\asl_alphabet\train\C\C750.jpg,C,train
..\..\data\raw\asl_alphabet\train\Y\Y546.jpg,Y,train
..\..\data\raw\asl_alphabet\train\F\F1561.jpg,F,train
..\..\data\raw\asl_alphabet\train\D\D2045.jpg,D,train
..\..\data\raw\asl_alphabet\train\H\H89.jpg,H,train
..\..\data\raw\asl_alphabet\train\M\M2794.jpg,M,train
..\..\data\raw\asl_alphabet\train\D\D1321.jpg,D,train
..\..\data\raw\asl_alphabet\train\E\E1121.jpg,E,train
..\..\data\raw\asl_alphabet\train\J\J2725.jpg,J,train
..\..\data\raw\asl_alphabet\train\Z\Z1997.jpg,Z,train
..\..\data\raw\asl_alphabet\train\E\E784.jpg,E,train
..\..\data\raw\asl_alphabet\train\A\A1585.jpg,A,train
..\..\data\raw\asl_alphabet\train\B\B1130.jpg,B,train
..\..\data\raw\asl_alphabet\train\T\T1545.jpg,T,train
..\..\data\raw\asl_alphabet\train\M\M234.jpg,M,train
..\..\data\raw\asl_alphabet\train\A\A730.jpg,A,train
..\..\data\raw\asl_alphabet\train\U\U2973.jpg,U,train
..\..\data\raw\asl_alphabet\train\W\W35.jpg,W,train
..\..\data\raw\asl_alphabet\train\Y\Y2076.jpg,Y,train
..\..\data\raw\asl_alphabet\train\D\D1240.jpg,D,train
..\..\data\raw\asl_alphabet\train\M\M1753.jpg,M,train
..\..\data\raw\asl_alphabet\train\W\W1122.jpg,W,train
..\..\data\raw\asl_alphabet\train\S\S527.jpg,S,train
..\..\data\raw\asl_alphabet\train\M\M1998.jpg,M,train
..\..\data\raw\asl_alphabet\train\del\del796.jpg,del,train
..\..\data\raw\asl_alphabet\train\X\X2478.jpg,X,train
..\..\data\raw\asl_alphabet\train\F\F1804.jpg,F,train
..\..\data\raw\asl_alphabet\train\C\C400.jpg,C,train
..\..\data\raw\asl_alphabet\train\A\A1782.jpg,A,train
..\..\data\raw\asl_alphabet\train\I\I744.jpg,I,train
..\..\data\raw\asl_alphabet\train\I\I530.jpg,I,train
..\..\data\raw\asl_alphabet\train\I\I2287.jpg,I,train
..\..\data\raw\asl_alphabet\train\R\R1954.jpg,R,train
..\..\data\raw\asl_alphabet\train\W\W1104.jpg,W,train
..\..\data\raw\asl_alphabet\train\O\O706.jpg,O,train
..\..\data\raw\asl_alphabet\train\Z\Z1876.jpg,Z,train
..\..\data\raw\asl_alphabet\train\L\L976.jpg,L,train
..\..\data\raw\asl_alphabet\train\L\L1278.jpg,L,train
..\..\data\raw\asl_alphabet\train\K\K2401.jpg,K,train
..\..\data\raw\asl_alphabet\train\X\X1938.jpg,X,train
..\..\data\raw\asl_alphabet\train\X\X2329.jpg,X,train
..\..\data\raw\asl_alphabet\train\M\M2294.jpg,M,train
..\..\data\raw\asl_alphabet\train\U\U693.jpg,U,train
..\..\data\raw\asl_alphabet\train\N\N2984.jpg,N,train
..\..\data\raw\asl_alphabet\train\F\F355.jpg,F,train
..\..\data\raw\asl_alphabet\train\U\U1157.jpg,U,train
..\..\data\raw\asl_alphabet\train\K\K623.jpg,K,train
..\..\data\raw\asl_alphabet\train\M\M732.jpg,M,train
..\..\data\raw\asl_alphabet\train\A\A1512.jpg,A,train
..\..\data\raw\asl_alphabet\train\nothing\nothing1324.jpg,nothing,train
..\..\data\raw\asl_alphabet\train\H\H1436.jpg,H,train
..\..\data\raw\asl_alphabet\train\E\E391.jpg,E,train
..\..\data\raw\asl_alphabet\train\V\V400.jpg,V,train
..\..\data\raw\asl_alphabet\train\O\O196.jpg,O,train
..\..\data\raw\asl_alphabet\train\A\A1024.jpg,A,train
..\..\data\raw\asl_alphabet\train\J\J705.jpg,J,train
..\..\data\raw\asl_alphabet\train\A\A1651.jpg,A,train
..\..\data\raw\asl_alphabet\train\E\E1167.jpg,E,train
..\..\data\raw\asl_alphabet\train\X\X2841.jpg,X,train
..\..\data\raw\asl_alphabet\train\O\O74.jpg,O,train
..\..\data\raw\asl_alphabet\train\I\I1722.jpg,I,train
..\..\data\raw\asl_alphabet\train\D\D1316.jpg,D,train
..\..\data\raw\asl_alphabet\train\Y\Y2339.jpg,Y,train
..\..\data\raw\asl_alphabet\train\D\D282.jpg,D,train
..\..\data\raw\asl_alphabet\train\nothing\nothing1984.jpg,nothing,train
..\..\data\raw\asl_alphabet\train\G\G104.jpg,G,train
..\..\data\raw\asl_alphabet\train\nothing\nothing1542.jpg,nothing,train
..\..\data\raw\asl_alphabet\train\Q\Q565.jpg,Q,train
..\..\data\raw\asl_alphabet\train\Y\Y2638.jpg,Y,train
..\..\data\raw\asl_alphabet\train\R\R2283.jpg,R,train
..\..\data\raw\asl_alphabet\train\H\H1988.jpg,H,train
..\..\data\raw\asl_alphabet\train\nothing\nothing1561.jpg,nothing,train
..\..\data\raw\asl_alphabet\train\F\F1128.jpg,F,train
..\..\data\raw\asl_alphabet\train\K\K2491.jpg,K,train
..\..\data\raw\asl_alphabet\train\H\H447.jpg,H,train
..\..\data\raw\asl_alphabet\train\K\K2631.jpg,K,train
..\..\data\raw\asl_alphabet\train\D\D1627.jpg,D,train
..\..\data\raw\asl_alphabet\train\I\I2466.jpg,I,train
..\..\data\raw\asl_alphabet\train\B\B1894.jpg,B,train
..\..\data\raw\asl_alphabet\train\E\E948.jpg,E,train
..\..\data\raw\asl_alphabet\train\I\I500.jpg,I,train
..\..\data\raw\asl_alphabet\train\nothing\nothing700.jpg,nothing,train
..\..\data\raw\asl_alphabet\train\R\R2889.jpg,R,train
..\..\data\raw\asl_alphabet\train\B\B742.jpg,B,train
..\..\data\raw\asl_alphabet\train\Q\Q2126.jpg,Q,train
..\..\data\raw\asl_alphabet\train\I\I1534.jpg,I,train
..\..\data\raw\asl_alphabet\train\J\J879.jpg,J,train
..\..\data\raw\asl_alphabet\train\C\C1942.jpg,C,train
..\..\data\raw\asl_alphabet\train\Y\Y2663.jpg,Y,train
..\..\data\raw\asl_alphabet\train\W\W2070.jpg,W,train
..\..\data\raw\asl_alphabet\train\U\U2824.jpg,U,train
..\..\data\raw\asl_alphabet\train\V\V1637.jpg,V,train
..\..\data\raw\asl_alphabet\train\space\space2553.jpg,space,train
..\..\data\raw\asl_alphabet\train\T\T2427.jpg,T,train
..\..\data\raw\asl_alphabet\train\del\del1702.jpg,del,train
..\..\data\raw\asl_alphabet\train\space\space529.jpg,space,train
..\..\data\raw\asl_alphabet\train\T\T2456.jpg,T,train
..\..\data\raw\asl_alphabet\train\U\U1113.jpg,U,train
..\..\data\raw\asl_alphabet\train\del\del2404.jpg,del,train
..\..\data\raw\asl_alphabet\train\B\B2296.jpg,B,train
..\..\data\raw\asl_alphabet\train\X\X634.jpg,X,train
..\..\data\raw\asl_alphabet\train\A\A2487.jpg,A,train
..\..\data\raw\asl_alphabet\train\B\B322.jpg,B,train
..\..\data\raw\asl_alphabet\train\G\G1455.jpg,G,train
..\..\data\raw\asl_alphabet\train\O\O420.jpg,O,train
..\..\data\raw\asl_alphabet\train\M\M630.jpg,M,train
..\..\data\raw\asl_alphabet\train\C\C695.jpg,C,train
..\..\data\raw\asl_alphabet\train\Q\Q1615.jpg,Q,train
..\..\data\raw\asl_alphabet\train\M\M329.jpg,M,train
..\..\data\raw\asl_alphabet\train\P\P424.jpg,P,train
..\..\data\raw\asl_alphabet\train\nothing\nothing303.jpg,nothing,train
..\..\data\raw\asl_alphabet\train\U\U1038.jpg,U,train
..\..\data\raw\asl_alphabet\train\T\T2774.jpg,T,train
..\..\data\raw\asl_alphabet\train\K\K2885.jpg,K,train
..\..\data\raw\asl_alphabet\train\F\F1044.jpg,F,train
..\..\data\raw\asl_alphabet\train\C\C2341.jpg,C,train
..\..\data\raw\asl_alphabet\train\B\B2046.jpg,B,train
..\..\data\raw\asl_alphabet\train\E\E187.jpg,E,train
..\..\data\raw\asl_alphabet\train\nothing\nothing2821.jpg,nothing,train
..\..\data\raw\asl_alphabet\train\S\S404.jpg,S,train
..\..\data\raw\asl_alphabet\train\N\N141.jpg,N,train
..\..\data\raw\asl_alphabet\train\K\K527.jpg,K,train
..\..\data\raw\asl_alphabet\train\del\del1524.jpg,del,train
..\..\data\raw\asl_alphabet\train\space\space1693.jpg,space,train
..\..\data\raw\asl_alphabet\train\Y\Y1119.jpg,Y,train
..\..\data\raw\asl_alphabet\train\R\R2560.jpg,R,train
..\..\data\raw\asl_alphabet\train\I\I1368.jpg,I,train
..\..\data\raw\asl_alphabet\train\D\D2744.jpg,D,train
..\..\data\raw\asl_alphabet\train\U\U2578.jpg,U,train
..\..\data\raw\asl_alphabet\train\G\G1874.jpg,G,train
..\..\data\raw\asl_alphabet\train\C\C2388.jpg,C,train
..\..\data\raw\asl_alphabet\train\L\L1254.jpg,L,train
..\..\data\raw\asl_alphabet\train\B\B208.jpg,B,train
..\..\data\raw\asl_alphabet\train\M\M2615.jpg,M,train
..\..\data\raw\asl_alphabet\train\I\I196.jpg,I,train
..\..\data\raw\asl_alphabet\train\U\U1058.jpg,U,train
..\..\data\raw\asl_alphabet\train\E\E1803.jpg,E,train
..\..\data\raw\asl_alphabet\train\H\H2019.jpg,H,train
..\..\data\raw\asl_alphabet\train\I\I764.jpg,I,train
..\..\data\raw\asl_alphabet\train\I\I230.jpg,I,train
..\..\data\raw\asl_alphabet\train\H\H1516.jpg,H,train
..\..\data\raw\asl_alphabet\train\B\B2693.jpg,B,train
..\..\data\raw\asl_alphabet\train\Z\Z2203.jpg,Z,train
..\..\data\raw\asl_alphabet\train\W\W1837.jpg,W,train
..\..\data\raw\asl_alphabet\train\E\E666.jpg,E,train
..\..\data\raw\asl_alphabet\train\L\L1402.jpg,L,train
..\..\data\raw\asl_alphabet\train\X\X1968.jpg,X,train
..\..\data\raw\asl_alphabet\train\M\M2241.jpg,M,train
..\..\data\raw\asl_alphabet\train\I\I1367.jpg,I,train
..\..\data\raw\asl_alphabet\train\V\V2787.jpg,V,train
..\..\data\raw\asl_alphabet\train\W\W371.jpg,W,train
..\..\data\raw\asl_alphabet\train\D\D2271.jpg,D,train
..\..\data\raw\asl_alphabet\train\G\G1473.jpg,G,train
..\..\data\raw\asl_alphabet\train\del\del1207.jpg,del,train
..\..\data\raw\asl_alphabet\train\W\W2604.jpg,W,train
..\..\data\raw\asl_alphabet\train\Q\Q2761.jpg,Q,train
..\..\data\raw\asl_alphabet\train\I\I1234.jpg,I,train
..\..\data\raw\asl_alphabet\train\M\M1204.jpg,M,train
..\..\data\raw\asl_alphabet\train\X\X135.jpg,X,train
..\..\data\raw\asl_alphabet\train\E\E24.jpg,E,train
..\..\data\raw\asl_alphabet\train\R\R1453.jpg,R,train
..\..\data\raw\asl_alphabet\train\J\J1990.jpg,J,train
..\..\data\raw\asl_alphabet\train\P\P672.jpg,P,train
..\..\data\raw\asl_alphabet\train\F\F1603.jpg,F,train
..\..\data\raw\asl_alphabet\train\M\M2015.jpg,M,train
..\..\data\raw\asl_alphabet\train\nothing\nothing630.jpg,nothing,train
..\..\data\raw\asl_alphabet\train\U\U2597.jpg,U,train
..\..\data\raw\asl_alphabet\train\N\N2822.jpg,N,train
..\..\data\raw\asl_alphabet\train\C\C821.jpg,C,train
..\..\data\raw\asl_alphabet\train\V\V1088.jpg,V,train
..\..\data\raw\asl_alphabet\train\H\H1175.jpg,H,train
..\..\data\raw\asl_alphabet\train\K\K1739.jpg,K,train
..\..\data\raw\asl_alphabet\train\G\G2545.jpg,G,train
..\..\data\raw\asl_alphabet\train\H\H2186.jpg,H,train
..\..\data\raw\asl_alphabet\train\E\E68.jpg,E,train
..\..\data\raw\asl_alphabet\train\nothing\nothing2519.jpg,nothing,train
..\..\data\raw\asl_alphabet\train\O\O1171.jpg,O,train
..\..\data\raw\asl_alphabet\train\del\del148.jpg,del,train
..\..\data\raw\asl_alphabet\train\Q\Q116.jpg,Q,train
..\..\data\raw\asl_alphabet\train\N\N2247.jpg,N,train
..\..\data\raw\asl_alphabet\train\M\M1897.jpg,M,train
..\..\data\raw\asl_alphabet\train\O\O1221.jpg,O,train
..\..\data\raw\asl_alphabet\train\J\J773.jpg,J,train
..\..\data\raw\asl_alphabet\train\I\I996.jpg,I,train
..\..\data\raw\asl_alphabet\train\H\H1495.jpg,H,train
..\..\data\raw\asl_alphabet\train\C\C2655.jpg,C,train
..\..\data\raw\asl_alphabet\train\del\del1042.jpg,del,train
..\..\data\raw\asl_alphabet\train\O\O654.jpg,O,train
..\..\data\raw\asl_alphabet\train\G\G2975.jpg,G,train
..\..\data\raw\asl_alphabet\train\H\H779.jpg,H,train
..\..\data\raw\asl_alphabet\train\O\O13.jpg,O,train
..\..\data\raw\asl_alphabet\train\Y\Y397.jpg,Y,train
..\..\data\raw\asl_alphabet\train\W\W1810.jpg,W,train
..\..\data\raw\asl_alphabet\train\B\B1446.jpg,B,train
..\..\data\raw\asl_alphabet\train\J\J2161.jpg,J,train
..\..\data\raw\asl_alphabet\train\H\H2598.jpg,H,train
..\..\data\raw\asl_alphabet\train\A\A96.jpg,A,train
..\..\data\raw\asl_alphabet\train\M\M492.jpg,M,train
..\..\data\raw\asl_alphabet\train\F\F1341.jpg,F,train
..\..\data\raw\asl_alphabet\train\P\P1940.jpg,P,train
..\..\data\raw\asl_alphabet\train\del\del885.jpg,del,train
..\..\data\raw\asl_alphabet\train\D\D2059.jpg,D,train
..\..\data\raw\asl_alphabet\train\E\E2899.jpg,E,train
..\..\data\raw\asl_alphabet\train\S\S1832.jpg,S,train
..\..\data\raw\asl_alphabet\train\D\D115.jpg,D,train
..\..\data\raw\asl_alphabet\train\J\J2880.jpg,J,train
..\..\data\raw\asl_alphabet\train\I\I1016.jpg,I,train
..\..\data\raw\asl_alphabet\train\G\G2366.jpg,G,train
..\..\data\raw\asl_alphabet\train\O\O1134.jpg,O,train
..\..\data\raw\asl_alphabet\train\W\W2561.jpg,W,train
..\..\data\raw\asl_alphabet\train\T\T1676.jpg,T,train
..\..\data\raw\asl_alphabet\train\Z\Z2591.jpg,Z,train
..\..\data\raw\asl_alphabet\train\B\B1252.jpg,B,train
..\..\data\raw\asl_alphabet\train\Y\Y632.jpg,Y,train
..\..\data\raw\asl_alphabet\train\U\U2558.jpg,U,train
..\..\data\raw\asl_alphabet\train\C\C1508.jpg,C,train
..\..\data\raw\asl_alphabet\train\Y\Y2687.jpg,Y,train
..\..\data\raw\asl_alphabet\train\N\N1359.jpg,N,train
..\..\data\raw\asl_alphabet\train\R\R2988.jpg,R,train
..\..\data\raw\asl_alphabet\train\J\J794.jpg,J,train
..\..\data\raw\asl_alphabet\train\space\space364.jpg,space,train
..\..\data\raw\asl_alphabet\train\H\H2549.jpg,H,train
..\..\data\raw\asl_alphabet\train\Q\Q2744.jpg,Q,train
..\..\data\raw\asl_alphabet\train\V\V356.jpg,V,train
..\..\data\raw\asl_alphabet\train\Q\Q588.jpg,Q,train
..\..\data\raw\asl_alphabet\train\E\E2242.jpg,E,train
..\..\data\raw\asl_alphabet\train\V\V1776.jpg,V,train
..\..\data\raw\asl_alphabet\train\space\space1656.jpg,space,train
..\..\data\raw\asl_alphabet\train\U\U768.jpg,U,train
..\..\data\raw\asl_alphabet\train\I\I457.jpg,I,train
..\..\data\raw\asl_alphabet\train\X\X1578.jpg,X,train
..\..\data\raw\asl_alphabet\train\A\A2742.jpg,A,train
..\..\data\raw\asl_alphabet\train\nothing\nothing239.jpg,nothing,train
..\..\data\raw\asl_alphabet\train\R\R492.jpg,R,train
..\..\data\raw\asl_alphabet\train\W\W722.jpg,W,train
..\..\data\raw\asl_alphabet\train\O\O1307.jpg,O,train
..\..\data\raw\asl_alphabet\train\M\M2623.jpg,M,train
..\..\data\raw\asl_alphabet\train\M\M956.jpg,M,train
..\..\data\raw\asl_alphabet\train\L\L2042.jpg,L,train
..\..\data\raw\asl_alphabet\train\Z\Z2874.jpg,Z,train
..\..\data\raw\asl_alphabet\train\W\W1176.jpg,W,train
..\..\data\raw\asl_alphabet\train\F\F677.jpg,F,train
..\..\data\raw\asl_alphabet\train\L\L750.jpg,L,train
..\..\data\raw\asl_alphabet\train\A\A2022.jpg,A,train
..\..\data\raw\asl_alphabet\train\M\M124.jpg,M,train
..\..\data\raw\asl_alphabet\train\C\C2015.jpg,C,train
..\..\data\raw\asl_alphabet\train\C\C212.jpg,C,train
..\..\data\raw\asl_alphabet\train\Y\Y1085.jpg,Y,train
..\..\data\raw\asl_alphabet\train\O\O1478.jpg,O,train
..\..\data\raw\asl_alphabet\train\Q\Q1964.jpg,Q,train
..\..\data\raw\asl_alphabet\train\M\M1149.jpg,M,train
..\..\data\raw\asl_alphabet\train\J\J2310.jpg,J,train
..\..\data\raw\asl_alphabet\train\Z\Z1968.jpg,Z,train
..\..\data\raw\asl_alphabet\train\P\P2784.jpg,P,train
..\..\data\raw\asl_alphabet\train\V\V2853.jpg,V,train
..\..\data\raw\asl_alphabet\train\M\M2539.jpg,M,train
..\..\data\raw\asl_alphabet\train\D\D1028.jpg,D,train
..\..\data\raw\asl_alphabet\train\J\J1721.jpg,J,train
..\..\data\raw\asl_alphabet\train\Q\Q464.jpg,Q,train
..\..\data\raw\asl_alphabet\train\space\space1216.jpg,space,train
..\..\data\raw\asl_alphabet\train\del\del2105.jpg,del,train
..\..\data\raw\asl_alphabet\train\G\G976.jpg,G,train
..\..\data\raw\asl_alphabet\train\W\W899.jpg,W,train
..\..\data\raw\asl_alphabet\train\D\D303.jpg,D,train
..\..\data\raw\asl_alphabet\train\Q\Q1100.jpg,Q,train
..\..\data\raw\asl_alphabet\train\B\B720.jpg,B,train
..\..\data\raw\asl_alphabet\train\Z\Z1844.jpg,Z,train
..\..\data\raw\asl_alphabet\train\W\W1826.jpg,W,train
..\..\data\raw\asl_alphabet\train\nothing\nothing966.jpg,nothing,train
..\..\data\raw\asl_alphabet\train\B\B2185.jpg,B,train
..\..\data\raw\asl_alphabet\train\E\E1178.jpg,E,train
..\..\data\raw\asl_alphabet\train\D\D2314.jpg,D,train
..\..\data\raw\asl_alphabet\train\O\O1418.jpg,O,train
..\..\data\raw\asl_alphabet\train\E\E2851.jpg,E,train
..\..\data\raw\asl_alphabet\train\C\C2202.jpg,C,train
..\..\data\raw\asl_alphabet\train\I\I2281.jpg,I,train
..\..\data\raw\asl_alphabet\train\D\D264.jpg,D,train
..\..\data\raw\asl_alphabet\train\V\V746.jpg,V,train
..\..\data\raw\asl_alphabet\train\F\F1744.jpg,F,train
..\..\data\raw\asl_alphabet\train\T\T373.jpg,T,train
..\..\data\raw\asl_alphabet\train\E\E2462.jpg,E,train
..\..\data\raw\asl_alphabet\train\N\N2839.jpg,N,train
..\..\data\raw\asl_alphabet\train\L\L14.jpg,L,train
..\..\data\raw\asl_alphabet\train\S\S1455.jpg,S,train
..\..\data\raw\asl_alphabet\train\V\V1570.jpg,V,train
..\..\data\raw\asl_alphabet\train\nothing\nothing1227.jpg,nothing,train
..\..\data\raw\asl_alphabet\train\A\A712.jpg,A,train
..\..\data\raw\asl_alphabet\train\Y\Y2689.jpg,Y,train
..\..\data\raw\asl_alphabet\train\B\B448.jpg,B,train
..\..\data\raw\asl_alphabet\train\F\F311.jpg,F,train
..\..\data\raw\asl_alphabet\train\B\B339.jpg,B,train
..\..\data\raw\asl_alphabet\train\X\X2190.jpg,X,train
..\..\data\raw\asl_alphabet\train\V\V1149.jpg,V,train
..\..\data\raw\asl_alphabet\train\I\I2758.jpg,I,train
..\..\data\raw\asl_alphabet\train\S\S326.jpg,S,train
..\..\data\raw\asl_alphabet\train\D\D2423.jpg,D,train
..\..\data\raw\asl_alphabet\train\J\J2340.jpg,J,train
..\..\data\raw\asl_alphabet\train\B\B2298.jpg,B,train
..\..\data\raw\asl_alphabet\train\D\D1743.jpg,D,train
..\..\data\raw\asl_alphabet\train\T\T128.jpg,T,train
..\..\data\raw\asl_alphabet\train\T\T65.jpg,T,train
..\..\data\raw\asl_alphabet\train\G\G2359.jpg,G,train
..\..\data\raw\asl_alphabet\train\T\T526.jpg,T,train
..\..\data\raw\asl_alphabet\train\M\M2558.jpg,M,train
..\..\data\raw\asl_alphabet\train\space\space264.jpg,space,train
..\..\data\raw\asl_alphabet\train\I\I1500.jpg,I,train
..\..\data\raw\asl_alphabet\train\E\E347.jpg,E,train
..\..\data\raw\asl_alphabet\train\nothing\nothing2885.jpg,nothing,train
..\..\data\raw\asl_alphabet\train\W\W990.jpg,W,train
..\..\data\raw\asl_alphabet\train\I\I663.jpg,I,train
..\..\data\raw\asl_alphabet\train\P\P1475.jpg,P,train
..\..\data\raw\asl_alphabet\train\nothing\nothing780.jpg,nothing,train
..\..\data\raw\asl_alphabet\train\del\del724.jpg,del,train
..\..\data\raw\asl_alphabet\train\P\P2642.jpg,P,train
..\..\data\raw\asl_alphabet\train\nothing\nothing506.jpg,nothing,train
..\..\data\raw\asl_alphabet\train\space\space1473.jpg,space,train
..\..\data\raw\asl_alphabet\train\Z\Z888.jpg,Z,train
..\..\data\raw\asl_alphabet\train\C\C1513.jpg,C,train
..\..\data\raw\asl_alphabet\train\Z\Z2826.jpg,Z,train
..\..\data\raw\asl_alphabet\train\S\S1801.jpg,S,train
..\..\data\raw\asl_alphabet\train\P\P1956.jpg,P,train
..\..\data\raw\asl_alphabet\train\Y\Y83.jpg,Y,train
..\..\data\raw\asl_alphabet\train\C\C2505.jpg,C,train
..\..\data\raw\asl_alphabet\train\C\C913.jpg,C,train
..\..\data\raw\asl_alphabet\train\R\R2643.jpg,R,train
..\..\data\raw\asl_alphabet\train\L\L2966.jpg,L,train
..\..\data\raw\asl_alphabet\train\G\G1021.jpg,G,train
..\..\data\raw\asl_alphabet\train\Y\Y788.jpg,Y,train
..\..\data\raw\asl_alphabet\train\R\R226.jpg,R,train
..\..\data\raw\asl_alphabet\train\R\R1125.jpg,R,train
..\..\data\raw\asl_alphabet\train\D\D1369.jpg,D,train
..\..\data\raw\asl_alphabet\train\L\L1415.jpg,L,train
..\..\data\raw\asl_alphabet\train\nothing\nothing1154.jpg,nothing,train
..\..\data\raw\asl_alphabet\train\T\T1370.jpg,T,train
..\..\data\raw\asl_alphabet\train\del\del23.jpg,del,train
..\..\data\raw\asl_alphabet\train\H\H1171.jpg,H,train
..\..\data\raw\asl_alphabet\train\C\C2570.jpg,C,train
..\..\data\raw\asl_alphabet\train\H\H1916.jpg,H,train
..\..\data\raw\asl_alphabet\train\Z\Z2474.jpg,Z,train
..\..\data\raw\asl_alphabet\train\M\M136.jpg,M,train
..\..\data\raw\asl_alphabet\train\nothing\nothing1221.jpg,nothing,train
..\..\data\raw\asl_alphabet\train\C\C2231.jpg,C,train
..\..\data\raw\asl_alphabet\train\G\G1397.jpg,G,train
..\..\data\raw\asl_alphabet\train\B\B2182.jpg,B,train
..\..\data\raw\asl_alphabet\train\R\R2188.jpg,R,train
..\..\data\raw\asl_alphabet\train\Z\Z1216.jpg,Z,train
..\..\data\raw\asl_alphabet\train\H\H1733.jpg,H,train
..\..\data\raw\asl_alphabet\train\E\E2365.jpg,E,train
..\..\data\raw\asl_alphabet\train\nothing\nothing2660.jpg,nothing,train
..\..\data\raw\asl_alphabet\train\I\I1130.jpg,I,train
..\..\data\raw\asl_alphabet\train\T\T958.jpg,T,train
..\..\data\raw\asl_alphabet\train\R\R1236.jpg,R,train
..\..\data\raw\asl_alphabet\train\space\space509.jpg,space,train
..\..\data\raw\asl_alphabet\train\R\R2996.jpg,R,train
..\..\data\raw\asl_alphabet\train\F\F78.jpg,F,train
..\..\data\raw\asl_alphabet\train\D\D116.jpg,D,train
..\..\data\raw\asl_alphabet\train\N\N2895.jpg,N,train
..\..\data\raw\asl_alphabet\train\M\M483.jpg,M,train
..\..\data\raw\asl_alphabet\train\K\K1095.jpg,K,train
..\..\data\raw\asl_alphabet\train\K\K1573.jpg,K,train
..\..\data\raw\asl_alphabet\train\A\A1542.jpg,A,train
..\..\data\raw\asl_alphabet\train\Q\Q2122.jpg,Q,train
..\..\data\raw\asl_alphabet\train\T\T1486.jpg,T,train
..\..\data\raw\asl_alphabet\train\E\E2108.jpg,E,train
..\..\data\raw\asl_alphabet\train\nothing\nothing696.jpg,nothing,train
..\..\data\raw\asl_alphabet\train\G\G324.jpg,G,train
..\..\data\raw\asl_alphabet\train\Z\Z2575.jpg,Z,train
..\..\data\raw\asl_alphabet\train\J\J1442.jpg,J,train
..\..\data\raw\asl_alphabet\train\B\B1183.jpg,B,train
..\..\data\raw\asl_alphabet\train\U\U2709.jpg,U,train
..\..\data\raw\asl_alphabet\train\R\R1698.jpg,R,train
..\..\data\raw\asl_alphabet\train\H\H2486.jpg,H,train
..\..\data\raw\asl_alphabet\train\B\B1093.jpg,B,train
..\..\data\raw\asl_alphabet\train\Q\Q2246.jpg,Q,train
..\..\data\raw\asl_alphabet\train\B\B456.jpg,B,train
..\..\data\raw\asl_alphabet\train\V\V2041.jpg,V,train
..\..\data\raw\asl_alphabet\train\Y\Y1295.jpg,Y,train
..\..\data\raw\asl_alphabet\train\Q\Q1116.jpg,Q,train
..\..\data\raw\asl_alphabet\train\nothing\nothing1375.jpg,nothing,train
..\..\data\raw\asl_alphabet\train\P\P2116.jpg,P,train
..\..\data\raw\asl_alphabet\train\O\O1126.jpg,O,train
..\..\data\raw\asl_alphabet\train\V\V844.jpg,V,train
..\..\data\raw\asl_alphabet\train\G\G2458.jpg,G,train
..\..\data\raw\asl_alphabet\train\N\N2454.jpg,N,train
..\..\data\raw\asl_alphabet\train\O\O873.jpg,O,train
..\..\data\raw\asl_alphabet\train\G\G1814.jpg,G,train
..\..\data\raw\asl_alphabet\train\F\F935.jpg,F,train
..\..\data\raw\asl_alphabet\train\X\X2056.jpg,X,train
..\..\data\raw\asl_alphabet\train\D\D1095.jpg,D,train
..\..\data\raw\asl_alphabet\train\K\K1212.jpg,K,train
..\..\data\raw\asl_alphabet\train\D\D1102.jpg,D,train
..\..\data\raw\asl_alphabet\train\V\V2667.jpg,V,train
..\..\data\raw\asl_alphabet\train\W\W394.jpg,W,train
..\..\data\raw\asl_alphabet\train\C\C1462.jpg,C,train
..\..\data\raw\asl_alphabet\train\A\A1292.jpg,A,train
..\..\data\raw\asl_alphabet\train\O\O1931.jpg,O,train
..\..\data\raw\asl_alphabet\train\del\del1716.jpg,del,train
..\..\data\raw\asl_alphabet\train\J\J84.jpg,J,train
..\..\data\raw\asl_alphabet\train\C\C2183.jpg,C,train
..\..\data\raw\asl_alphabet\train\P\P802.jpg,P,train
..\..\data\raw\asl_alphabet\train\X\X1386.jpg,X,train
..\..\data\raw\asl_alphabet\train\D\D1134.jpg,D,train
..\..\data\raw\asl_alphabet\train\H\H2668.jpg,H,train
..\..\data\raw\asl_alphabet\train\P\P119.jpg,P,train
..\..\data\raw\asl_alphabet\train\K\K325.jpg,K,train
..\..\data\raw\asl_alphabet\train\A\A1402.jpg,A,train
..\..\data\raw\asl_alphabet\train\K\K1772.jpg,K,train
..\..\data\raw\asl_alphabet\train\G\G885.jpg,G,train
..\..\data\raw\asl_alphabet\train\Z\Z267.jpg,Z,train
..\..\data\raw\asl_alphabet\train\G\G310.jpg,G,train
..\..\data\raw\asl_alphabet\train\P\P566.jpg,P,train
..\..\data\raw\asl_alphabet\train\V\V1211.jpg,V,train
..\..\data\raw\asl_alphabet\train\S\S1945.jpg,S,train
..\..\data\raw\asl_alphabet\train\B\B1261.jpg,B,train
..\..\data\raw\asl_alphabet\train\Z\Z2733.jpg,Z,train
..\..\data\raw\asl_alphabet\train\E\E2428.jpg,E,train
..\..\data\raw\asl_alphabet\train\Q\Q2864.jpg,Q,train
..\..\data\raw\asl_alphabet\train\U\U2233.jpg,U,train
..\..\data\raw\asl_alphabet\train\Q\Q2353.jpg,Q,train
..\..\data\raw\asl_alphabet\train\D\D1975.jpg,D,train
..\..\data\raw\asl_alphabet\train\J\J2957.jpg,J,train
..\..\data\raw\asl_alphabet\train\V\V1420.jpg,V,train
..\..\data\raw\asl_alphabet\train\G\G1556.jpg,G,train
..\..\data\raw\asl_alphabet\train\G\G1271.jpg,G,train
..\..\data\raw\asl_alphabet\train\X\X565.jpg,X,train
..\..\data\raw\asl_alphabet\train\X\X2167.jpg,X,train
..\..\data\raw\asl_alphabet\train\O\O2404.jpg,O,train
..\..\data\raw\asl_alphabet\train\H\H222.jpg,H,train
..\..\data\raw\asl_alphabet\train\M\M1158.jpg,M,train
..\..\data\raw\asl_alphabet\train\D\D409.jpg,D,train
..\..\data\raw\asl_alphabet\train\C\C1542.jpg,C,train
..\..\data\raw\asl_alphabet\train\F\F650.jpg,F,train
..\..\data\raw\asl_alphabet\train\Z\Z1168.jpg,Z,train
..\..\data\raw\asl_alphabet\train\J\J2266.jpg,J,train
..\..\data\raw\asl_alphabet\train\F\F1826.jpg,F,train
..\..\data\raw\asl_alphabet\train\X\X1831.jpg,X,train
..\..\data\raw\asl_alphabet\train\H\H1117.jpg,H,train
..\..\data\raw\asl_alphabet\train\F\F2233.jpg,F,train
..\..\data\raw\asl_alphabet\train\I\I2290.jpg,I,train
..\..\data\raw\asl_alphabet\train\D\D2453.jpg,D,train
..\..\data\raw\asl_alphabet\train\F\F1081.jpg,F,train
..\..\data\raw\asl_alphabet\train\T\T1327.jpg,T,train
..\..\data\raw\asl_alphabet\train\S\S2598.jpg,S,train
..\..\data\raw\asl_alphabet\train\I\I1609.jpg,I,train
..\..\data\raw\asl_alphabet\train\K\K1433.jpg,K,train
..\..\data\raw\asl_alphabet\train\X\X1599.jpg,X,train
..\..\data\raw\asl_alphabet\train\A\A1399.jpg,A,train
..\..\data\raw\asl_alphabet\train\Y\Y1866.jpg,Y,train
..\..\data\raw\asl_alphabet\train\T\T1339.jpg,T,train
..\..\data\raw\asl_alphabet\train\N\N1070.jpg,N,train
..\..\data\raw\asl_alphabet\train\A\A2018.jpg,A,train
..\..\data\raw\asl_alphabet\train\G\G2766.jpg,G,train
..\..\data\raw\asl_alphabet\train\U\U1450.jpg,U,train
..\..\data\raw\asl_alphabet\train\C\C62.jpg,C,train
..\..\data\raw\asl_alphabet\train\H\H2868.jpg,H,train
..\..\data\raw\asl_alphabet\train\Z\Z472.jpg,Z,train
..\..\data\raw\asl_alphabet\train\L\L2412.jpg,L,train
..\..\data\raw\asl_alphabet\train\nothing\nothing534.jpg,nothing,train
..\..\data\raw\asl_alphabet\train\O\O1777.jpg,O,train
..\..\data\raw\asl_alphabet\train\X\X2465.jpg,X,train
..\..\data\raw\asl_alphabet\train\del\del1085.jpg,del,train
..\..\data\raw\asl_alphabet\train\M\M1628.jpg,M,train
..\..\data\raw\asl_alphabet\train\W\W2718.jpg,W,train
..\..\data\raw\asl_alphabet\train\A\A262.jpg,A,train
..\..\data\raw\asl_alphabet\train\del\del2495.jpg,del,train
..\..\data\raw\asl_alphabet\train\I\I2985.jpg,I,train
..\..\data\raw\asl_alphabet\train\W\W1857.jpg,W,train
..\..\data\raw\asl_alphabet\train\Q\Q668.jpg,Q,train
..\..\data\raw\asl_alphabet\train\del\del867.jpg,del,train
..\..\data\raw\asl_alphabet\train\N\N2284.jpg,N,train
..\..\data\raw\asl_alphabet\train\H\H1526.jpg,H,train
..\..\data\raw\asl_alphabet\train\U\U1366.jpg,U,train
..\..\data\raw\asl_alphabet\train\F\F574.jpg,F,train
..\..\data\raw\asl_alphabet\train\I\I2768.jpg,I,train
..\..\data\raw\asl_alphabet\train\O\O2788.jpg,O,train
..\..\data\raw\asl_alphabet\train\Q\Q2907.jpg,Q,train
..\..\data\raw\asl_alphabet\train\D\D1152.jpg,D,train
..\..\data\raw\asl_alphabet\train\J\J1694.jpg,J,train
..\..\data\raw\asl_alphabet\train\O\O2168.jpg,O,train
..\..\data\raw\asl_alphabet\train\U\U1400.jpg,U,train
..\..\data\raw\asl_alphabet\train\O\O845.jpg,O,train
..\..\data\raw\asl_alphabet\train\X\X193.jpg,X,train
..\..\data\raw\asl_alphabet\train\E\E359.jpg,E,train
..\..\data\raw\asl_alphabet\train\F\F776.jpg,F,train
..\..\data\raw\asl_alphabet\train\Q\Q413.jpg,Q,train
..\..\data\raw\asl_alphabet\train\T\T1776.jpg,T,train
..\..\data\raw\asl_alphabet\train\N\N1450.jpg,N,train
..\..\data\raw\asl_alphabet\train\L\L872.jpg,L,train
..\..\data\raw\asl_alphabet\train\R\R988.jpg,R,train
..\..\data\raw\asl_alphabet\train\J\J159.jpg,J,train
..\..\data\raw\asl_alphabet\train\S\S2823.jpg,S,train
..\..\data\raw\asl_alphabet\train\S\S1643.jpg,S,train
..\..\data\raw\asl_alphabet\train\O\O2607.jpg,O,train
..\..\data\raw\asl_alphabet\train\Z\Z107.jpg,Z,train
..\..\data\raw\asl_alphabet\train\V\V2792.jpg,V,train
..\..\data\raw\asl_alphabet\train\R\R66.jpg,R,train
..\..\data\raw\asl_alphabet\train\F\F762.jpg,F,train
..\..\data\raw\asl_alphabet\train\H\H906.jpg,H,train
..\..\data\raw\asl_alphabet\train\L\L158.jpg,L,train
..\..\data\raw\asl_alphabet\train\C\C900.jpg,C,train
..\..\data\raw\asl_alphabet\train\V\V413.jpg,V,train
..\..\data\raw\asl_alphabet\train\B\B2237.jpg,B,train
..\..\data\raw\asl_alphabet\train\F\F669.jpg,F,train
..\..\data\raw\asl_alphabet\train\H\H2734.jpg,H,train
..\..\data\raw\asl_alphabet\train\del\del1539.jpg,del,train
..\..\data\raw\asl_alphabet\train\G\G1504.jpg,G,train
..\..\data\raw\asl_alphabet\train\O\O2124.jpg,O,train
..\..\data\raw\asl_alphabet\train\Y\Y2841.jpg,Y,train
..\..\data\raw\asl_alphabet\train\N\N2437.jpg,N,train
..\..\data\raw\asl_alphabet\train\del\del242.jpg,del,train
..\..\data\raw\asl_alphabet\train\S\S425.jpg,S,train
..\..\data\raw\asl_alphabet\train\G\G816.jpg,G,train
..\..\data\raw\asl_alphabet\train\M\M2232.jpg,M,train
..\..\data\raw\asl_alphabet\train\F\F2875.jpg,F,train
..\..\data\raw\asl_alphabet\train\S\S1743.jpg,S,train
..\..\data\raw\asl_alphabet\train\H\H255.jpg,H,train
..\..\data\raw\asl_alphabet\train\H\H1046.jpg,H,train
..\..\data\raw\asl_alphabet\train\Y\Y813.jpg,Y,train
..\..\data\raw\asl_alphabet\train\L\L2111.jpg,L,train
..\..\data\raw\asl_alphabet\train\K\K1817.jpg,K,train
..\..\data\raw\asl_alphabet\train\M\M2349.jpg,M,train
..\..\data\raw\asl_alphabet\train\U\U2153.jpg,U,train
..\..\data\raw\asl_alphabet\train\U\U1040.jpg,U,train
..\..\data\raw\asl_alphabet\train\S\S2546.jpg,S,train
..\..\data\raw\asl_alphabet\train\K\K1029.jpg,K,train
..\..\data\raw\asl_alphabet\train\Y\Y1814.jpg,Y,train
..\..\data\raw\asl_alphabet\train\Q\Q1871.jpg,Q,train
..\..\data\raw\asl_alphabet\train\F\F2969.jpg,F,train
..\..\data\raw\asl_alphabet\train\G\G2425.jpg,G,train
..\..\data\raw\asl_alphabet\train\K\K1058.jpg,K,train
..\..\data\raw\asl_alphabet\train\X\X2004.jpg,X,train
..\..\data\raw\asl_alphabet\train\Y\Y2203.jpg,Y,train
..\..\data\raw\asl_alphabet\train\P\P1178.jpg,P,train
..\..\data\raw\asl_alphabet\train\nothing\nothing2316.jpg,nothing,train
..\..\data\raw\asl_alphabet\train\O\O1290.jpg,O,train
..\..\data\raw\asl_alphabet\train\D\D720.jpg,D,train
..\..\data\raw\asl_alphabet\train\R\R2771.jpg,R,train
..\..\data\raw\asl_alphabet\train\H\H2489.jpg,H,train
..\..\data\raw\asl_alphabet\train\I\I1437.jpg,I,train
..\..\data\raw\asl_alphabet\train\nothing\nothing2111.jpg,nothing,train
..\..\data\raw\asl_alphabet\train\C\C1422.jpg,C,train
..\..\data\raw\asl_alphabet\train\N\N1460.jpg,N,train
..\..\data\raw\asl_alphabet\train\del\del2807.jpg,del,train
..\..\data\raw\asl_alphabet\train\Q\Q1506.jpg,Q,train
..\..\data\raw\asl_alphabet\train\H\H1013.jpg,H,train
..\..\data\raw\asl_alphabet\train\W\W477.jpg,W,train
..\..\data\raw\asl_alphabet\train\E\E1268.jpg,E,train
..\..\data\raw\asl_alphabet\train\M\M1698.jpg,M,train
..\..\data\raw\asl_alphabet\train\N\N1105.jpg,N,train
..\..\data\raw\asl_alphabet\train\Y\Y2041.jpg,Y,train
..\..\data\raw\asl_alphabet\train\B\B1416.jpg,B,train
..\..\data\raw\asl_alphabet\train\T\T449.jpg,T,train
..\..\data\raw\asl_alphabet\train\space\space1730.jpg,space,train
..\..\data\raw\asl_alphabet\train\O\O105.jpg,O,train
..\..\data\raw\asl_alphabet\train\K\K2949.jpg,K,train
..\..\data\raw\asl_alphabet\train\del\del480.jpg,del,train
..\..\data\raw\asl_alphabet\train\J\J1501.jpg,J,train
..\..\data\raw\asl_alphabet\train\C\C1195.jpg,C,train
..\..\data\raw\asl_alphabet\train\Y\Y2373.jpg,Y,train
..\..\data\raw\asl_alphabet\train\B\B1251.jpg,B,train
..\..\data\raw\asl_alphabet\train\G\G2645.jpg,G,train
..\..\data\raw\asl_alphabet\train\I\I611.jpg,I,train
..\..\data\raw\asl_alphabet\train\Q\Q1737.jpg,Q,train
..\..\data\raw\asl_alphabet\train\H\H514.jpg,H,train
..\..\data\raw\asl_alphabet\train\R\R1505.jpg,R,train
..\..\data\raw\asl_alphabet\train\P\P2815.jpg,P,train
..\..\data\raw\asl_alphabet\train\R\R1263.jpg,R,train
..\..\data\raw\asl_alphabet\train\del\del802.jpg,del,train
..\..\data\raw\asl_alphabet\train\P\P177.jpg,P,train
..\..\data\raw\asl_alphabet\train\nothing\nothing1545.jpg,nothing,train
..\..\data\raw\asl_alphabet\train\V\V1355.jpg,V,train
..\..\data\raw\asl_alphabet\train\M\M299.jpg,M,train
..\..\data\raw\asl_alphabet\train\X\X1088.jpg,X,train
..\..\data\raw\asl_alphabet\train\W\W2300.jpg,W,train
..\..\data\raw\asl_alphabet\train\P\P639.jpg,P,train
..\..\data\raw\asl_alphabet\train\O\O1232.jpg,O,train
..\..\data\raw\asl_alphabet\train\S\S2554.jpg,S,train
..\..\data\raw\asl_alphabet\train\F\F1551.jpg,F,train
..\..\data\raw\asl_alphabet\train\P\P1099.jpg,P,train
..\..\data\raw\asl_alphabet\train\nothing\nothing136.jpg,nothing,train
..\..\data\raw\asl_alphabet\train\Q\Q980.jpg,Q,train
..\..\data\raw\asl_alphabet\train\E\E2386.jpg,E,train
..\..\data\raw\asl_alphabet\train\del\del1075.jpg,del,train
..\..\data\raw\asl_alphabet\train\A\A399.jpg,A,train
..\..\data\raw\asl_alphabet\train\W\W487.jpg,W,train
..\..\data\raw\asl_alphabet\train\N\N2405.jpg,N,train
..\..\data\raw\asl_alphabet\train\G\G2902.jpg,G,train
..\..\data\raw\asl_alphabet\train\del\del2952.jpg,del,train
..\..\data\raw\asl_alphabet\train\Y\Y568.jpg,Y,train
..\..\data\raw\asl_alphabet\train\G\G1104.jpg,G,train
..\..\data\raw\asl_alphabet\train\U\U1603.jpg,U,train
..\..\data\raw\asl_alphabet\train\nothing\nothing837.jpg,nothing,train
..\..\data\raw\asl_alphabet\train\nothing\nothing2708.jpg,nothing,train
..\..\data\raw\asl_alphabet\train\N\N2716.jpg,N,train
..\..\data\raw\asl_alphabet\train\H\H210.jpg,H,train
..\..\data\raw\asl_alphabet\train\A\A2869.jpg,A,train
..\..\data\raw\asl_alphabet\train\M\M2764.jpg,M,train
..\..\data\raw\asl_alphabet\train\R\R1426.jpg,R,train
..\..\data\raw\asl_alphabet\train\W\W251.jpg,W,train
..\..\data\raw\asl_alphabet\train\Q\Q624.jpg,Q,train
..\..\data\raw\asl_alphabet\train\W\W749.jpg,W,train
..\..\data\raw\asl_alphabet\train\I\I2109.jpg,I,train
..\..\data\raw\asl_alphabet\train\O\O2510.jpg,O,train
..\..\data\raw\asl_alphabet\train\U\U2797.jpg,U,train
..\..\data\raw\asl_alphabet\train\Z\Z332.jpg,Z,train
..\..\data\raw\asl_alphabet\train\del\del1015.jpg,del,train
..\..\data\raw\asl_alphabet\train\I\I1269.jpg,I,train
..\..\data\raw\asl_alphabet\train\Q\Q398.jpg,Q,train
..\..\data\raw\asl_alphabet\train\B\B2017.jpg,B,train
..\..\data\raw\asl_alphabet\train\Z\Z2512.jpg,Z,train
..\..\data\raw\asl_alphabet\train\K\K12.jpg,K,train
..\..\data\raw\asl_alphabet\train\K\K2071.jpg,K,train
..\..\data\raw\asl_alphabet\train\I\I1352.jpg,I,train
..\..\data\raw\asl_alphabet\train\Z\Z757.jpg,Z,train
..\..\data\raw\asl_alphabet\train\I\I1579.jpg,I,train
..\..\data\raw\asl_alphabet\train\space\space636.jpg,space,train
..\..\data\raw\asl_alphabet\train\C\C2352.jpg,C,train
..\..\data\raw\asl_alphabet\train\Z\Z1858.jpg,Z,train
..\..\data\raw\asl_alphabet\train\E\E2467.jpg,E,train
..\..\data\raw\asl_alphabet\train\U\U610.jpg,U,train
..\..\data\raw\asl_alphabet\train\U\U151.jpg,U,train
..\..\data\raw\asl_alphabet\train\F\F2344.jpg,F,train
..\..\data\raw\asl_alphabet\train\G\G573.jpg,G,train
..\..\data\raw\asl_alphabet\train\F\F1581.jpg,F,train
..\..\data\raw\asl_alphabet\train\G\G1680.jpg,G,train
..\..\data\raw\asl_alphabet\train\Y\Y2087.jpg,Y,train
..\..\data\raw\asl_alphabet\train\R\R688.jpg,R,train
..\..\data\raw\asl_alphabet\train\H\H2653.jpg,H,train
..\..\data\raw\asl_alphabet\train\S\S2157.jpg,S,train
..\..\data\raw\asl_alphabet\train\space\space2125.jpg,space,train
..\..\data\raw\asl_alphabet\train\I\I2387.jpg,I,train
..\..\data\raw\asl_alphabet\train\D\D1640.jpg,D,train
..\..\data\raw\asl_alphabet\train\C\C566.jpg,C,train
..\..\data\raw\asl_alphabet\train\del\del2855.jpg,del,train
..\..\data\raw\asl_alphabet\train\space\space534.jpg,space,train
..\..\data\raw\asl_alphabet\train\F\F2440.jpg,F,train
..\..\data\raw\asl_alphabet\train\R\R318.jpg,R,train
..\..\data\raw\asl_alphabet\train\D\D1073.jpg,D,train
..\..\data\raw\asl_alphabet\train\F\F1161.jpg,F,train
..\..\data\raw\asl_alphabet\train\E\E2397.jpg,E,train
..\..\data\raw\asl_alphabet\train\T\T656.jpg,T,train
..\..\data\raw\asl_alphabet\train\A\A1562.jpg,A,train
..\..\data\raw\asl_alphabet\train\M\M2519.jpg,M,train
..\..\data\raw\asl_alphabet\train\A\A1571.jpg,A,train
..\..\data\raw\asl_alphabet\train\nothing\nothing2883.jpg,nothing,train
..\..\data\raw\asl_alphabet\train\Q\Q650.jpg,Q,train
..\..\data\raw\asl_alphabet\train\space\space1979.jpg,space,train
..\..\data\raw\asl_alphabet\train\nothing\nothing40.jpg,nothing,train
..\..\data\raw\asl_alphabet\train\del\del273.jpg,del,train
..\..\data\raw\asl_alphabet\train\V\V1596.jpg,V,train
..\..\data\raw\asl_alphabet\train\A\A1269.jpg,A,train
..\..\data\raw\asl_alphabet\train\T\T2257.jpg,T,train
..\..\data\raw\asl_alphabet\train\G\G1513.jpg,G,train
..\..\data\raw\asl_alphabet\train\D\D1117.jpg,D,train
..\..\data\raw\asl_alphabet\train\Y\Y869.jpg,Y,train
..\..\data\raw\asl_alphabet\train\I\I1744.jpg,I,train
..\..\data\raw\asl_alphabet\train\Z\Z1545.jpg,Z,train
..\..\data\raw\asl_alphabet\train\M\M2692.jpg,M,train
..\..\data\raw\asl_alphabet\train\C\C1421.jpg,C,train
..\..\data\raw\asl_alphabet\train\N\N466.jpg,N,train
..\..\data\raw\asl_alphabet\train\space\space2871.jpg,space,train
..\..\data\raw\asl_alphabet\train\C\C1541.jpg,C,train
..\..\data\raw\asl_alphabet\train\H\H93.jpg,H,train
..\..\data\raw\asl_alphabet\train\X\X1928.jpg,X,train
..\..\data\raw\asl_alphabet\train\G\G1072.jpg,G,train
..\..\data\raw\asl_alphabet\train\J\J2632.jpg,J,train
..\..\data\raw\asl_alphabet\train\G\G1972.jpg,G,train
..\..\data\raw\asl_alphabet\train\A\A1792.jpg,A,train
..\..\data\raw\asl_alphabet\train\Q\Q2308.jpg,Q,train
..\..\data\raw\asl_alphabet\train\C\C350.jpg,C,train
..\..\data\raw\asl_alphabet\train\W\W2807.jpg,W,train
..\..\data\raw\asl_alphabet\train\O\O360.jpg,O,train
..\..\data\raw\asl_alphabet\train\space\space1716.jpg,space,train
..\..\data\raw\asl_alphabet\train\A\A2113.jpg,A,train
..\..\data\raw\asl_alphabet\train\Z\Z968.jpg,Z,train
..\..\data\raw\asl_alphabet\train\R\R2456.jpg,R,train
..\..\data\raw\asl_alphabet\train\T\T597.jpg,T,train
..\..\data\raw\asl_alphabet\train\F\F1879.jpg,F,train
..\..\data\raw\asl_alphabet\train\del\del2755.jpg,del,train
..\..\data\raw\asl_alphabet\train\B\B2678.jpg,B,train
..\..\data\raw\asl_alphabet\train\J\J2048.jpg,J,train
..\..\data\raw\asl_alphabet\train\X\X2751.jpg,X,train
..\..\data\raw\asl_alphabet\train\T\T2098.jpg,T,train
..\..\data\raw\asl_alphabet\train\F\F1229.jpg,F,train
..\..\data\raw\asl_alphabet\train\J\J1197.jpg,J,train
..\..\data\raw\asl_alphabet\train\L\L317.jpg,L,train
..\..\data\raw\asl_alphabet\train\nothing\nothing157.jpg,nothing,train
..\..\data\raw\asl_alphabet\train\T\T1048.jpg,T,train
..\..\data\raw\asl_alphabet\train\W\W1974.jpg,W,train
..\..\data\raw\asl_alphabet\train\nothing\nothing1908.jpg,nothing,train
..\..\data\raw\asl_alphabet\train\H\H1239.jpg,H,train
..\..\data\raw\asl_alphabet\train\T\T1526.jpg,T,train
..\..\data\raw\asl_alphabet\train\space\space2312.jpg,space,train
..\..\data\raw\asl_alphabet\train\D\D2006.jpg,D,train
..\..\data\raw\asl_alphabet\train\M\M220.jpg,M,train
..\..\data\raw\asl_alphabet\train\N\N1722.jpg,N,train
..\..\data\raw\asl_alphabet\train\J\J646.jpg,J,train
..\..\data\raw\asl_alphabet\train\L\L1571.jpg,L,train
..\..\data\raw\asl_alphabet\train\Y\Y2894.jpg,Y,train
..\..\data\raw\asl_alphabet\train\R\R2409.jpg,R,train
..\..\data\raw\asl_alphabet\train\V\V967.jpg,V,train
..\..\data\raw\asl_alphabet\train\A\A495.jpg,A,train
..\..\data\raw\asl_alphabet\train\W\W1268.jpg,W,train
..\..\data\raw\asl_alphabet\train\X\X118.jpg,X,train
..\..\data\raw\asl_alphabet\train\space\space10.jpg,space,train
..\..\data\raw\asl_alphabet\train\E\E2724.jpg,E,train
..\..\data\raw\asl_alphabet\train\J\J353.jpg,J,train
..\..\data\raw\asl_alphabet\train\K\K2967.jpg,K,train
..\..\data\raw\asl_alphabet\train\R\R1369.jpg,R,train
..\..\data\raw\asl_alphabet\train\X\X2243.jpg,X,train
..\..\data\raw\asl_alphabet\train\T\T1053.jpg,T,train
..\..\data\raw\asl_alphabet\train\W\W139.jpg,W,train
..\..\data\raw\asl_alphabet\train\nothing\nothing1557.jpg,nothing,train
..\..\data\raw\asl_alphabet\train\nothing\nothing252.jpg,nothing,train
..\..\data\raw\asl_alphabet\train\J\J474.jpg,J,train
..\..\data\raw\asl_alphabet\train\M\M2132.jpg,M,train
..\..\data\raw\asl_alphabet\train\X\X1396.jpg,X,train
..\..\data\raw\asl_alphabet\train\V\V917.jpg,V,train
..\..\data\raw\asl_alphabet\train\H\H1423.jpg,H,train
..\..\data\raw\asl_alphabet\train\M\M1191.jpg,M,train
..\..\data\raw\asl_alphabet\train\K\K118.jpg,K,train
..\..\data\raw\asl_alphabet\train\Y\Y1792.jpg,Y,train
..\..\data\raw\asl_alphabet\train\U\U1509.jpg,U,train
..\..\data\raw\asl_alphabet\train\E\E2705.jpg,E,train
..\..\data\raw\asl_alphabet\train\T\T877.jpg,T,train
..\..\data\raw\asl_alphabet\train\U\U637.jpg,U,train
..\..\data\raw\asl_alphabet\train\L\L530.jpg,L,train
..\..\data\raw\asl_alphabet\train\K\K1544.jpg,K,train
..\..\data\raw\asl_alphabet\train\L\L1288.jpg,L,train
..\..\data\raw\asl_alphabet\train\L\L311.jpg,L,train
..\..\data\raw\asl_alphabet\train\del\del66.jpg,del,train
..\..\data\raw\asl_alphabet\train\J\J2331.jpg,J,train
..\..\data\raw\asl_alphabet\train\U\U1286.jpg,U,train
..\..\data\raw\asl_alphabet\train\Z\Z2103.jpg,Z,train
..\..\data\raw\asl_alphabet\train\space\space1015.jpg,space,train
..\..\data\raw\asl_alphabet\train\Z\Z2284.jpg,Z,train
..\..\data\raw\asl_alphabet\train\L\L2672.jpg,L,train
..\..\data\raw\asl_alphabet\train\del\del1573.jpg,del,train
..\..\data\raw\asl_alphabet\train\W\W1521.jpg,W,train
..\..\data\raw\asl_alphabet\train\U\U2291.jpg,U,train
..\..\data\raw\asl_alphabet\train\L\L734.jpg,L,train
..\..\data\raw\asl_alphabet\train\Q\Q313.jpg,Q,train
..\..\data\raw\asl_alphabet\train\C\C1817.jpg,C,train
..\..\data\raw\asl_alphabet\train\N\N1495.jpg,N,train
..\..\data\raw\asl_alphabet\train\I\I679.jpg,I,train
..\..\data\raw\asl_alphabet\train\G\G1522.jpg,G,train
..\..\data\raw\asl_alphabet\train\space\space687.jpg,space,train
..\..\data\raw\asl_alphabet\train\I\I2328.jpg,I,train
..\..\data\raw\asl_alphabet\train\del\del1823.jpg,del,train
..\..\data\raw\asl_alphabet\train\F\F1525.jpg,F,train
..\..\data\raw\asl_alphabet\train\C\C2287.jpg,C,train
..\..\data\raw\asl_alphabet\train\R\R2164.jpg,R,train
..\..\data\raw\asl_alphabet\train\V\V2219.jpg,V,train
..\..\data\raw\asl_alphabet\train\B\B1885.jpg,B,train
..\..\data\raw\asl_alphabet\train\O\O2033.jpg,O,train
..\..\data\raw\asl_alphabet\train\N\N596.jpg,N,train
..\..\data\raw\asl_alphabet\train\D\D1830.jpg,D,train
..\..\data\raw\asl_alphabet\train\C\C1440.jpg,C,train
..\..\data\raw\asl_alphabet\train\L\L2692.jpg,L,train
..\..\data\raw\asl_alphabet\train\U\U571.jpg,U,train
..\..\data\raw\asl_alphabet\train\del\del816.jpg,del,train
..\..\data\raw\asl_alphabet\train\U\U783.jpg,U,train
..\..\data\raw\asl_alphabet\train\J\J1671.jpg,J,train
..\..\data\raw\asl_alphabet\train\T\T2854.jpg,T,train
..\..\data\raw\asl_alphabet\train\L\L860.jpg,L,train
..\..\data\raw\asl_alphabet\train\Q\Q2941.jpg,Q,train
..\..\data\raw\asl_alphabet\train\nothing\nothing2501.jpg,nothing,train
..\..\data\raw\asl_alphabet\train\I\I1492.jpg,I,train
..\..\data\raw\asl_alphabet\train\W\W274.jpg,W,train
..\..\data\raw\asl_alphabet\train\nothing\nothing1485.jpg,nothing,train
..\..\data\raw\asl_alphabet\train\N\N1633.jpg,N,train
..\..\data\raw\asl_alphabet\train\R\R233.jpg,R,train
..\..\data\raw\asl_alphabet\train\T\T846.jpg,T,train
..\..\data\raw\asl_alphabet\train\X\X1209.jpg,X,train
..\..\data\raw\asl_alphabet\train\N\N76.jpg,N,train
..\..\data\raw\asl_alphabet\train\F\F1379.jpg,F,train
..\..\data\raw\asl_alphabet\train\H\H1196.jpg,H,train
..\..\data\raw\asl_alphabet\train\L\L1418.jpg,L,train
..\..\data\raw\asl_alphabet\train\space\space2378.jpg,space,train
..\..\data\raw\asl_alphabet\train\A\A839.jpg,A,train
..\..\data\raw\asl_alphabet\train\C\C2538.jpg,C,train
..\..\data\raw\asl_alphabet\train\S\S1608.jpg,S,train
..\..\data\raw\asl_alphabet\train\L\L1643.jpg,L,train
..\..\data\raw\asl_alphabet\train\B\B1028.jpg,B,train
..\..\data\raw\asl_alphabet\train\A\A702.jpg,A,train
..\..\data\raw\asl_alphabet\train\R\R2796.jpg,R,train
..\..\data\raw\asl_alphabet\train\R\R406.jpg,R,train
..\..\data\raw\asl_alphabet\train\H\H2027.jpg,H,train
..\..\data\raw\asl_alphabet\train\J\J1978.jpg,J,train
..\..\data\raw\asl_alphabet\train\F\F761.jpg,F,train
..\..\data\raw\asl_alphabet\train\P\P992.jpg,P,train
..\..\data\raw\asl_alphabet\train\S\S48.jpg,S,train
..\..\data\raw\asl_alphabet\train\nothing\nothing2730.jpg,nothing,train
..\..\data\raw\asl_alphabet\train\U\U1079.jpg,U,train
..\..\data\raw\asl_alphabet\train\B\B1864.jpg,B,train
..\..\data\raw\asl_alphabet\train\V\V2591.jpg,V,train
..\..\data\raw\asl_alphabet\train\G\G2144.jpg,G,train
..\..\data\raw\asl_alphabet\train\Z\Z2283.jpg,Z,train
..\..\data\raw\asl_alphabet\train\K\K837.jpg,K,train
..\..\data\raw\asl_alphabet\train\W\W1383.jpg,W,train
..\..\data\raw\asl_alphabet\train\Z\Z2418.jpg,Z,train
..\..\data\raw\asl_alphabet\train\R\R1292.jpg,R,train
..\..\data\raw\asl_alphabet\train\X\X42.jpg,X,train
..\..\data\raw\asl_alphabet\train\U\U2792.jpg,U,train
..\..\data\raw\asl_alphabet\train\nothing\nothing1039.jpg,nothing,train
..\..\data\raw\asl_alphabet\train\I\I386.jpg,I,train
..\..\data\raw\asl_alphabet\train\A\A2142.jpg,A,train
..\..\data\raw\asl_alphabet\train\S\S1154.jpg,S,train
..\..\data\raw\asl_alphabet\train\Z\Z2574.jpg,Z,train
..\..\data\raw\asl_alphabet\train\Y\Y345.jpg,Y,train
..\..\data\raw\asl_alphabet\train\G\G655.jpg,G,train
..\..\data\raw\asl_alphabet\train\O\O338.jpg,O,train
..\..\data\raw\asl_alphabet\train\E\E2014.jpg,E,train
..\..\data\raw\asl_alphabet\train\D\D2352.jpg,D,train
..\..\data\raw\asl_alphabet\train\O\O2808.jpg,O,train
..\..\data\raw\asl_alphabet\train\E\E1288.jpg,E,train
..\..\data\raw\asl_alphabet\train\M\M2543.jpg,M,train
..\..\data\raw\asl_alphabet\train\N\N1987.jpg,N,train
..\..\data\raw\asl_alphabet\train\nothing\nothing2840.jpg,nothing,train
..\..\data\raw\asl_alphabet\train\T\T2141.jpg,T,train
..\..\data\raw\asl_alphabet\train\nothing\nothing2314.jpg,nothing,train
..\..\data\raw\asl_alphabet\train\Z\Z2146.jpg,Z,train
..\..\data\raw\asl_alphabet\train\E\E1645.jpg,E,train
..\..\data\raw\asl_alphabet\train\del\del2128.jpg,del,train
..\..\data\raw\asl_alphabet\train\M\M1194.jpg,M,train
..\..\data\raw\asl_alphabet\train\X\X1733.jpg,X,train
..\..\data\raw\asl_alphabet\train\F\F2481.jpg,F,train
..\..\data\raw\asl_alphabet\train\J\J2166.jpg,J,train
..\..\data\raw\asl_alphabet\train\F\F1985.jpg,F,train
..\..\data\raw\asl_alphabet\train\I\I989.jpg,I,train
..\..\data\raw\asl_alphabet\train\B\B2111.jpg,B,train
..\..\data\raw\asl_alphabet\train\space\space2991.jpg,space,train
..\..\data\raw\asl_alphabet\train\N\N450.jpg,N,train
..\..\data\raw\asl_alphabet\train\J\J1495.jpg,J,train
..\..\data\raw\asl_alphabet\train\Y\Y1655.jpg,Y,train
..\..\data\raw\asl_alphabet\train\E\E2850.jpg,E,train
..\..\data\raw\asl_alphabet\train\F\F681.jpg,F,train
..\..\data\raw\asl_alphabet\train\W\W1791.jpg,W,train
..\..\data\raw\asl_alphabet\train\N\N1362.jpg,N,train
..\..\data\raw\asl_alphabet\train\E\E1604.jpg,E,train
..\..\data\raw\asl_alphabet\train\U\U604.jpg,U,train
..\..\data\raw\asl_alphabet\train\L\L2326.jpg,L,train
..\..\data\raw\asl_alphabet\train\Z\Z872.jpg,Z,train
..\..\data\raw\asl_alphabet\train\F\F423.jpg,F,train
..\..\data\raw\asl_alphabet\train\P\P472.jpg,P,train
..\..\data\raw\asl_alphabet\train\U\U2783.jpg,U,train
..\..\data\raw\asl_alphabet\train\V\V1246.jpg,V,train
..\..\data\raw\asl_alphabet\train\Y\Y1388.jpg,Y,train
..\..\data\raw\asl_alphabet\train\U\U1240.jpg,U,train
..\..\data\raw\asl_alphabet\train\M\M670.jpg,M,train
..\..\data\raw\asl_alphabet\train\F\F2802.jpg,F,train
..\..\data\raw\asl_alphabet\train\X\X2524.jpg,X,train
..\..\data\raw\asl_alphabet\train\nothing\nothing1381.jpg,nothing,train
..\..\data\raw\asl_alphabet\train\Q\Q656.jpg,Q,train
..\..\data\raw\asl_alphabet\train\Y\Y2313.jpg,Y,train
..\..\data\raw\asl_alphabet\train\O\O614.jpg,O,train
..\..\data\raw\asl_alphabet\train\I\I815.jpg,I,train
..\..\data\raw\asl_alphabet\train\J\J1691.jpg,J,train
..\..\data\raw\asl_alphabet\train\L\L853.jpg,L,train
..\..\data\raw\asl_alphabet\train\T\T2976.jpg,T,train
..\..\data\raw\asl_alphabet\train\S\S327.jpg,S,train
..\..\data\raw\asl_alphabet\train\S\S1456.jpg,S,train
..\..\data\raw\asl_alphabet\train\B\B1218.jpg,B,train
..\..\data\raw\asl_alphabet\train\M\M497.jpg,M,train
..\..\data\raw\asl_alphabet\train\nothing\nothing1024.jpg,nothing,train
..\..\data\raw\asl_alphabet\train\H\H2893.jpg,H,train
..\..\data\raw\asl_alphabet\train\E\E163.jpg,E,train
..\..\data\raw\asl_alphabet\train\V\V2809.jpg,V,train
..\..\data\raw\asl_alphabet\train\P\P2593.jpg,P,train
..\..\data\raw\asl_alphabet\train\I\I2403.jpg,I,train
..\..\data\raw\asl_alphabet\train\U\U710.jpg,U,train
..\..\data\raw\asl_alphabet\train\T\T725.jpg,T,train
..\..\data\raw\asl_alphabet\train\space\space783.jpg,space,train
..\..\data\raw\asl_alphabet\train\O\O2985.jpg,O,train
..\..\data\raw\asl_alphabet\train\N\N834.jpg,N,train
..\..\data\raw\asl_alphabet\train\K\K2907.jpg,K,train
..\..\data\raw\asl_alphabet\train\J\J739.jpg,J,train
..\..\data\raw\asl_alphabet\train\X\X2862.jpg,X,train
..\..\data\raw\asl_alphabet\train\L\L1799.jpg,L,train
..\..\data\raw\asl_alphabet\train\Y\Y1446.jpg,Y,train
..\..\data\raw\asl_alphabet\train\nothing\nothing2232.jpg,nothing,train
..\..\data\raw\asl_alphabet\train\X\X2318.jpg,X,train
..\..\data\raw\asl_alphabet\train\W\W54.jpg,W,train
..\..\data\raw\asl_alphabet\train\D\D849.jpg,D,train
..\..\data\raw\asl_alphabet\train\D\D649.jpg,D,train
..\..\data\raw\asl_alphabet\train\R\R870.jpg,R,train
..\..\data\raw\asl_alphabet\train\H\H1425.jpg,H,train
..\..\data\raw\asl_alphabet\train\Y\Y402.jpg,Y,train
..\..\data\raw\asl_alphabet\train\I\I2463.jpg,I,train
..\..\data\raw\asl_alphabet\train\X\X381.jpg,X,train
..\..\data\raw\asl_alphabet\train\E\E2644.jpg,E,train
..\..\data\raw\asl_alphabet\train\S\S2983.jpg,S,train
..\..\data\raw\asl_alphabet\train\M\M22.jpg,M,train
..\..\data\raw\asl_alphabet\train\O\O1730.jpg,O,train
..\..\data\raw\asl_alphabet\train\del\del1023.jpg,del,train
..\..\data\raw\asl_alphabet\train\P\P72.jpg,P,train
..\..\data\raw\asl_alphabet\train\space\space1559.jpg,space,train
..\..\data\raw\asl_alphabet\train\T\T2410.jpg,T,train
..\..\data\raw\asl_alphabet\train\I\I2903.jpg,I,train
..\..\data\raw\asl_alphabet\train\M\M2847.jpg,M,train
..\..\data\raw\asl_alphabet\train\C\C2610.jpg,C,train
..\..\data\raw\asl_alphabet\train\P\P2284.jpg,P,train
..\..\data\raw\asl_alphabet\train\F\F2265.jpg,F,train
..\..\data\raw\asl_alphabet\train\L\L670.jpg,L,train
..\..\data\raw\asl_alphabet\train\I\I2617.jpg,I,train
..\..\data\raw\asl_alphabet\train\V\V833.jpg,V,train
..\..\data\raw\asl_alphabet\train\U\U1560.jpg,U,train
..\..\data\raw\asl_alphabet\train\J\J2430.jpg,J,train
..\..\data\raw\asl_alphabet\train\T\T835.jpg,T,train
..\..\data\raw\asl_alphabet\train\C\C2426.jpg,C,train
..\..\data\raw\asl_alphabet\train\P\P2118.jpg,P,train
..\..\data\raw\asl_alphabet\train\W\W2239.jpg,W,train
..\..\data\raw\asl_alphabet\train\C\C330.jpg,C,train
..\..\data\raw\asl_alphabet\train\del\del2225.jpg,del,train
..\..\data\raw\asl_alphabet\train\L\L1772.jpg,L,train
..\..\data\raw\asl_alphabet\train\P\P122.jpg,P,train
..\..\data\raw\asl_alphabet\train\K\K2078.jpg,K,train
..\..\data\raw\asl_alphabet\train\Y\Y2217.jpg,Y,train
..\..\data\raw\asl_alphabet\train\Z\Z832.jpg,Z,train
..\..\data\raw\asl_alphabet\train\O\O2355.jpg,O,train
..\..\data\raw\asl_alphabet\train\K\K2850.jpg,K,train
..\..\data\raw\asl_alphabet\train\U\U1026.jpg,U,train
..\..\data\raw\asl_alphabet\train\R\R1777.jpg,R,train
..\..\data\raw\asl_alphabet\train\D\D880.jpg,D,train
..\..\data\raw\asl_alphabet\train\N\N2131.jpg,N,train
..\..\data\raw\asl_alphabet\train\D\D2971.jpg,D,train
..\..\data\raw\asl_alphabet\train\K\K714.jpg,K,train
..\..\data\raw\asl_alphabet\train\Q\Q2690.jpg,Q,train
..\..\data\raw\asl_alphabet\train\G\G129.jpg,G,train
..\..\data\raw\asl_alphabet\train\A\A1139.jpg,A,train
..\..\data\raw\asl_alphabet\train\T\T1311.jpg,T,train
..\..\data\raw\asl_alphabet\train\del\del1089.jpg,del,train
..\..\data\raw\asl_alphabet\train\Q\Q1377.jpg,Q,train
..\..\data\raw\asl_alphabet\train\V\V2743.jpg,V,train
..\..\data\raw\asl_alphabet\train\T\T707.jpg,T,train
..\..\data\raw\asl_alphabet\train\O\O1426.jpg,O,train
..\..\data\raw\asl_alphabet\train\D\D2964.jpg,D,train
..\..\data\raw\asl_alphabet\train\U\U1787.jpg,U,train
..\..\data\raw\asl_alphabet\train\B\B2089.jpg,B,train
..\..\data\raw\asl_alphabet\train\I\I2345.jpg,I,train
..\..\data\raw\asl_alphabet\train\H\H2427.jpg,H,train
..\..\data\raw\asl_alphabet\train\A\A1462.jpg,A,train
..\..\data\raw\asl_alphabet\train\L\L1932.jpg,L,train
..\..\data\raw\asl_alphabet\train\E\E690.jpg,E,train
..\..\data\raw\asl_alphabet\train\J\J2840.jpg,J,train
..\..\data\raw\asl_alphabet\train\space\space2195.jpg,space,train
..\..\data\raw\asl_alphabet\train\E\E2744.jpg,E,train
..\..\data\raw\asl_alphabet\train\E\E2845.jpg,E,train
..\..\data\raw\asl_alphabet\train\E\E2691.jpg,E,train
..\..\data\raw\asl_alphabet\train\E\E2412.jpg,E,train
..\..\data\raw\asl_alphabet\train\S\S1030.jpg,S,train
..\..\data\raw\asl_alphabet\train\D\D1188.jpg,D,train
..\..\data\raw\asl_alphabet\train\W\W532.jpg,W,train
..\..\data\raw\asl_alphabet\train\K\K982.jpg,K,train
..\..\data\raw\asl_alphabet\train\O\O431.jpg,O,train
..\..\data\raw\asl_alphabet\train\O\O678.jpg,O,train
..\..\data\raw\asl_alphabet\train\nothing\nothing880.jpg,nothing,train
..\..\data\raw\asl_alphabet\train\H\H1206.jpg,H,train
..\..\data\raw\asl_alphabet\train\C\C2137.jpg,C,train
..\..\data\raw\asl_alphabet\train\R\R2883.jpg,R,train
..\..\data\raw\asl_alphabet\train\Q\Q2700.jpg,Q,train
..\..\data\raw\asl_alphabet\train\L\L616.jpg,L,train
..\..\data\raw\asl_alphabet\train\H\H2833.jpg,H,train
..\..\data\raw\asl_alphabet\train\M\M2417.jpg,M,train
..\..\data\raw\asl_alphabet\train\I\I849.jpg,I,train
..\..\data\raw\asl_alphabet\train\R\R1598.jpg,R,train
..\..\data\raw\asl_alphabet\train\G\G2795.jpg,G,train
..\..\data\raw\asl_alphabet\train\B\B697.jpg,B,train
..\..\data\raw\asl_alphabet\train\E\E1910.jpg,E,train
..\..\data\raw\asl_alphabet\train\P\P2426.jpg,P,train
..\..\data\raw\asl_alphabet\train\nothing\nothing10.jpg,nothing,train
..\..\data\raw\asl_alphabet\train\G\G1791.jpg,G,train
..\..\data\raw\asl_alphabet\train\I\I300.jpg,I,train
..\..\data\raw\asl_alphabet\train\G\G592.jpg,G,train
..\..\data\raw\asl_alphabet\train\L\L2434.jpg,L,train
..\..\data\raw\asl_alphabet\train\V\V2782.jpg,V,train
..\..\data\raw\asl_alphabet\train\H\H594.jpg,H,train
..\..\data\raw\asl_alphabet\train\U\U1371.jpg,U,train
..\..\data\raw\asl_alphabet\train\O\O1442.jpg,O,train
..\..\data\raw\asl_alphabet\train\del\del2235.jpg,del,train
..\..\data\raw\asl_alphabet\train\I\I880.jpg,I,train
..\..\data\raw\asl_alphabet\train\Q\Q290.jpg,Q,train
..\..\data\raw\asl_alphabet\train\C\C1426.jpg,C,train
..\..\data\raw\asl_alphabet\train\Q\Q1160.jpg,Q,train
..\..\data\raw\asl_alphabet\train\R\R605.jpg,R,train
..\..\data\raw\asl_alphabet\train\V\V2947.jpg,V,train
..\..\data\raw\asl_alphabet\train\O\O2640.jpg,O,train
..\..\data\raw\asl_alphabet\train\M\M2806.jpg,M,train
..\..\data\raw\asl_alphabet\train\V\V2107.jpg,V,train
..\..\data\raw\asl_alphabet\train\J\J281.jpg,J,train
..\..\data\raw\asl_alphabet\train\Z\Z397.jpg,Z,train
..\..\data\raw\asl_alphabet\train\P\P2154.jpg,P,train
..\..\data\raw\asl_alphabet\train\Q\Q1919.jpg,Q,train
..\..\data\raw\asl_alphabet\train\R\R710.jpg,R,train
..\..\data\raw\asl_alphabet\train\P\P2754.jpg,P,train
..\..\data\raw\asl_alphabet\train\Q\Q1199.jpg,Q,train
..\..\data\raw\asl_alphabet\train\nothing\nothing2594.jpg,nothing,train
..\..\data\raw\asl_alphabet\train\W\W2586.jpg,W,train
..\..\data\raw\asl_alphabet\train\A\A1089.jpg,A,train
..\..\data\raw\asl_alphabet\train\S\S137.jpg,S,train
..\..\data\raw\asl_alphabet\train\F\F562.jpg,F,train
..\..\data\raw\asl_alphabet\train\Q\Q1169.jpg,Q,train
..\..\data\raw\asl_alphabet\train\D\D1395.jpg,D,train
..\..\data\raw\asl_alphabet\train\S\S1917.jpg,S,train
..\..\data\raw\asl_alphabet\train\C\C47.jpg,C,train
..\..\data\raw\asl_alphabet\train\T\T322.jpg,T,train
..\..\data\raw\asl_alphabet\train\F\F781.jpg,F,train
..\..\data\raw\asl_alphabet\train\X\X312.jpg,X,train
..\..\data\raw\asl_alphabet\train\X\X666.jpg,X,train
..\..\data\raw\asl_alphabet\train\R\R1782.jpg,R,train
..\..\data\raw\asl_alphabet\train\B\B2256.jpg,B,train
..\..\data\raw\asl_alphabet\train\W\W2413.jpg,W,train
..\..\data\raw\asl_alphabet\train\X\X1794.jpg,X,train
..\..\data\raw\asl_alphabet\train\A\A45.jpg,A,train
..\..\data\raw\asl_alphabet\train\A\A1856.jpg,A,train
..\..\data\raw\asl_alphabet\train\I\I2970.jpg,I,train
..\..\data\raw\asl_alphabet\train\D\D139.jpg,D,train
..\..\data\raw\asl_alphabet\train\B\B761.jpg,B,train
..\..\data\raw\asl_alphabet\train\B\B756.jpg,B,train
..\..\data\raw\asl_alphabet\train\V\V102.jpg,V,train
..\..\data\raw\asl_alphabet\train\space\space2374.jpg,space,train
..\..\data\raw\asl_alphabet\train\nothing\nothing1602.jpg,nothing,train
..\..\data\raw\asl_alphabet\train\nothing\nothing2987.jpg,nothing,train
..\..\data\raw\asl_alphabet\train\I\I257.jpg,I,train
..\..\data\raw\asl_alphabet\train\Y\Y2074.jpg,Y,train
..\..\data\raw\asl_alphabet\train\H\H1143.jpg,H,train
..\..\data\raw\asl_alphabet\train\A\A77.jpg,A,train
..\..\data\raw\asl_alphabet\train\I\I2091.jpg,I,train
..\..\data\raw\asl_alphabet\train\U\U1438.jpg,U,train
..\..\data\raw\asl_alphabet\train\del\del2800.jpg,del,train
..\..\data\raw\asl_alphabet\train\M\M431.jpg,M,train
..\..\data\raw\asl_alphabet\train\Y\Y1958.jpg,Y,train
..\..\data\raw\asl_alphabet\train\L\L1487.jpg,L,train
..\..\data\raw\asl_alphabet\train\H\H437.jpg,H,train
..\..\data\raw\asl_alphabet\train\B\B2604.jpg,B,train
..\..\data\raw\asl_alphabet\train\Z\Z1737.jpg,Z,train
..\..\data\raw\asl_alphabet\train\L\L2038.jpg,L,train
..\..\data\raw\asl_alphabet\train\C\C1481.jpg,C,train
..\..\data\raw\asl_alphabet\train\I\I2188.jpg,I,train
..\..\data\raw\asl_alphabet\train\A\A2101.jpg,A,train
..\..\data\raw\asl_alphabet\train\H\H1064.jpg,H,train
..\..\data\raw\asl_alphabet\train\F\F2779.jpg,F,train
..\..\data\raw\asl_alphabet\train\Z\Z2019.jpg,Z,train
..\..\data\raw\asl_alphabet\train\D\D910.jpg,D,train
..\..\data\raw\asl_alphabet\train\P\P1310.jpg,P,train
..\..\data\raw\asl_alphabet\train\L\L1020.jpg,L,train
..\..\data\raw\asl_alphabet\train\N\N654.jpg,N,train
..\..\data\raw\asl_alphabet\train\M\M1057.jpg,M,train
..\..\data\raw\asl_alphabet\train\I\I1317.jpg,I,train
..\..\data\raw\asl_alphabet\train\C\C2002.jpg,C,train
..\..\data\raw\asl_alphabet\train\del\del1152.jpg,del,train
..\..\data\raw\asl_alphabet\train\O\O937.jpg,O,train
..\..\data\raw\asl_alphabet\train\B\B1549.jpg,B,train
..\..\data\raw\asl_alphabet\train\K\K2479.jpg,K,train
..\..\data\raw\asl_alphabet\train\B\B1749.jpg,B,train
..\..\data\raw\asl_alphabet\train\A\A938.jpg,A,train
..\..\data\raw\asl_alphabet\train\M\M2046.jpg,M,train
..\..\data\raw\asl_alphabet\train\del\del2673.jpg,del,train
..\..\data\raw\asl_alphabet\train\R\R1892.jpg,R,train
..\..\data\raw\asl_alphabet\train\C\C1245.jpg,C,train
..\..\data\raw\asl_alphabet\train\D\D443.jpg,D,train
..\..\data\raw\asl_alphabet\train\K\K491.jpg,K,train
..\..\data\raw\asl_alphabet\train\Z\Z1516.jpg,Z,train
..\..\data\raw\asl_alphabet\train\space\space1145.jpg,space,train
..\..\data\raw\asl_alphabet\train\F\F1488.jpg,F,train
..\..\data\raw\asl_alphabet\train\G\G2170.jpg,G,train
..\..\data\raw\asl_alphabet\train\Z\Z1347.jpg,Z,train
..\..\data\raw\asl_alphabet\train\R\R918.jpg,R,train
..\..\data\raw\asl_alphabet\train\I\I503.jpg,I,train
..\..\data\raw\asl_alphabet\train\Y\Y1356.jpg,Y,train
..\..\data\raw\asl_alphabet\train\Q\Q1334.jpg,Q,train
..\..\data\raw\asl_alphabet\train\del\del226.jpg,del,train
..\..\data\raw\asl_alphabet\train\U\U1986.jpg,U,train
..\..\data\raw\asl_alphabet\train\W\W569.jpg,W,train
..\..\data\raw\asl_alphabet\train\Y\Y171.jpg,Y,train
..\..\data\raw\asl_alphabet\train\nothing\nothing1959.jpg,nothing,train
..\..\data\raw\asl_alphabet\train\J\J1212.jpg,J,train
..\..\data\raw\asl_alphabet\train\Q\Q2027.jpg,Q,train
..\..\data\raw\asl_alphabet\train\S\S1186.jpg,S,train
..\..\data\raw\asl_alphabet\train\D\D2835.jpg,D,train
..\..\data\raw\asl_alphabet\train\Z\Z1024.jpg,Z,train
..\..\data\raw\asl_alphabet\train\F\F1801.jpg,F,train
..\..\data\raw\asl_alphabet\train\S\S969.jpg,S,train
..\..\data\raw\asl_alphabet\train\S\S1792.jpg,S,train
..\..\data\raw\asl_alphabet\train\N\N917.jpg,N,train
..\..\data\raw\asl_alphabet\train\U\U301.jpg,U,train
..\..\data\raw\asl_alphabet\train\E\E343.jpg,E,train
..\..\data\raw\asl_alphabet\train\P\P2945.jpg,P,train
..\..\data\raw\asl_alphabet\train\nothing\nothing2645.jpg,nothing,train
..\..\data\raw\asl_alphabet\train\space\space2981.jpg,space,train
..\..\data\raw\asl_alphabet\train\D\D2624.jpg,D,train
..\..\data\raw\asl_alphabet\train\Z\Z2182.jpg,Z,train
..\..\data\raw\asl_alphabet\train\V\V2123.jpg,V,train
..\..\data\raw\asl_alphabet\train\S\S2849.jpg,S,train
..\..\data\raw\asl_alphabet\train\B\B1250.jpg,B,train
..\..\data\raw\asl_alphabet\train\W\W1852.jpg,W,train
..\..\data\raw\asl_alphabet\train\H\H1032.jpg,H,train
..\..\data\raw\asl_alphabet\train\W\W1027.jpg,W,train
..\..\data\raw\asl_alphabet\train\C\C664.jpg,C,train
..\..\data\raw\asl_alphabet\train\O\O2954.jpg,O,train
..\..\data\raw\asl_alphabet\train\Z\Z2229.jpg,Z,train
..\..\data\raw\asl_alphabet\train\E\E1739.jpg,E,train
..\..\data\raw\asl_alphabet\train\U\U1122.jpg,U,train
..\..\data\raw\asl_alphabet\train\W\W879.jpg,W,train
..\..\data\raw\asl_alphabet\train\Q\Q1494.jpg,Q,train
..\..\data\raw\asl_alphabet\train\W\W2466.jpg,W,train
..\..\data\raw\asl_alphabet\train\S\S931.jpg,S,train
..\..\data\raw\asl_alphabet\train\T\T1163.jpg,T,train
..\..\data\raw\asl_alphabet\train\V\V2422.jpg,V,train
..\..\data\raw\asl_alphabet\train\P\P2698.jpg,P,train
..\..\data\raw\asl_alphabet\train\N\N511.jpg,N,train
..\..\data\raw\asl_alphabet\train\F\F1133.jpg,F,train
..\..\data\raw\asl_alphabet\train\A\A2228.jpg,A,train
..\..\data\raw\asl_alphabet\train\X\X1934.jpg,X,train
..\..\data\raw\asl_alphabet\train\F\F2148.jpg,F,train
..\..\data\raw\asl_alphabet\train\E\E2129.jpg,E,train
..\..\data\raw\asl_alphabet\train\J\J2672.jpg,J,train
..\..\data\raw\asl_alphabet\train\Z\Z382.jpg,Z,train
..\..\data\raw\asl_alphabet\train\G\G2320.jpg,G,train
..\..\data\raw\asl_alphabet\train\N\N2334.jpg,N,train
..\..\data\raw\asl_alphabet\train\H\H740.jpg,H,train
..\..\data\raw\asl_alphabet\train\O\O1544.jpg,O,train
..\..\data\raw\asl_alphabet\train\L\L1526.jpg,L,train
..\..\data\raw\asl_alphabet\train\P\P371.jpg,P,train
..\..\data\raw\asl_alphabet\train\B\B266.jpg,B,train
..\..\data\raw\asl_alphabet\train\G\G1213.jpg,G,train
..\..\data\raw\asl_alphabet\train\U\U426.jpg,U,train
..\..\data\raw\asl_alphabet\train\L\L2190.jpg,L,train
..\..\data\raw\asl_alphabet\train\R\R662.jpg,R,train
..\..\data\raw\asl_alphabet\train\F\F1771.jpg,F,train
..\..\data\raw\asl_alphabet\train\O\O267.jpg,O,train
..\..\data\raw\asl_alphabet\train\Y\Y780.jpg,Y,train
..\..\data\raw\asl_alphabet\train\E\E2232.jpg,E,train
..\..\data\raw\asl_alphabet\train\B\B21.jpg,B,train
..\..\data\raw\asl_alphabet\train\L\L1585.jpg,L,train
..\..\data\raw\asl_alphabet\train\A\A1960.jpg,A,train
..\..\data\raw\asl_alphabet\train\C\C2250.jpg,C,train
..\..\data\raw\asl_alphabet\train\nothing\nothing635.jpg,nothing,train
..\..\data\raw\asl_alphabet\train\space\space784.jpg,space,train
..\..\data\raw\asl_alphabet\train\R\R383.jpg,R,train
..\..\data\raw\asl_alphabet\train\F\F2530.jpg,F,train
..\..\data\raw\asl_alphabet\train\Y\Y69.jpg,Y,train
..\..\data\raw\asl_alphabet\train\T\T442.jpg,T,train
..\..\data\raw\asl_alphabet\train\V\V1075.jpg,V,train
..\..\data\raw\asl_alphabet\train\C\C1974.jpg,C,train
..\..\data\raw\asl_alphabet\train\L\L2233.jpg,L,train
..\..\data\raw\asl_alphabet\train\G\G2131.jpg,G,train
..\..\data\raw\asl_alphabet\train\Q\Q1712.jpg,Q,train
..\..\data\raw\asl_alphabet\train\P\P494.jpg,P,train
..\..\data\raw\asl_alphabet\train\C\C1554.jpg,C,train
..\..\data\raw\asl_alphabet\train\S\S857.jpg,S,train
..\..\data\raw\asl_alphabet\train\E\E1710.jpg,E,train
..\..\data\raw\asl_alphabet\train\C\C727.jpg,C,train
..\..\data\raw\asl_alphabet\train\W\W403.jpg,W,train
..\..\data\raw\asl_alphabet\train\R\R2850.jpg,R,train
..\..\data\raw\asl_alphabet\train\V\V365.jpg,V,train
..\..\data\raw\asl_alphabet\train\W\W1469.jpg,W,train
..\..\data\raw\asl_alphabet\train\S\S1436.jpg,S,train
..\..\data\raw\asl_alphabet\train\N\N2157.jpg,N,train
..\..\data\raw\asl_alphabet\train\M\M2968.jpg,M,train
..\..\data\raw\asl_alphabet\train\H\H2284.jpg,H,train
..\..\data\raw\asl_alphabet\train\C\C2037.jpg,C,train
..\..\data\raw\asl_alphabet\train\V\V2297.jpg,V,train
..\..\data\raw\asl_alphabet\train\U\U2211.jpg,U,train
..\..\data\raw\asl_alphabet\train\X\X1037.jpg,X,train
..\..\data\raw\asl_alphabet\train\R\R802.jpg,R,train
..\..\data\raw\asl_alphabet\train\T\T525.jpg,T,train
..\..\data\raw\asl_alphabet\train\K\K2282.jpg,K,train
..\..\data\raw\asl_alphabet\train\A\A736.jpg,A,train
..\..\data\raw\asl_alphabet\train\X\X1622.jpg,X,train
..\..\data\raw\asl_alphabet\train\U\U145.jpg,U,train
..\..\data\raw\asl_alphabet\train\space\space2489.jpg,space,train
..\..\data\raw\asl_alphabet\train\C\C504.jpg,C,train
..\..\data\raw\asl_alphabet\train\E\E1414.jpg,E,train
..\..\data\raw\asl_alphabet\train\E\E2447.jpg,E,train
..\..\data\raw\asl_alphabet\train\O\O1435.jpg,O,train
..\..\data\raw\asl_alphabet\train\D\D871.jpg,D,train
..\..\data\raw\asl_alphabet\train\E\E2616.jpg,E,train
..\..\data\raw\asl_alphabet\train\C\C1251.jpg,C,train
..\..\data\raw\asl_alphabet\train\V\V1155.jpg,V,train
..\..\data\raw\asl_alphabet\train\C\C2141.jpg,C,train
..\..\data\raw\asl_alphabet\train\Y\Y679.jpg,Y,train
..\..\data\raw\asl_alphabet\train\U\U1647.jpg,U,train
..\..\data\raw\asl_alphabet\train\E\E138.jpg,E,train
..\..\data\raw\asl_alphabet\train\A\A362.jpg,A,train
..\..\data\raw\asl_alphabet\train\A\A2692.jpg,A,train
..\..\data\raw\asl_alphabet\train\Z\Z2136.jpg,Z,train
..\..\data\raw\asl_alphabet\train\I\I1816.jpg,I,train
..\..\data\raw\asl_alphabet\train\Z\Z1223.jpg,Z,train
..\..\data\raw\asl_alphabet\train\X\X2748.jpg,X,train
..\..\data\raw\asl_alphabet\train\space\space957.jpg,space,train
..\..\data\raw\asl_alphabet\train\F\F497.jpg,F,train
..\..\data\raw\asl_alphabet\train\N\N2237.jpg,N,train
..\..\data\raw\asl_alphabet\train\N\N1353.jpg,N,train
..\..\data\raw\asl_alphabet\train\I\I1190.jpg,I,train
..\..\data\raw\asl_alphabet\train\L\L789.jpg,L,train
..\..\data\raw\asl_alphabet\train\B\B1797.jpg,B,train
..\..\data\raw\asl_alphabet\train\Z\Z2562.jpg,Z,train
..\..\data\raw\asl_alphabet\train\W\W195.jpg,W,train
..\..\data\raw\asl_alphabet\train\F\F309.jpg,F,train
..\..\data\raw\asl_alphabet\train\E\E2086.jpg,E,train
..\..\data\raw\asl_alphabet\train\H\H853.jpg,H,train
..\..\data\raw\asl_alphabet\train\nothing\nothing1245.jpg,nothing,train
..\..\data\raw\asl_alphabet\train\N\N1967.jpg,N,train
..\..\data\raw\asl_alphabet\train\nothing\nothing2528.jpg,nothing,train
..\..\data\raw\asl_alphabet\train\C\C636.jpg,C,train
..\..\data\raw\asl_alphabet\train\Y\Y2973.jpg,Y,train
..\..\data\raw\asl_alphabet\train\D\D2205.jpg,D,train
..\..\data\raw\asl_alphabet\train\U\U118.jpg,U,train
..\..\data\raw\asl_alphabet\train\O\O1294.jpg,O,train
..\..\data\raw\asl_alphabet\train\P\P827.jpg,P,train
..\..\data\raw\asl_alphabet\train\R\R2252.jpg,R,train
..\..\data\raw\asl_alphabet\train\K\K215.jpg,K,train
..\..\data\raw\asl_alphabet\train\E\E1375.jpg,E,train
..\..\data\raw\asl_alphabet\train\W\W2172.jpg,W,train
..\..\data\raw\asl_alphabet\train\T\T759.jpg,T,train
..\..\data\raw\asl_alphabet\train\I\I1949.jpg,I,train
..\..\data\raw\asl_alphabet\train\Z\Z122.jpg,Z,train
..\..\data\raw\asl_alphabet\train\A\A848.jpg,A,train
..\..\data\raw\asl_alphabet\train\del\del2055.jpg,del,train
..\..\data\raw\asl_alphabet\train\X\X528.jpg,X,train
..\..\data\raw\asl_alphabet\train\Y\Y368.jpg,Y,train
..\..\data\raw\asl_alphabet\train\P\P1389.jpg,P,train
..\..\data\raw\asl_alphabet\train\X\X2628.jpg,X,train
..\..\data\raw\asl_alphabet\train\K\K2.jpg,K,train
..\..\data\raw\asl_alphabet\train\D\D1736.jpg,D,train
..\..\data\raw\asl_alphabet\train\A\A1924.jpg,A,train
..\..\data\raw\asl_alphabet\train\L\L91.jpg,L,train
..\..\data\raw\asl_alphabet\train\W\W224.jpg,W,train
..\..\data\raw\asl_alphabet\train\J\J1037.jpg,J,train
..\..\data\raw\asl_alphabet\train\J\J2940.jpg,J,train
..\..\data\raw\asl_alphabet\train\Z\Z842.jpg,Z,train
..\..\data\raw\asl_alphabet\train\M\M2167.jpg,M,train
..\..\data\raw\asl_alphabet\train\U\U2714.jpg,U,train
..\..\data\raw\asl_alphabet\train\R\R2079.jpg,R,train
..\..\data\raw\asl_alphabet\train\nothing\nothing1932.jpg,nothing,train
..\..\data\raw\asl_alphabet\train\U\U72.jpg,U,train
..\..\data\raw\asl_alphabet\train\R\R244.jpg,R,train
..\..\data\raw\asl_alphabet\train\X\X2408.jpg,X,train
..\..\data\raw\asl_alphabet\train\space\space2216.jpg,space,train
..\..\data\raw\asl_alphabet\train\del\del1926.jpg,del,train
..\..\data\raw\asl_alphabet\train\F\F1840.jpg,F,train
..\..\data\raw\asl_alphabet\train\space\space2081.jpg,space,train
..\..\data\raw\asl_alphabet\train\Z\Z515.jpg,Z,train
..\..\data\raw\asl_alphabet\train\J\J1967.jpg,J,train
..\..\data\raw\asl_alphabet\train\M\M2972.jpg,M,train
..\..\data\raw\asl_alphabet\train\P\P2406.jpg,P,train
..\..\data\raw\asl_alphabet\train\S\S534.jpg,S,train
..\..\data\raw\asl_alphabet\train\Z\Z1452.jpg,Z,train
..\..\data\raw\asl_alphabet\train\del\del2336.jpg,del,train
..\..\data\raw\asl_alphabet\train\D\D1496.jpg,D,train
..\..\data\raw\asl_alphabet\train\Z\Z2878.jpg,Z,train
..\..\data\raw\asl_alphabet\train\J\J749.jpg,J,train
..\..\data\raw\asl_alphabet\train\nothing\nothing2886.jpg,nothing,train
..\..\data\raw\asl_alphabet\train\X\X747.jpg,X,train
..\..\data\raw\asl_alphabet\train\G\G1314.jpg,G,train
..\..\data\raw\asl_alphabet\train\B\B2218.jpg,B,train
..\..\data\raw\asl_alphabet\train\F\F654.jpg,F,train
..\..\data\raw\asl_alphabet\train\I\I1420.jpg,I,train
..\..\data\raw\asl_alphabet\train\C\C1920.jpg,C,train
..\..\data\raw\asl_alphabet\train\X\X757.jpg,X,train
..\..\data\raw\asl_alphabet\train\J\J319.jpg,J,train
..\..\data\raw\asl_alphabet\train\D\D2103.jpg,D,train
..\..\data\raw\asl_alphabet\train\N\N207.jpg,N,train
..\..\data\raw\asl_alphabet\train\W\W955.jpg,W,train
..\..\data\raw\asl_alphabet\train\D\D802.jpg,D,train
..\..\data\raw\asl_alphabet\train\M\M554.jpg,M,train
..\..\data\raw\asl_alphabet\train\E\E153.jpg,E,train
..\..\data\raw\asl_alphabet\train\M\M2088.jpg,M,train
..\..\data\raw\asl_alphabet\train\R\R51.jpg,R,train
..\..\data\raw\asl_alphabet\train\del\del2420.jpg,del,train
..\..\data\raw\asl_alphabet\train\N\N1569.jpg,N,train
..\..\data\raw\asl_alphabet\train\K\K155.jpg,K,train
..\..\data\raw\asl_alphabet\train\Y\Y1829.jpg,Y,train
..\..\data\raw\asl_alphabet\train\D\D1567.jpg,D,train
..\..\data\raw\asl_alphabet\train\space\space969.jpg,space,train
..\..\data\raw\asl_alphabet\train\K\K2190.jpg,K,train
..\..\data\raw\asl_alphabet\train\P\P2874.jpg,P,train
..\..\data\raw\asl_alphabet\train\C\C2888.jpg,C,train
..\..\data\raw\asl_alphabet\train\Z\Z2010.jpg,Z,train
..\..\data\raw\asl_alphabet\train\O\O2258.jpg,O,train
..\..\data\raw\asl_alphabet\train\Y\Y705.jpg,Y,train
..\..\data\raw\asl_alphabet\train\O\O2482.jpg,O,train
..\..\data\raw\asl_alphabet\train\nothing\nothing747.jpg,nothing,train
..\..\data\raw\asl_alphabet\train\S\S395.jpg,S,train
..\..\data\raw\asl_alphabet\train\O\O2819.jpg,O,train
..\..\data\raw\asl_alphabet\train\L\L1054.jpg,L,train
..\..\data\raw\asl_alphabet\train\L\L2175.jpg,L,train
..\..\data\raw\asl_alphabet\train\space\space1282.jpg,space,train
..\..\data\raw\asl_alphabet\train\V\V2556.jpg,V,train
..\..\data\raw\asl_alphabet\train\V\V208.jpg,V,train
..\..\data\raw\asl_alphabet\train\E\E1801.jpg,E,train
..\..\data\raw\asl_alphabet\train\nothing\nothing1396.jpg,nothing,train
..\..\data\raw\asl_alphabet\train\U\U282.jpg,U,train
..\..\data\raw\asl_alphabet\train\B\B2781.jpg,B,train
..\..\data\raw\asl_alphabet\train\P\P1444.jpg,P,train
..\..\data\raw\asl_alphabet\train\Q\Q1751.jpg,Q,train
..\..\data\raw\asl_alphabet\train\M\M50.jpg,M,train
..\..\data\raw\asl_alphabet\train\Y\Y2898.jpg,Y,train
..\..\data\raw\asl_alphabet\train\Z\Z1790.jpg,Z,train
..\..\data\raw\asl_alphabet\train\D\D129.jpg,D,train
..\..\data\raw\asl_alphabet\train\D\D971.jpg,D,train
..\..\data\raw\asl_alphabet\train\U\U1406.jpg,U,train
..\..\data\raw\asl_alphabet\train\A\A733.jpg,A,train
..\..\data\raw\asl_alphabet\train\D\D1492.jpg,D,train
..\..\data\raw\asl_alphabet\train\T\T199.jpg,T,train
..\..\data\raw\asl_alphabet\train\nothing\nothing176.jpg,nothing,train
..\..\data\raw\asl_alphabet\train\O\O1565.jpg,O,train
..\..\data\raw\asl_alphabet\train\nothing\nothing1938.jpg,nothing,train
..\..\data\raw\asl_alphabet\train\L\L344.jpg,L,train
..\..\data\raw\asl_alphabet\train\P\P1467.jpg,P,train
..\..\data\raw\asl_alphabet\train\Y\Y192.jpg,Y,train
..\..\data\raw\asl_alphabet\train\T\T1994.jpg,T,train
..\..\data\raw\asl_alphabet\train\P\P410.jpg,P,train
..\..\data\raw\asl_alphabet\train\O\O1329.jpg,O,train
..\..\data\raw\asl_alphabet\train\T\T630.jpg,T,train
..\..\data\raw\asl_alphabet\train\L\L2489.jpg,L,train
..\..\data\raw\asl_alphabet\train\Q\Q1247.jpg,Q,train
..\..\data\raw\asl_alphabet\train\W\W1656.jpg,W,train
..\..\data\raw\asl_alphabet\train\N\N218.jpg,N,train
..\..\data\raw\asl_alphabet\train\H\H1832.jpg,H,train
..\..\data\raw\asl_alphabet\train\Z\Z2127.jpg,Z,train
..\..\data\raw\asl_alphabet\train\nothing\nothing915.jpg,nothing,train
..\..\data\raw\asl_alphabet\train\Y\Y1929.jpg,Y,train
..\..\data\raw\asl_alphabet\train\T\T1511.jpg,T,train
..\..\data\raw\asl_alphabet\train\Z\Z417.jpg,Z,train
..\..\data\raw\asl_alphabet\train\space\space1254.jpg,space,train
..\..\data\raw\asl_alphabet\train\B\B156.jpg,B,train
..\..\data\raw\asl_alphabet\train\G\G1204.jpg,G,train
..\..\data\raw\asl_alphabet\train\U\U2107.jpg,U,train
..\..\data\raw\asl_alphabet\train\Y\Y2315.jpg,Y,train
..\..\data\raw\asl_alphabet\train\G\G1500.jpg,G,train
..\..\data\raw\asl_alphabet\train\O\O674.jpg,O,train
..\..\data\raw\asl_alphabet\train\T\T2762.jpg,T,train
..\..\data\raw\asl_alphabet\train\T\T2305.jpg,T,train
..\..\data\raw\asl_alphabet\train\S\S180.jpg,S,train
..\..\data\raw\asl_alphabet\train\G\G519.jpg,G,train
..\..\data\raw\asl_alphabet\train\E\E1752.jpg,E,train
..\..\data\raw\asl_alphabet\train\P\P1193.jpg,P,train
..\..\data\raw\asl_alphabet\train\V\V1164.jpg,V,train
..\..\data\raw\asl_alphabet\train\E\E358.jpg,E,train
..\..\data\raw\asl_alphabet\train\space\space349.jpg,space,train
..\..\data\raw\asl_alphabet\train\M\M2332.jpg,M,train
..\..\data\raw\asl_alphabet\train\nothing\nothing327.jpg,nothing,train
..\..\data\raw\asl_alphabet\train\D\D64.jpg,D,train
..\..\data\raw\asl_alphabet\train\del\del1840.jpg,del,train
..\..\data\raw\asl_alphabet\train\L\L1255.jpg,L,train
..\..\data\raw\asl_alphabet\train\V\V1235.jpg,V,train
..\..\data\raw\asl_alphabet\train\S\S1330.jpg,S,train
..\..\data\raw\asl_alphabet\train\U\U2390.jpg,U,train
..\..\data\raw\asl_alphabet\train\D\D73.jpg,D,train
..\..\data\raw\asl_alphabet\train\space\space1769.jpg,space,train
..\..\data\raw\asl_alphabet\train\Q\Q2013.jpg,Q,train
..\..\data\raw\asl_alphabet\train\Y\Y1657.jpg,Y,train
..\..\data\raw\asl_alphabet\train\J\J58.jpg,J,train
..\..\data\raw\asl_alphabet\train\G\G48.jpg,G,train
..\..\data\raw\asl_alphabet\train\Q\Q2663.jpg,Q,train
..\..\data\raw\asl_alphabet\train\L\L2162.jpg,L,train
..\..\data\raw\asl_alphabet\train\del\del1400.jpg,del,train
..\..\data\raw\asl_alphabet\train\W\W548.jpg,W,train
..\..\data\raw\asl_alphabet\train\R\R622.jpg,R,train
..\..\data\raw\asl_alphabet\train\Y\Y2363.jpg,Y,train
..\..\data\raw\asl_alphabet\train\X\X1341.jpg,X,train
..\..\data\raw\asl_alphabet\train\del\del2811.jpg,del,train
..\..\data\raw\asl_alphabet\train\E\E1318.jpg,E,train
..\..\data\raw\asl_alphabet\train\W\W1129.jpg,W,train
..\..\data\raw\asl_alphabet\train\H\H1778.jpg,H,train
..\..\data\raw\asl_alphabet\train\P\P1478.jpg,P,train
..\..\data\raw\asl_alphabet\train\G\G1790.jpg,G,train
..\..\data\raw\asl_alphabet\train\J\J2251.jpg,J,train
..\..\data\raw\asl_alphabet\train\nothing\nothing2533.jpg,nothing,train
..\..\data\raw\asl_alphabet\train\L\L2082.jpg,L,train
..\..\data\raw\asl_alphabet\train\R\R1210.jpg,R,train
..\..\data\raw\asl_alphabet\train\G\G2899.jpg,G,train
..\..\data\raw\asl_alphabet\train\G\G2033.jpg,G,train
..\..\data\raw\asl_alphabet\train\del\del1679.jpg,del,train
..\..\data\raw\asl_alphabet\train\nothing\nothing975.jpg,nothing,train
..\..\data\raw\asl_alphabet\train\S\S2395.jpg,S,train
..\..\data\raw\asl_alphabet\train\M\M2956.jpg,M,train
..\..\data\raw\asl_alphabet\train\O\O350.jpg,O,train
..\..\data\raw\asl_alphabet\train\A\A1113.jpg,A,train
..\..\data\raw\asl_alphabet\train\S\S490.jpg,S,train
..\..\data\raw\asl_alphabet\train\T\T165.jpg,T,train
..\..\data\raw\asl_alphabet\train\Z\Z1807.jpg,Z,train
..\..\data\raw\asl_alphabet\train\O\O139.jpg,O,train
..\..\data\raw\asl_alphabet\train\F\F723.jpg,F,train
..\..\data\raw\asl_alphabet\train\A\A833.jpg,A,train
..\..\data\raw\asl_alphabet\train\Q\Q1302.jpg,Q,train
..\..\data\raw\asl_alphabet\train\O\O905.jpg,O,train
..\..\data\raw\asl_alphabet\train\D\D1302.jpg,D,train
..\..\data\raw\asl_alphabet\train\X\X1982.jpg,X,train
..\..\data\raw\asl_alphabet\train\L\L1239.jpg,L,train
..\..\data\raw\asl_alphabet\train\Z\Z1757.jpg,Z,train
..\..\data\raw\asl_alphabet\train\R\R965.jpg,R,train
..\..\data\raw\asl_alphabet\train\Y\Y249.jpg,Y,train
..\..\data\raw\asl_alphabet\train\M\M2227.jpg,M,train
..\..\data\raw\asl_alphabet\train\space\space2723.jpg,space,train
..\..\data\raw\asl_alphabet\train\A\A260.jpg,A,train
..\..\data\raw\asl_alphabet\train\Y\Y298.jpg,Y,train
..\..\data\raw\asl_alphabet\train\V\V2684.jpg,V,train
..\..\data\raw\asl_alphabet\train\E\E421.jpg,E,train
..\..\data\raw\asl_alphabet\train\E\E289.jpg,E,train
..\..\data\raw\asl_alphabet\train\U\U633.jpg,U,train
..\..\data\raw\asl_alphabet\train\M\M2375.jpg,M,train
..\..\data\raw\asl_alphabet\train\O\O939.jpg,O,train
..\..\data\raw\asl_alphabet\train\Z\Z93.jpg,Z,train
..\..\data\raw\asl_alphabet\train\U\U1757.jpg,U,train
..\..\data\raw\asl_alphabet\train\A\A2878.jpg,A,train
..\..\data\raw\asl_alphabet\train\Q\Q522.jpg,Q,train
..\..\data\raw\asl_alphabet\train\R\R1727.jpg,R,train
..\..\data\raw\asl_alphabet\train\M\M1105.jpg,M,train
..\..\data\raw\asl_alphabet\train\S\S2929.jpg,S,train
..\..\data\raw\asl_alphabet\train\space\space1970.jpg,space,train
..\..\data\raw\asl_alphabet\train\B\B2194.jpg,B,train
..\..\data\raw\asl_alphabet\train\Z\Z2730.jpg,Z,train
..\..\data\raw\asl_alphabet\train\U\U2910.jpg,U,train
..\..\data\raw\asl_alphabet\train\Q\Q390.jpg,Q,train
..\..\data\raw\asl_alphabet\train\P\P2304.jpg,P,train
..\..\data\raw\asl_alphabet\train\space\space2409.jpg,space,train
..\..\data\raw\asl_alphabet\train\C\C279.jpg,C,train
..\..\data\raw\asl_alphabet\train\C\C1097.jpg,C,train
..\..\data\raw\asl_alphabet\train\B\B105.jpg,B,train
..\..\data\raw\asl_alphabet\train\X\X1560.jpg,X,train
..\..\data\raw\asl_alphabet\train\Q\Q2981.jpg,Q,train
..\..\data\raw\asl_alphabet\train\N\N591.jpg,N,train
..\..\data\raw\asl_alphabet\train\del\del419.jpg,del,train
..\..\data\raw\asl_alphabet\train\L\L305.jpg,L,train
..\..\data\raw\asl_alphabet\train\nothing\nothing2767.jpg,nothing,train
..\..\data\raw\asl_alphabet\train\Y\Y1955.jpg,Y,train
..\..\data\raw\asl_alphabet\train\R\R2945.jpg,R,train
..\..\data\raw\asl_alphabet\train\P\P909.jpg,P,train
..\..\data\raw\asl_alphabet\train\space\space2755.jpg,space,train
..\..\data\raw\asl_alphabet\train\O\O1700.jpg,O,train
..\..\data\raw\asl_alphabet\train\H\H733.jpg,H,train
..\..\data\raw\asl_alphabet\train\D\D948.jpg,D,train
..\..\data\raw\asl_alphabet\train\M\M2606.jpg,M,train
..\..\data\raw\asl_alphabet\train\Q\Q946.jpg,Q,train
..\..\data\raw\asl_alphabet\train\G\G1958.jpg,G,train
..\..\data\raw\asl_alphabet\train\X\X2619.jpg,X,train
..\..\data\raw\asl_alphabet\train\Y\Y1080.jpg,Y,train
..\..\data\raw\asl_alphabet\train\W\W568.jpg,W,train
..\..\data\raw\asl_alphabet\train\G\G2925.jpg,G,train
..\..\data\raw\asl_alphabet\train\K\K2782.jpg,K,train
..\..\data\raw\asl_alphabet\train\M\M237.jpg,M,train
..\..\data\raw\asl_alphabet\train\L\L2223.jpg,L,train
..\..\data\raw\asl_alphabet\train\R\R2690.jpg,R,train
..\..\data\raw\asl_alphabet\train\nothing\nothing1753.jpg,nothing,train
..\..\data\raw\asl_alphabet\train\del\del1715.jpg,del,train
..\..\data\raw\asl_alphabet\train\T\T340.jpg,T,train
..\..\data\raw\asl_alphabet\train\W\W1888.jpg,W,train
..\..\data\raw\asl_alphabet\train\Y\Y25.jpg,Y,train
..\..\data\raw\asl_alphabet\train\F\F1306.jpg,F,train
..\..\data\raw\asl_alphabet\train\Y\Y401.jpg,Y,train
..\..\data\raw\asl_alphabet\train\M\M1156.jpg,M,train
..\..\data\raw\asl_alphabet\train\L\L2524.jpg,L,train
..\..\data\raw\asl_alphabet\train\C\C2550.jpg,C,train
..\..\data\raw\asl_alphabet\train\U\U1035.jpg,U,train
..\..\data\raw\asl_alphabet\train\I\I2914.jpg,I,train
..\..\data\raw\asl_alphabet\train\Z\Z43.jpg,Z,train
..\..\data\raw\asl_alphabet\train\B\B610.jpg,B,train
..\..\data\raw\asl_alphabet\train\O\O51.jpg,O,train
..\..\data\raw\asl_alphabet\train\nothing\nothing1063.jpg,nothing,train
..\..\data\raw\asl_alphabet\train\O\O1766.jpg,O,train
..\..\data\raw\asl_alphabet\train\O\O2191.jpg,O,train
..\..\data\raw\asl_alphabet\train\G\G2409.jpg,G,train
..\..\data\raw\asl_alphabet\train\E\E2476.jpg,E,train
..\..\data\raw\asl_alphabet\train\space\space2570.jpg,space,train
..\..\data\raw\asl_alphabet\train\del\del579.jpg,del,train
..\..\data\raw\asl_alphabet\train\Z\Z1029.jpg,Z,train
..\..\data\raw\asl_alphabet\train\M\M1985.jpg,M,train
..\..\data\raw\asl_alphabet\train\O\O870.jpg,O,train
..\..\data\raw\asl_alphabet\train\G\G1640.jpg,G,train
..\..\data\raw\asl_alphabet\train\P\P1522.jpg,P,train
..\..\data\raw\asl_alphabet\train\Q\Q2859.jpg,Q,train
..\..\data\raw\asl_alphabet\train\M\M435.jpg,M,train
..\..\data\raw\asl_alphabet\train\H\H1818.jpg,H,train
..\..\data\raw\asl_alphabet\train\V\V146.jpg,V,train
..\..\data\raw\asl_alphabet\train\D\D2765.jpg,D,train
..\..\data\raw\asl_alphabet\train\A\A2107.jpg,A,train
..\..\data\raw\asl_alphabet\train\E\E1549.jpg,E,train
..\..\data\raw\asl_alphabet\train\M\M799.jpg,M,train
..\..\data\raw\asl_alphabet\train\space\space2014.jpg,space,train
..\..\data\raw\asl_alphabet\train\E\E352.jpg,E,train
..\..\data\raw\asl_alphabet\train\F\F315.jpg,F,train
..\..\data\raw\asl_alphabet\train\K\K2671.jpg,K,train
..\..\data\raw\asl_alphabet\train\L\L2645.jpg,L,train
..\..\data\raw\asl_alphabet\train\C\C1095.jpg,C,train
..\..\data\raw\asl_alphabet\train\Z\Z2944.jpg,Z,train
..\..\data\raw\asl_alphabet\train\U\U30.jpg,U,train
..\..\data\raw\asl_alphabet\train\J\J2903.jpg,J,train
..\..\data\raw\asl_alphabet\train\T\T2558.jpg,T,train
..\..\data\raw\asl_alphabet\train\L\L2055.jpg,L,train
..\..\data\raw\asl_alphabet\train\R\R2023.jpg,R,train
..\..\data\raw\asl_alphabet\train\L\L2754.jpg,L,train
..\..\data\raw\asl_alphabet\train\A\A2642.jpg,A,train
..\..\data\raw\asl_alphabet\train\T\T1852.jpg,T,train
..\..\data\raw\asl_alphabet\train\N\N2707.jpg,N,train
..\..\data\raw\asl_alphabet\train\J\J2657.jpg,J,train
..\..\data\raw\asl_alphabet\train\M\M572.jpg,M,train
..\..\data\raw\asl_alphabet\train\I\I2606.jpg,I,train
..\..\data\raw\asl_alphabet\train\Z\Z2897.jpg,Z,train
..\..\data\raw\asl_alphabet\train\J\J2427.jpg,J,train
..\..\data\raw\asl_alphabet\train\nothing\nothing1264.jpg,nothing,train
..\..\data\raw\asl_alphabet\train\O\O1770.jpg,O,train
..\..\data\raw\asl_alphabet\train\B\B1388.jpg,B,train
..\..\data\raw\asl_alphabet\train\V\V2218.jpg,V,train
..\..\data\raw\asl_alphabet\train\M\M1408.jpg,M,train
..\..\data\raw\asl_alphabet\train\P\P674.jpg,P,train
..\..\data\raw\asl_alphabet\train\P\P75.jpg,P,train
..\..\data\raw\asl_alphabet\train\V\V1734.jpg,V,train
..\..\data\raw\asl_alphabet\train\Q\Q2638.jpg,Q,train
..\..\data\raw\asl_alphabet\train\V\V2608.jpg,V,train
..\..\data\raw\asl_alphabet\train\Q\Q1678.jpg,Q,train
..\..\data\raw\asl_alphabet\train\L\L1556.jpg,L,train
..\..\data\raw\asl_alphabet\train\W\W1417.jpg,W,train
..\..\data\raw\asl_alphabet\train\space\space579.jpg,space,train
..\..\data\raw\asl_alphabet\train\G\G183.jpg,G,train
..\..\data\raw\asl_alphabet\train\O\O623.jpg,O,train
..\..\data\raw\asl_alphabet\train\U\U2720.jpg,U,train
..\..\data\raw\asl_alphabet\train\A\A2103.jpg,A,train
..\..\data\raw\asl_alphabet\train\V\V776.jpg,V,train
..\..\data\raw\asl_alphabet\train\I\I2152.jpg,I,train
..\..\data\raw\asl_alphabet\train\P\P87.jpg,P,train
..\..\data\raw\asl_alphabet\train\L\L474.jpg,L,train
..\..\data\raw\asl_alphabet\train\J\J821.jpg,J,train
..\..\data\raw\asl_alphabet\train\space\space2290.jpg,space,train
..\..\data\raw\asl_alphabet\train\K\K26.jpg,K,train
..\..\data\raw\asl_alphabet\train\C\C159.jpg,C,train
..\..\data\raw\asl_alphabet\train\L\L1114.jpg,L,train
..\..\data\raw\asl_alphabet\train\S\S625.jpg,S,train
..\..\data\raw\asl_alphabet\train\X\X2383.jpg,X,train
..\..\data\raw\asl_alphabet\train\F\F1220.jpg,F,train
..\..\data\raw\asl_alphabet\train\K\K2396.jpg,K,train
..\..\data\raw\asl_alphabet\train\G\G2013.jpg,G,train
..\..\data\raw\asl_alphabet\train\nothing\nothing2933.jpg,nothing,train
..\..\data\raw\asl_alphabet\train\C\C2870.jpg,C,train
..\..\data\raw\asl_alphabet\train\M\M1137.jpg,M,train
..\..\data\raw\asl_alphabet\train\P\P2743.jpg,P,train
..\..\data\raw\asl_alphabet\train\O\O1343.jpg,O,train
..\..\data\raw\asl_alphabet\train\N\N1494.jpg,N,train
..\..\data\raw\asl_alphabet\train\S\S1607.jpg,S,train
..\..\data\raw\asl_alphabet\train\E\E2960.jpg,E,train
..\..\data\raw\asl_alphabet\train\P\P1422.jpg,P,train
..\..\data\raw\asl_alphabet\train\space\space2435.jpg,space,train
..\..\data\raw\asl_alphabet\train\B\B1995.jpg,B,train
..\..\data\raw\asl_alphabet\train\X\X2185.jpg,X,train
..\..\data\raw\asl_alphabet\train\G\G2219.jpg,G,train
..\..\data\raw\asl_alphabet\train\nothing\nothing1125.jpg,nothing,train
..\..\data\raw\asl_alphabet\train\H\H1825.jpg,H,train
..\..\data\raw\asl_alphabet\train\V\V554.jpg,V,train
..\..\data\raw\asl_alphabet\train\nothing\nothing2593.jpg,nothing,train
..\..\data\raw\asl_alphabet\train\V\V1524.jpg,V,train
..\..\data\raw\asl_alphabet\train\N\N1455.jpg,N,train
..\..\data\raw\asl_alphabet\train\Y\Y1340.jpg,Y,train
..\..\data\raw\asl_alphabet\train\del\del598.jpg,del,train
..\..\data\raw\asl_alphabet\train\G\G1805.jpg,G,train
..\..\data\raw\asl_alphabet\train\K\K1365.jpg,K,train
..\..\data\raw\asl_alphabet\train\J\J634.jpg,J,train
..\..\data\raw\asl_alphabet\train\J\J11.jpg,J,train
..\..\data\raw\asl_alphabet\train\W\W204.jpg,W,train
..\..\data\raw\asl_alphabet\train\Z\Z3000.jpg,Z,train
..\..\data\raw\asl_alphabet\train\S\S2038.jpg,S,train
..\..\data\raw\asl_alphabet\train\I\I2492.jpg,I,train
..\..\data\raw\asl_alphabet\train\C\C1307.jpg,C,train
..\..\data\raw\asl_alphabet\train\M\M211.jpg,M,train
..\..\data\raw\asl_alphabet\train\D\D2601.jpg,D,train
..\..\data\raw\asl_alphabet\train\U\U1377.jpg,U,train
..\..\data\raw\asl_alphabet\train\P\P459.jpg,P,train
..\..\data\raw\asl_alphabet\train\space\space2569.jpg,space,train
..\..\data\raw\asl_alphabet\train\P\P1548.jpg,P,train
..\..\data\raw\asl_alphabet\train\L\L2733.jpg,L,train
..\..\data\raw\asl_alphabet\train\E\E1862.jpg,E,train
..\..\data\raw\asl_alphabet\train\C\C501.jpg,C,train
..\..\data\raw\asl_alphabet\train\G\G220.jpg,G,train
..\..\data\raw\asl_alphabet\train\S\S2874.jpg,S,train
..\..\data\raw\asl_alphabet\train\L\L2901.jpg,L,train
..\..\data\raw\asl_alphabet\train\R\R2634.jpg,R,train
..\..\data\raw\asl_alphabet\train\R\R1573.jpg,R,train
..\..\data\raw\asl_alphabet\train\D\D1298.jpg,D,train
..\..\data\raw\asl_alphabet\train\Z\Z221.jpg,Z,train
..\..\data\raw\asl_alphabet\train\U\U2013.jpg,U,train
..\..\data\raw\asl_alphabet\train\nothing\nothing2866.jpg,nothing,train
..\..\data\raw\asl_alphabet\train\del\del608.jpg,del,train
..\..\data\raw\asl_alphabet\train\B\B161.jpg,B,train
..\..\data\raw\asl_alphabet\train\V\V673.jpg,V,train
..\..\data\raw\asl_alphabet\train\H\H2967.jpg,H,train
..\..\data\raw\asl_alphabet\train\C\C1056.jpg,C,train
..\..\data\raw\asl_alphabet\train\H\H941.jpg,H,train
..\..\data\raw\asl_alphabet\train\P\P546.jpg,P,train
..\..\data\raw\asl_alphabet\train\B\B2744.jpg,B,train
..\..\data\raw\asl_alphabet\train\Z\Z2260.jpg,Z,train
..\..\data\raw\asl_alphabet\train\P\P1067.jpg,P,train
..\..\data\raw\asl_alphabet\train\D\D2057.jpg,D,train
..\..\data\raw\asl_alphabet\train\D\D928.jpg,D,train
..\..\data\raw\asl_alphabet\train\S\S2616.jpg,S,train
..\..\data\raw\asl_alphabet\train\space\space163.jpg,space,train
..\..\data\raw\asl_alphabet\train\O\O1190.jpg,O,train
..\..\data\raw\asl_alphabet\train\Y\Y2906.jpg,Y,train
..\..\data\raw\asl_alphabet\train\S\S2615.jpg,S,train
..\..\data\raw\asl_alphabet\train\F\F536.jpg,F,train
..\..\data\raw\asl_alphabet\train\L\L1193.jpg,L,train
..\..\data\raw\asl_alphabet\train\H\H961.jpg,H,train
..\..\data\raw\asl_alphabet\train\C\C511.jpg,C,train
..\..\data\raw\asl_alphabet\train\T\T2220.jpg,T,train
..\..\data\raw\asl_alphabet\train\L\L1168.jpg,L,train
..\..\data\raw\asl_alphabet\train\W\W1425.jpg,W,train
..\..\data\raw\asl_alphabet\train\U\U2002.jpg,U,train
..\..\data\raw\asl_alphabet\train\K\K742.jpg,K,train
..\..\data\raw\asl_alphabet\train\I\I1863.jpg,I,train
..\..\data\raw\asl_alphabet\train\S\S1248.jpg,S,train
..\..\data\raw\asl_alphabet\train\S\S1870.jpg,S,train
..\..\data\raw\asl_alphabet\train\U\U1816.jpg,U,train
..\..\data\raw\asl_alphabet\train\Z\Z707.jpg,Z,train
..\..\data\raw\asl_alphabet\train\space\space2585.jpg,space,train
..\..\data\raw\asl_alphabet\train\W\W2444.jpg,W,train
..\..\data\raw\asl_alphabet\train\A\A1487.jpg,A,train
..\..\data\raw\asl_alphabet\train\Y\Y2096.jpg,Y,train
..\..\data\raw\asl_alphabet\train\R\R2481.jpg,R,train
..\..\data\raw\asl_alphabet\train\nothing\nothing374.jpg,nothing,train
..\..\data\raw\asl_alphabet\train\D\D2349.jpg,D,train
..\..\data\raw\asl_alphabet\train\C\C2531.jpg,C,train
..\..\data\raw\asl_alphabet\train\P\P1830.jpg,P,train
..\..\data\raw\asl_alphabet\train\F\F2867.jpg,F,train
..\..\data\raw\asl_alphabet\train\M\M1000.jpg,M,train
..\..\data\raw\asl_alphabet\train\N\N745.jpg,N,train
..\..\data\raw\asl_alphabet\train\B\B567.jpg,B,train
..\..\data\raw\asl_alphabet\train\J\J1497.jpg,J,train
..\..\data\raw\asl_alphabet\train\P\P2500.jpg,P,train
..\..\data\raw\asl_alphabet\train\F\F2110.jpg,F,train
..\..\data\raw\asl_alphabet\train\K\K2648.jpg,K,train
..\..\data\raw\asl_alphabet\train\C\C971.jpg,C,train
..\..\data\raw\asl_alphabet\train\O\O1778.jpg,O,train
..\..\data\raw\asl_alphabet\train\Y\Y1544.jpg,Y,train
..\..\data\raw\asl_alphabet\train\N\N909.jpg,N,train
..\..\data\raw\asl_alphabet\train\F\F2687.jpg,F,train
..\..\data\raw\asl_alphabet\train\H\H470.jpg,H,train
..\..\data\raw\asl_alphabet\train\J\J1449.jpg,J,train
..\..\data\raw\asl_alphabet\train\del\del184.jpg,del,train
..\..\data\raw\asl_alphabet\train\N\N25.jpg,N,train
..\..\data\raw\asl_alphabet\train\I\I2219.jpg,I,train
..\..\data\raw\asl_alphabet\train\S\S116.jpg,S,train
..\..\data\raw\asl_alphabet\train\D\D1722.jpg,D,train
..\..\data\raw\asl_alphabet\train\P\P264.jpg,P,train
..\..\data\raw\asl_alphabet\train\S\S1362.jpg,S,train
..\..\data\raw\asl_alphabet\train\N\N1732.jpg,N,train
..\..\data\raw\asl_alphabet\train\H\H1029.jpg,H,train
..\..\data\raw\asl_alphabet\train\H\H113.jpg,H,train
..\..\data\raw\asl_alphabet\train\G\G2382.jpg,G,train
..\..\data\raw\asl_alphabet\train\Y\Y1280.jpg,Y,train
..\..\data\raw\asl_alphabet\train\T\T527.jpg,T,train
..\..\data\raw\asl_alphabet\train\T\T1342.jpg,T,train
..\..\data\raw\asl_alphabet\train\B\B1522.jpg,B,train
..\..\data\raw\asl_alphabet\train\K\K1834.jpg,K,train
..\..\data\raw\asl_alphabet\train\I\I2746.jpg,I,train
..\..\data\raw\asl_alphabet\train\F\F199.jpg,F,train
..\..\data\raw\asl_alphabet\train\T\T2492.jpg,T,train
..\..\data\raw\asl_alphabet\train\J\J2891.jpg,J,train
..\..\data\raw\asl_alphabet\train\W\W2156.jpg,W,train
..\..\data\raw\asl_alphabet\train\Y\Y965.jpg,Y,train
..\..\data\raw\asl_alphabet\train\M\M2373.jpg,M,train
..\..\data\raw\asl_alphabet\train\J\J2812.jpg,J,train
..\..\data\raw\asl_alphabet\train\X\X2626.jpg,X,train
..\..\data\raw\asl_alphabet\train\M\M183.jpg,M,train
..\..\data\raw\asl_alphabet\train\A\A470.jpg,A,train
..\..\data\raw\asl_alphabet\train\B\B33.jpg,B,train
..\..\data\raw\asl_alphabet\train\R\R1493.jpg,R,train
..\..\data\raw\asl_alphabet\train\I\I1798.jpg,I,train
..\..\data\raw\asl_alphabet\train\Y\Y1117.jpg,Y,train
..\..\data\raw\asl_alphabet\train\P\P1697.jpg,P,train
..\..\data\raw\asl_alphabet\train\H\H1750.jpg,H,train
..\..\data\raw\asl_alphabet\train\F\F1659.jpg,F,train
..\..\data\raw\asl_alphabet\train\O\O1009.jpg,O,train
..\..\data\raw\asl_alphabet\train\R\R221.jpg,R,train
..\..\data\raw\asl_alphabet\train\Z\Z2365.jpg,Z,train
..\..\data\raw\asl_alphabet\train\Q\Q903.jpg,Q,train
..\..\data\raw\asl_alphabet\train\P\P1458.jpg,P,train
..\..\data\raw\asl_alphabet\train\C\C1240.jpg,C,train
..\..\data\raw\asl_alphabet\train\C\C1230.jpg,C,train
..\..\data\raw\asl_alphabet\train\I\I68.jpg,I,train
..\..\data\raw\asl_alphabet\train\T\T246.jpg,T,train
..\..\data\raw\asl_alphabet\train\L\L122.jpg,L,train
..\..\data\raw\asl_alphabet\train\K\K2457.jpg,K,train
..\..\data\raw\asl_alphabet\train\G\G2377.jpg,G,train
..\..\data\raw\asl_alphabet\train\A\A2681.jpg,A,train
..\..\data\raw\asl_alphabet\train\H\H209.jpg,H,train
..\..\data\raw\asl_alphabet\train\U\U127.jpg,U,train
..\..\data\raw\asl_alphabet\train\C\C2962.jpg,C,train
..\..\data\raw\asl_alphabet\train\C\C485.jpg,C,train
..\..\data\raw\asl_alphabet\train\U\U2090.jpg,U,train
..\..\data\raw\asl_alphabet\train\B\B2190.jpg,B,train
..\..\data\raw\asl_alphabet\train\W\W2306.jpg,W,train
..\..\data\raw\asl_alphabet\train\O\O2202.jpg,O,train
..\..\data\raw\asl_alphabet\train\V\V2549.jpg,V,train
..\..\data\raw\asl_alphabet\train\H\H713.jpg,H,train
..\..\data\raw\asl_alphabet\train\nothing\nothing1467.jpg,nothing,train
..\..\data\raw\asl_alphabet\train\X\X487.jpg,X,train
..\..\data\raw\asl_alphabet\train\Y\Y1621.jpg,Y,train
..\..\data\raw\asl_alphabet\train\Q\Q2734.jpg,Q,train
..\..\data\raw\asl_alphabet\train\W\W1717.jpg,W,train
..\..\data\raw\asl_alphabet\train\E\E2331.jpg,E,train
..\..\data\raw\asl_alphabet\train\I\I1643.jpg,I,train
..\..\data\raw\asl_alphabet\train\L\L1189.jpg,L,train
..\..\data\raw\asl_alphabet\train\space\space2969.jpg,space,train
..\..\data\raw\asl_alphabet\train\P\P2530.jpg,P,train
..\..\data\raw\asl_alphabet\train\S\S32.jpg,S,train
..\..\data\raw\asl_alphabet\train\S\S1094.jpg,S,train
..\..\data\raw\asl_alphabet\train\del\del40.jpg,del,train
..\..\data\raw\asl_alphabet\train\D\D1580.jpg,D,train
..\..\data\raw\asl_alphabet\train\I\I428.jpg,I,train
..\..\data\raw\asl_alphabet\train\P\P133.jpg,P,train
..\..\data\raw\asl_alphabet\train\A\A1144.jpg,A,train
..\..\data\raw\asl_alphabet\train\S\S1458.jpg,S,train
..\..\data\raw\asl_alphabet\train\H\H414.jpg,H,train
..\..\data\raw\asl_alphabet\train\L\L2647.jpg,L,train
..\..\data\raw\asl_alphabet\train\L\L2793.jpg,L,train
..\..\data\raw\asl_alphabet\train\C\C2373.jpg,C,train
..\..\data\raw\asl_alphabet\train\N\N922.jpg,N,train
..\..\data\raw\asl_alphabet\train\X\X2938.jpg,X,train
..\..\data\raw\asl_alphabet\train\E\E1107.jpg,E,train
..\..\data\raw\asl_alphabet\train\I\I2907.jpg,I,train
..\..\data\raw\asl_alphabet\train\space\space1100.jpg,space,train
..\..\data\raw\asl_alphabet\train\space\space461.jpg,space,train
..\..\data\raw\asl_alphabet\train\A\A2177.jpg,A,train
..\..\data\raw\asl_alphabet\train\X\X538.jpg,X,train
..\..\data\raw\asl_alphabet\train\G\G2939.jpg,G,train
..\..\data\raw\asl_alphabet\train\N\N2914.jpg,N,train
..\..\data\raw\asl_alphabet\train\N\N15.jpg,N,train
..\..\data\raw\asl_alphabet\train\E\E2496.jpg,E,train
..\..\data\raw\asl_alphabet\train\F\F2682.jpg,F,train
..\..\data\raw\asl_alphabet\train\P\P935.jpg,P,train
..\..\data\raw\asl_alphabet\train\H\H410.jpg,H,train
..\..\data\raw\asl_alphabet\train\del\del1128.jpg,del,train
..\..\data\raw\asl_alphabet\train\A\A553.jpg,A,train
..\..\data\raw\asl_alphabet\train\X\X1330.jpg,X,train
..\..\data\raw\asl_alphabet\train\Z\Z2960.jpg,Z,train
..\..\data\raw\asl_alphabet\train\B\B2974.jpg,B,train
..\..\data\raw\asl_alphabet\train\O\O2839.jpg,O,train
..\..\data\raw\asl_alphabet\train\Y\Y2059.jpg,Y,train
..\..\data\raw\asl_alphabet\train\J\J1932.jpg,J,train
..\..\data\raw\asl_alphabet\train\P\P1311.jpg,P,train
..\..\data\raw\asl_alphabet\train\J\J560.jpg,J,train
..\..\data\raw\asl_alphabet\train\J\J2750.jpg,J,train
..\..\data\raw\asl_alphabet\train\Z\Z1658.jpg,Z,train
..\..\data\raw\asl_alphabet\train\nothing\nothing1929.jpg,nothing,train
..\..\data\raw\asl_alphabet\train\D\D2414.jpg,D,train
..\..\data\raw\asl_alphabet\train\R\R1391.jpg,R,train
..\..\data\raw\asl_alphabet\train\T\T2068.jpg,T,train
..\..\data\raw\asl_alphabet\train\O\O982.jpg,O,train
..\..\data\raw\asl_alphabet\train\del\del1933.jpg,del,train
..\..\data\raw\asl_alphabet\train\Y\Y1050.jpg,Y,train
..\..\data\raw\asl_alphabet\train\H\H1092.jpg,H,train
..\..\data\raw\asl_alphabet\train\V\V1188.jpg,V,train
..\..\data\raw\asl_alphabet\train\B\B378.jpg,B,train
..\..\data\raw\asl_alphabet\train\A\A1444.jpg,A,train
..\..\data\raw\asl_alphabet\train\A\A1938.jpg,A,train
..\..\data\raw\asl_alphabet\train\R\R1191.jpg,R,train
..\..\data\raw\asl_alphabet\train\J\J1290.jpg,J,train
..\..\data\raw\asl_alphabet\train\F\F1378.jpg,F,train
..\..\data\raw\asl_alphabet\train\space\space2623.jpg,space,train
..\..\data\raw\asl_alphabet\train\U\U2754.jpg,U,train
..\..\data\raw\asl_alphabet\train\A\A2743.jpg,A,train
..\..\data\raw\asl_alphabet\train\P\P1107.jpg,P,train
..\..\data\raw\asl_alphabet\train\P\P2819.jpg,P,train
..\..\data\raw\asl_alphabet\train\A\A998.jpg,A,train
..\..\data\raw\asl_alphabet\train\S\S2244.jpg,S,train
..\..\data\raw\asl_alphabet\train\G\G2327.jpg,G,train
..\..\data\raw\asl_alphabet\train\R\R2441.jpg,R,train
..\..\data\raw\asl_alphabet\train\F\F2465.jpg,F,train
..\..\data\raw\asl_alphabet\train\U\U1629.jpg,U,train
..\..\data\raw\asl_alphabet\train\X\X2989.jpg,X,train
..\..\data\raw\asl_alphabet\train\E\E1204.jpg,E,train
..\..\data\raw\asl_alphabet\train\M\M1514.jpg,M,train
..\..\data\raw\asl_alphabet\train\M\M268.jpg,M,train
..\..\data\raw\asl_alphabet\train\L\L2943.jpg,L,train
..\..\data\raw\asl_alphabet\train\O\O2540.jpg,O,train
..\..\data\raw\asl_alphabet\train\D\D1174.jpg,D,train
..\..\data\raw\asl_alphabet\train\S\S517.jpg,S,train
..\..\data\raw\asl_alphabet\train\S\S1646.jpg,S,train
..\..\data\raw\asl_alphabet\train\M\M1081.jpg,M,train
..\..\data\raw\asl_alphabet\train\E\E268.jpg,E,train
..\..\data\raw\asl_alphabet\train\P\P2521.jpg,P,train
..\..\data\raw\asl_alphabet\train\O\O1841.jpg,O,train
..\..\data\raw\asl_alphabet\train\K\K1497.jpg,K,train
..\..\data\raw\asl_alphabet\train\K\K2165.jpg,K,train
..\..\data\raw\asl_alphabet\train\N\N1687.jpg,N,train
..\..\data\raw\asl_alphabet\train\N\N1813.jpg,N,train
..\..\data\raw\asl_alphabet\train\R\R752.jpg,R,train
..\..\data\raw\asl_alphabet\train\del\del133.jpg,del,train
..\..\data\raw\asl_alphabet\train\O\O1414.jpg,O,train
..\..\data\raw\asl_alphabet\train\B\B1644.jpg,B,train
..\..\data\raw\asl_alphabet\train\L\L557.jpg,L,train
..\..\data\raw\asl_alphabet\train\S\S998.jpg,S,train
..\..\data\raw\asl_alphabet\train\Y\Y2049.jpg,Y,train
..\..\data\raw\asl_alphabet\train\B\B902.jpg,B,train
..\..\data\raw\asl_alphabet\train\F\F211.jpg,F,train
..\..\data\raw\asl_alphabet\train\Q\Q956.jpg,Q,train
..\..\data\raw\asl_alphabet\train\A\A1771.jpg,A,train
..\..\data\raw\asl_alphabet\train\Q\Q1564.jpg,Q,train
..\..\data\raw\asl_alphabet\train\A\A353.jpg,A,train
..\..\data\raw\asl_alphabet\train\space\space1140.jpg,space,train
..\..\data\raw\asl_alphabet\train\space\space896.jpg,space,train
..\..\data\raw\asl_alphabet\train\H\H1663.jpg,H,train
..\..\data\raw\asl_alphabet\train\E\E2573.jpg,E,train
..\..\data\raw\asl_alphabet\train\T\T129.jpg,T,train
..\..\data\raw\asl_alphabet\train\Y\Y2145.jpg,Y,train
..\..\data\raw\asl_alphabet\train\space\space2007.jpg,space,train
..\..\data\raw\asl_alphabet\train\I\I1001.jpg,I,train
..\..\data\raw\asl_alphabet\train\P\P2810.jpg,P,train
..\..\data\raw\asl_alphabet\train\V\V1267.jpg,V,train
..\..\data\raw\asl_alphabet\train\S\S1795.jpg,S,train
..\..\data\raw\asl_alphabet\train\L\L494.jpg,L,train
..\..\data\raw\asl_alphabet\train\Q\Q2438.jpg,Q,train
..\..\data\raw\asl_alphabet\train\X\X1925.jpg,X,train
..\..\data\raw\asl_alphabet\train\A\A1847.jpg,A,train
..\..\data\raw\asl_alphabet\train\W\W2986.jpg,W,train
..\..\data\raw\asl_alphabet\train\K\K1442.jpg,K,train
..\..\data\raw\asl_alphabet\train\T\T702.jpg,T,train
..\..\data\raw\asl_alphabet\train\O\O2855.jpg,O,train
..\..\data\raw\asl_alphabet\train\Z\Z1303.jpg,Z,train
..\..\data\raw\asl_alphabet\train\Z\Z228.jpg,Z,train
..\..\data\raw\asl_alphabet\train\U\U851.jpg,U,train
..\..\data\raw\asl_alphabet\train\C\C1965.jpg,C,train
..\..\data\raw\asl_alphabet\train\K\K1940.jpg,K,train
..\..\data\raw\asl_alphabet\train\del\del1588.jpg,del,train
..\..\data\raw\asl_alphabet\train\P\P367.jpg,P,train
..\..\data\raw\asl_alphabet\train\S\S114.jpg,S,train
..\..\data\raw\asl_alphabet\train\H\H1955.jpg,H,train
..\..\data\raw\asl_alphabet\train\B\B258.jpg,B,train
..\..\data\raw\asl_alphabet\train\space\space618.jpg,space,train
..\..\data\raw\asl_alphabet\train\N\N2829.jpg,N,train
..\..\data\raw\asl_alphabet\train\O\O1655.jpg,O,train
..\..\data\raw\asl_alphabet\train\Z\Z619.jpg,Z,train
..\..\data\raw\asl_alphabet\train\T\T1474.jpg,T,train
..\..\data\raw\asl_alphabet\train\C\C147.jpg,C,train
..\..\data\raw\asl_alphabet\train\N\N2481.jpg,N,train
..\..\data\raw\asl_alphabet\train\L\L2748.jpg,L,train
..\..\data\raw\asl_alphabet\train\O\O465.jpg,O,train
..\..\data\raw\asl_alphabet\train\nothing\nothing1218.jpg,nothing,train
..\..\data\raw\asl_alphabet\train\H\H1008.jpg,H,train
..\..\data\raw\asl_alphabet\train\K\K1125.jpg,K,train
..\..\data\raw\asl_alphabet\train\H\H1887.jpg,H,train
..\..\data\raw\asl_alphabet\train\H\H2155.jpg,H,train
..\..\data\raw\asl_alphabet\train\Y\Y835.jpg,Y,train
..\..\data\raw\asl_alphabet\train\C\C1946.jpg,C,train
..\..\data\raw\asl_alphabet\train\I\I116.jpg,I,train
..\..\data\raw\asl_alphabet\train\H\H117.jpg,H,train
..\..\data\raw\asl_alphabet\train\S\S1027.jpg,S,train
..\..\data\raw\asl_alphabet\train\L\L1659.jpg,L,train
..\..\data\raw\asl_alphabet\train\P\P2803.jpg,P,train
..\..\data\raw\asl_alphabet\train\F\F246.jpg,F,train
..\..\data\raw\asl_alphabet\train\H\H1184.jpg,H,train
..\..\data\raw\asl_alphabet\train\R\R1718.jpg,R,train
..\..\data\raw\asl_alphabet\train\Q\Q625.jpg,Q,train
..\..\data\raw\asl_alphabet\train\P\P2336.jpg,P,train
..\..\data\raw\asl_alphabet\train\J\J2389.jpg,J,train
..\..\data\raw\asl_alphabet\train\V\V1395.jpg,V,train
..\..\data\raw\asl_alphabet\train\X\X190.jpg,X,train
..\..\data\raw\asl_alphabet\train\space\space1515.jpg,space,train
..\..\data\raw\asl_alphabet\train\U\U2210.jpg,U,train
..\..\data\raw\asl_alphabet\train\P\P644.jpg,P,train
..\..\data\raw\asl_alphabet\train\V\V1751.jpg,V,train
..\..\data\raw\asl_alphabet\train\F\F2096.jpg,F,train
..\..\data\raw\asl_alphabet\train\Y\Y482.jpg,Y,train
..\..\data\raw\asl_alphabet\train\R\R515.jpg,R,train
..\..\data\raw\asl_alphabet\train\Z\Z1838.jpg,Z,train
..\..\data\raw\asl_alphabet\train\U\U1544.jpg,U,train
..\..\data\raw\asl_alphabet\train\M\M2768.jpg,M,train
..\..\data\raw\asl_alphabet\train\C\C2727.jpg,C,train
..\..\data\raw\asl_alphabet\train\del\del2243.jpg,del,train
..\..\data\raw\asl_alphabet\train\P\P2373.jpg,P,train
..\..\data\raw\asl_alphabet\train\W\W529.jpg,W,train
..\..\data\raw\asl_alphabet\train\M\M915.jpg,M,train
..\..\data\raw\asl_alphabet\train\H\H1297.jpg,H,train
..\..\data\raw\asl_alphabet\train\T\T240.jpg,T,train
..\..\data\raw\asl_alphabet\train\W\W1991.jpg,W,train
..\..\data\raw\asl_alphabet\train\X\X2566.jpg,X,train
..\..\data\raw\asl_alphabet\train\Q\Q1313.jpg,Q,train
..\..\data\raw\asl_alphabet\train\B\B2251.jpg,B,train
..\..\data\raw\asl_alphabet\train\Y\Y711.jpg,Y,train
..\..\data\raw\asl_alphabet\train\Z\Z2642.jpg,Z,train
..\..\data\raw\asl_alphabet\train\L\L1533.jpg,L,train
..\..\data\raw\asl_alphabet\train\T\T2765.jpg,T,train
..\..\data\raw\asl_alphabet\train\P\P2082.jpg,P,train
..\..\data\raw\asl_alphabet\train\A\A884.jpg,A,train
..\..\data\raw\asl_alphabet\train\H\H2308.jpg,H,train
..\..\data\raw\asl_alphabet\train\O\O2085.jpg,O,train
..\..\data\raw\asl_alphabet\train\S\S1999.jpg,S,train
..\..\data\raw\asl_alphabet\train\J\J770.jpg,J,train
..\..\data\raw\asl_alphabet\train\C\C2296.jpg,C,train
..\..\data\raw\asl_alphabet\train\E\E1427.jpg,E,train
..\..\data\raw\asl_alphabet\train\V\V284.jpg,V,train
..\..\data\raw\asl_alphabet\train\Q\Q1535.jpg,Q,train
..\..\data\raw\asl_alphabet\train\O\O463.jpg,O,train
..\..\data\raw\asl_alphabet\train\S\S706.jpg,S,train
..\..\data\raw\asl_alphabet\train\O\O2559.jpg,O,train
..\..\data\raw\asl_alphabet\train\Y\Y262.jpg,Y,train
..\..\data\raw\asl_alphabet\train\T\T576.jpg,T,train
..\..\data\raw\asl_alphabet\train\C\C98.jpg,C,train
..\..\data\raw\asl_alphabet\train\U\U113.jpg,U,train
..\..\data\raw\asl_alphabet\train\nothing\nothing2036.jpg,nothing,train
..\..\data\raw\asl_alphabet\train\C\C746.jpg,C,train
..\..\data\raw\asl_alphabet\train\X\X2148.jpg,X,train
..\..\data\raw\asl_alphabet\train\B\B2754.jpg,B,train
..\..\data\raw\asl_alphabet\train\O\O2096.jpg,O,train
..\..\data\raw\asl_alphabet\train\K\K177.jpg,K,train
..\..\data\raw\asl_alphabet\train\B\B2217.jpg,B,train
..\..\data\raw\asl_alphabet\train\D\D865.jpg,D,train
..\..\data\raw\asl_alphabet\train\V\V1337.jpg,V,train
..\..\data\raw\asl_alphabet\train\E\E2531.jpg,E,train
..\..\data\raw\asl_alphabet\train\nothing\nothing948.jpg,nothing,train
..\..\data\raw\asl_alphabet\train\M\M1016.jpg,M,train
..\..\data\raw\asl_alphabet\train\O\O2070.jpg,O,train
..\..\data\raw\asl_alphabet\train\H\H525.jpg,H,train
..\..\data\raw\asl_alphabet\train\Q\Q694.jpg,Q,train
..\..\data\raw\asl_alphabet\train\R\R2222.jpg,R,train
..\..\data\raw\asl_alphabet\train\del\del1077.jpg,del,train
..\..\data\raw\asl_alphabet\train\S\S529.jpg,S,train
..\..\data\raw\asl_alphabet\train\E\E2110.jpg,E,train
..\..\data\raw\asl_alphabet\train\D\D320.jpg,D,train
..\..\data\raw\asl_alphabet\train\U\U1968.jpg,U,train
..\..\data\raw\asl_alphabet\train\W\W28.jpg,W,train
..\..\data\raw\asl_alphabet\train\R\R1357.jpg,R,train
..\..\data\raw\asl_alphabet\train\nothing\nothing1104.jpg,nothing,train
..\..\data\raw\asl_alphabet\train\O\O1610.jpg,O,train
..\..\data\raw\asl_alphabet\train\G\G2343.jpg,G,train
..\..\data\raw\asl_alphabet\train\R\R2521.jpg,R,train
..\..\data\raw\asl_alphabet\train\nothing\nothing2807.jpg,nothing,train
..\..\data\raw\asl_alphabet\train\Q\Q450.jpg,Q,train
..\..\data\raw\asl_alphabet\train\A\A2877.jpg,A,train
..\..\data\raw\asl_alphabet\train\W\W2898.jpg,W,train
..\..\data\raw\asl_alphabet\train\G\G2627.jpg,G,train
..\..\data\raw\asl_alphabet\train\I\I2904.jpg,I,train
..\..\data\raw\asl_alphabet\train\U\U2398.jpg,U,train
..\..\data\raw\asl_alphabet\train\E\E1657.jpg,E,train
..\..\data\raw\asl_alphabet\train\G\G1341.jpg,G,train
..\..\data\raw\asl_alphabet\train\N\N1543.jpg,N,train
..\..\data\raw\asl_alphabet\train\D\D300.jpg,D,train
..\..\data\raw\asl_alphabet\train\X\X366.jpg,X,train
..\..\data\raw\asl_alphabet\train\I\I1147.jpg,I,train
..\..\data\raw\asl_alphabet\train\X\X2516.jpg,X,train
..\..\data\raw\asl_alphabet\train\E\E1119.jpg,E,train
..\..\data\raw\asl_alphabet\train\C\C1940.jpg,C,train
..\..\data\raw\asl_alphabet\train\G\G1071.jpg,G,train
..\..\data\raw\asl_alphabet\train\S\S2341.jpg,S,train
..\..\data\raw\asl_alphabet\train\nothing\nothing1392.jpg,nothing,train
..\..\data\raw\asl_alphabet\train\V\V553.jpg,V,train
..\..\data\raw\asl_alphabet\train\V\V448.jpg,V,train
..\..\data\raw\asl_alphabet\train\S\S14.jpg,S,train
..\..\data\raw\asl_alphabet\train\del\del1304.jpg,del,train
..\..\data\raw\asl_alphabet\train\O\O2938.jpg,O,train
..\..\data\raw\asl_alphabet\train\B\B71.jpg,B,train
..\..\data\raw\asl_alphabet\train\G\G1424.jpg,G,train
..\..\data\raw\asl_alphabet\train\space\space1174.jpg,space,train
..\..\data\raw\asl_alphabet\train\L\L2113.jpg,L,train
..\..\data\raw\asl_alphabet\train\K\K681.jpg,K,train
..\..\data\raw\asl_alphabet\train\A\A2578.jpg,A,train
..\..\data\raw\asl_alphabet\train\A\A1857.jpg,A,train
..\..\data\raw\asl_alphabet\train\nothing\nothing2876.jpg,nothing,train
..\..\data\raw\asl_alphabet\train\E\E2544.jpg,E,train
..\..\data\raw\asl_alphabet\train\M\M115.jpg,M,train
..\..\data\raw\asl_alphabet\train\U\U1132.jpg,U,train
..\..\data\raw\asl_alphabet\train\E\E1393.jpg,E,train
..\..\data\raw\asl_alphabet\train\H\H2120.jpg,H,train
..\..\data\raw\asl_alphabet\train\N\N2551.jpg,N,train
..\..\data\raw\asl_alphabet\train\S\S390.jpg,S,train
..\..\data\raw\asl_alphabet\train\B\B2634.jpg,B,train
..\..\data\raw\asl_alphabet\train\E\E2297.jpg,E,train
..\..\data\raw\asl_alphabet\train\V\V1849.jpg,V,train
..\..\data\raw\asl_alphabet\train\R\R1226.jpg,R,train
..\..\data\raw\asl_alphabet\train\R\R1949.jpg,R,train
..\..\data\raw\asl_alphabet\train\del\del2510.jpg,del,train
..\..\data\raw\asl_alphabet\train\space\space524.jpg,space,train
..\..\data\raw\asl_alphabet\train\J\J2467.jpg,J,train
..\..\data\raw\asl_alphabet\train\N\N246.jpg,N,train
..\..\data\raw\asl_alphabet\train\A\A1090.jpg,A,train
..\..\data\raw\asl_alphabet\train\K\K1106.jpg,K,train
..\..\data\raw\asl_alphabet\train\R\R1877.jpg,R,train
..\..\data\raw\asl_alphabet\train\O\O1533.jpg,O,train
..\..\data\raw\asl_alphabet\train\del\del2824.jpg,del,train
..\..\data\raw\asl_alphabet\train\N\N438.jpg,N,train
..\..\data\raw\asl_alphabet\train\del\del1621.jpg,del,train
..\..\data\raw\asl_alphabet\train\U\U1980.jpg,U,train
..\..\data\raw\asl_alphabet\train\U\U2273.jpg,U,train
..\..\data\raw\asl_alphabet\train\space\space1453.jpg,space,train
..\..\data\raw\asl_alphabet\train\F\F2420.jpg,F,train
..\..\data\raw\asl_alphabet\train\del\del2313.jpg,del,train
..\..\data\raw\asl_alphabet\train\O\O1281.jpg,O,train
..\..\data\raw\asl_alphabet\train\I\I69.jpg,I,train
..\..\data\raw\asl_alphabet\train\L\L2669.jpg,L,train
..\..\data\raw\asl_alphabet\train\space\space2140.jpg,space,train
..\..\data\raw\asl_alphabet\train\Q\Q2277.jpg,Q,train
..\..\data\raw\asl_alphabet\train\W\W1134.jpg,W,train
..\..\data\raw\asl_alphabet\train\M\M1644.jpg,M,train
..\..\data\raw\asl_alphabet\train\K\K2904.jpg,K,train
..\..\data\raw\asl_alphabet\train\G\G914.jpg,G,train
..\..\data\raw\asl_alphabet\train\O\O1036.jpg,O,train
..\..\data\raw\asl_alphabet\train\del\del1820.jpg,del,train
..\..\data\raw\asl_alphabet\train\A\A1033.jpg,A,train
..\..\data\raw\asl_alphabet\train\C\C993.jpg,C,train
..\..\data\raw\asl_alphabet\train\F\F1567.jpg,F,train
..\..\data\raw\asl_alphabet\train\Z\Z2868.jpg,Z,train
..\..\data\raw\asl_alphabet\train\P\P842.jpg,P,train
..\..\data\raw\asl_alphabet\train\W\W2155.jpg,W,train
..\..\data\raw\asl_alphabet\train\A\A2516.jpg,A,train
..\..\data\raw\asl_alphabet\train\del\del375.jpg,del,train
..\..\data\raw\asl_alphabet\train\B\B1118.jpg,B,train
..\..\data\raw\asl_alphabet\train\L\L954.jpg,L,train
..\..\data\raw\asl_alphabet\train\F\F701.jpg,F,train
..\..\data\raw\asl_alphabet\train\del\del2628.jpg,del,train
..\..\data\raw\asl_alphabet\train\N\N383.jpg,N,train
..\..\data\raw\asl_alphabet\train\R\R2609.jpg,R,train
..\..\data\raw\asl_alphabet\train\Z\Z1644.jpg,Z,train
..\..\data\raw\asl_alphabet\train\C\C1283.jpg,C,train
..\..\data\raw\asl_alphabet\train\M\M1540.jpg,M,train
..\..\data\raw\asl_alphabet\train\K\K680.jpg,K,train
..\..\data\raw\asl_alphabet\train\D\D529.jpg,D,train
..\..\data\raw\asl_alphabet\train\P\P198.jpg,P,train
..\..\data\raw\asl_alphabet\train\U\U1882.jpg,U,train
..\..\data\raw\asl_alphabet\train\I\I2595.jpg,I,train
..\..\data\raw\asl_alphabet\train\G\G2748.jpg,G,train
..\..\data\raw\asl_alphabet\train\G\G2998.jpg,G,train
..\..\data\raw\asl_alphabet\train\Y\Y1372.jpg,Y,train
..\..\data\raw\asl_alphabet\train\L\L2570.jpg,L,train
..\..\data\raw\asl_alphabet\train\I\I447.jpg,I,train
..\..\data\raw\asl_alphabet\train\Z\Z1624.jpg,Z,train
..\..\data\raw\asl_alphabet\train\A\A1986.jpg,A,train
..\..\data\raw\asl_alphabet\train\space\space1171.jpg,space,train
..\..\data\raw\asl_alphabet\train\E\E1491.jpg,E,train
..\..\data\raw\asl_alphabet\train\J\J594.jpg,J,train
..\..\data\raw\asl_alphabet\train\Z\Z1367.jpg,Z,train
..\..\data\raw\asl_alphabet\train\Q\Q1308.jpg,Q,train
..\..\data\raw\asl_alphabet\train\nothing\nothing139.jpg,nothing,train
..\..\data\raw\asl_alphabet\train\G\G107.jpg,G,train
..\..\data\raw\asl_alphabet\train\C\C1734.jpg,C,train
..\..\data\raw\asl_alphabet\train\U\U2408.jpg,U,train
..\..\data\raw\asl_alphabet\train\nothing\nothing366.jpg,nothing,train
..\..\data\raw\asl_alphabet\train\H\H578.jpg,H,train
..\..\data\raw\asl_alphabet\train\Q\Q1371.jpg,Q,train
..\..\data\raw\asl_alphabet\train\H\H747.jpg,H,train
..\..\data\raw\asl_alphabet\train\J\J1642.jpg,J,train
..\..\data\raw\asl_alphabet\train\K\K2195.jpg,K,train
..\..\data\raw\asl_alphabet\train\I\I2270.jpg,I,train
..\..\data\raw\asl_alphabet\train\P\P1756.jpg,P,train
..\..\data\raw\asl_alphabet\train\C\C2631.jpg,C,train
..\..\data\raw\asl_alphabet\train\O\O1781.jpg,O,train
..\..\data\raw\asl_alphabet\train\H\H668.jpg,H,train
..\..\data\raw\asl_alphabet\train\B\B232.jpg,B,train
..\..\data\raw\asl_alphabet\train\E\E1161.jpg,E,train
..\..\data\raw\asl_alphabet\train\M\M126.jpg,M,train
..\..\data\raw\asl_alphabet\train\del\del2440.jpg,del,train
..\..\data\raw\asl_alphabet\train\L\L2974.jpg,L,train
..\..\data\raw\asl_alphabet\train\Z\Z545.jpg,Z,train
..\..\data\raw\asl_alphabet\train\M\M1647.jpg,M,train
..\..\data\raw\asl_alphabet\train\Q\Q457.jpg,Q,train
..\..\data\raw\asl_alphabet\train\G\G1870.jpg,G,train
..\..\data\raw\asl_alphabet\train\K\K2520.jpg,K,train
..\..\data\raw\asl_alphabet\train\Z\Z1711.jpg,Z,train
..\..\data\raw\asl_alphabet\train\F\F429.jpg,F,train
..\..\data\raw\asl_alphabet\train\space\space821.jpg,space,train
..\..\data\raw\asl_alphabet\train\nothing\nothing2015.jpg,nothing,train
..\..\data\raw\asl_alphabet\train\Q\Q1578.jpg,Q,train
..\..\data\raw\asl_alphabet\train\space\space1342.jpg,space,train
..\..\data\raw\asl_alphabet\train\J\J756.jpg,J,train
..\..\data\raw\asl_alphabet\train\I\I2495.jpg,I,train
..\..\data\raw\asl_alphabet\train\A\A1906.jpg,A,train
..\..\data\raw\asl_alphabet\train\T\T331.jpg,T,train
..\..\data\raw\asl_alphabet\train\M\M2980.jpg,M,train
..\..\data\raw\asl_alphabet\train\X\X2377.jpg,X,train
..\..\data\raw\asl_alphabet\train\U\U1850.jpg,U,train
..\..\data\raw\asl_alphabet\train\L\L1112.jpg,L,train
..\..\data\raw\asl_alphabet\train\M\M589.jpg,M,train
..\..\data\raw\asl_alphabet\train\J\J30.jpg,J,train
..\..\data\raw\asl_alphabet\train\F\F2878.jpg,F,train
..\..\data\raw\asl_alphabet\train\W\W299.jpg,W,train
..\..\data\raw\asl_alphabet\train\N\N1756.jpg,N,train
..\..\data\raw\asl_alphabet\train\X\X241.jpg,X,train
..\..\data\raw\asl_alphabet\train\U\U2942.jpg,U,train
..\..\data\raw\asl_alphabet\train\J\J1330.jpg,J,train
..\..\data\raw\asl_alphabet\train\B\B1431.jpg,B,train
..\..\data\raw\asl_alphabet\train\space\space53.jpg,space,train
..\..\data\raw\asl_alphabet\train\R\R2160.jpg,R,train
..\..\data\raw\asl_alphabet\train\S\S2301.jpg,S,train
..\..\data\raw\asl_alphabet\train\W\W196.jpg,W,train
..\..\data\raw\asl_alphabet\train\H\H1936.jpg,H,train
..\..\data\raw\asl_alphabet\train\O\O1549.jpg,O,train
..\..\data\raw\asl_alphabet\train\W\W2032.jpg,W,train
..\..\data\raw\asl_alphabet\train\J\J330.jpg,J,train
..\..\data\raw\asl_alphabet\train\K\K2423.jpg,K,train
..\..\data\raw\asl_alphabet\train\S\S569.jpg,S,train
..\..\data\raw\asl_alphabet\train\U\U1971.jpg,U,train
..\..\data\raw\asl_alphabet\train\E\E2376.jpg,E,train
..\..\data\raw\asl_alphabet\train\X\X2041.jpg,X,train
..\..\data\raw\asl_alphabet\train\D\D715.jpg,D,train
..\..\data\raw\asl_alphabet\train\L\L2028.jpg,L,train
..\..\data\raw\asl_alphabet\train\Q\Q1651.jpg,Q,train
..\..\data\raw\asl_alphabet\train\D\D2215.jpg,D,train
..\..\data\raw\asl_alphabet\train\nothing\nothing2140.jpg,nothing,train
..\..\data\raw\asl_alphabet\train\nothing\nothing1865.jpg,nothing,train
..\..\data\raw\asl_alphabet\train\K\K692.jpg,K,train
..\..\data\raw\asl_alphabet\train\B\B251.jpg,B,train
..\..\data\raw\asl_alphabet\train\C\C2728.jpg,C,train
..\..\data\raw\asl_alphabet\train\R\R2433.jpg,R,train
..\..\data\raw\asl_alphabet\train\X\X815.jpg,X,train
..\..\data\raw\asl_alphabet\train\F\F714.jpg,F,train
..\..\data\raw\asl_alphabet\train\H\H2674.jpg,H,train
..\..\data\raw\asl_alphabet\train\J\J1328.jpg,J,train
..\..\data\raw\asl_alphabet\train\W\W1058.jpg,W,train
..\..\data\raw\asl_alphabet\train\B\B2675.jpg,B,train
..\..\data\raw\asl_alphabet\train\U\U2560.jpg,U,train
..\..\data\raw\asl_alphabet\train\V\V2550.jpg,V,train
..\..\data\raw\asl_alphabet\train\X\X486.jpg,X,train
..\..\data\raw\asl_alphabet\train\E\E1619.jpg,E,train
..\..\data\raw\asl_alphabet\train\nothing\nothing873.jpg,nothing,train
..\..\data\raw\asl_alphabet\train\X\X2601.jpg,X,train
..\..\data\raw\asl_alphabet\train\del\del2355.jpg,del,train
..\..\data\raw\asl_alphabet\train\Z\Z2961.jpg,Z,train
..\..\data\raw\asl_alphabet\train\J\J2162.jpg,J,train
..\..\data\raw\asl_alphabet\train\Q\Q1707.jpg,Q,train
..\..\data\raw\asl_alphabet\train\V\V2244.jpg,V,train
..\..\data\raw\asl_alphabet\train\J\J292.jpg,J,train
..\..\data\raw\asl_alphabet\train\L\L2018.jpg,L,train
..\..\data\raw\asl_alphabet\train\B\B1296.jpg,B,train
..\..\data\raw\asl_alphabet\train\Q\Q1696.jpg,Q,train
..\..\data\raw\asl_alphabet\train\V\V2042.jpg,V,train
..\..\data\raw\asl_alphabet\train\P\P2719.jpg,P,train
..\..\data\raw\asl_alphabet\train\H\H2263.jpg,H,train
..\..\data\raw\asl_alphabet\train\W\W1288.jpg,W,train
..\..\data\raw\asl_alphabet\train\M\M2414.jpg,M,train
..\..\data\raw\asl_alphabet\train\nothing\nothing485.jpg,nothing,train
..\..\data\raw\asl_alphabet\train\M\M487.jpg,M,train
..\..\data\raw\asl_alphabet\train\del\del2267.jpg,del,train
..\..\data\raw\asl_alphabet\train\R\R1639.jpg,R,train
..\..\data\raw\asl_alphabet\train\P\P1815.jpg,P,train
..\..\data\raw\asl_alphabet\train\Q\Q1546.jpg,Q,train
..\..\data\raw\asl_alphabet\train\W\W2255.jpg,W,train
..\..\data\raw\asl_alphabet\train\J\J230.jpg,J,train
..\..\data\raw\asl_alphabet\train\W\W2731.jpg,W,train
..\..\data\raw\asl_alphabet\train\T\T2839.jpg,T,train
..\..\data\raw\asl_alphabet\train\space\space218.jpg,space,train
..\..\data\raw\asl_alphabet\train\del\del1011.jpg,del,train
..\..\data\raw\asl_alphabet\train\E\E1136.jpg,E,train
..\..\data\raw\asl_alphabet\train\V\V2138.jpg,V,train
..\..\data\raw\asl_alphabet\train\Q\Q573.jpg,Q,train
..\..\data\raw\asl_alphabet\train\C\C2611.jpg,C,train
..\..\data\raw\asl_alphabet\train\Y\Y2707.jpg,Y,train
..\..\data\raw\asl_alphabet\train\S\S1048.jpg,S,train
..\..\data\raw\asl_alphabet\train\G\G2643.jpg,G,train
..\..\data\raw\asl_alphabet\train\S\S1547.jpg,S,train
..\..\data\raw\asl_alphabet\train\G\G1480.jpg,G,train
..\..\data\raw\asl_alphabet\train\L\L2427.jpg,L,train
..\..\data\raw\asl_alphabet\train\J\J2919.jpg,J,train
..\..\data\raw\asl_alphabet\train\Y\Y964.jpg,Y,train
..\..\data\raw\asl_alphabet\train\N\N854.jpg,N,train
..\..\data\raw\asl_alphabet\train\G\G1981.jpg,G,train
..\..\data\raw\asl_alphabet\train\Z\Z1124.jpg,Z,train
..\..\data\raw\asl_alphabet\train\K\K2161.jpg,K,train
..\..\data\raw\asl_alphabet\train\B\B2023.jpg,B,train
..\..\data\raw\asl_alphabet\train\D\D2068.jpg,D,train
..\..\data\raw\asl_alphabet\train\V\V2291.jpg,V,train
..\..\data\raw\asl_alphabet\train\L\L267.jpg,L,train
..\..\data\raw\asl_alphabet\train\X\X456.jpg,X,train
..\..\data\raw\asl_alphabet\train\G\G2760.jpg,G,train
..\..\data\raw\asl_alphabet\train\L\L1642.jpg,L,train
..\..\data\raw\asl_alphabet\train\space\space2500.jpg,space,train
..\..\data\raw\asl_alphabet\train\H\H1592.jpg,H,train
..\..\data\raw\asl_alphabet\train\F\F2581.jpg,F,train
..\..\data\raw\asl_alphabet\train\U\U420.jpg,U,train
..\..\data\raw\asl_alphabet\train\A\A1587.jpg,A,train
..\..\data\raw\asl_alphabet\train\C\C1792.jpg,C,train
..\..\data\raw\asl_alphabet\train\G\G2789.jpg,G,train
..\..\data\raw\asl_alphabet\train\L\L921.jpg,L,train
..\..\data\raw\asl_alphabet\train\R\R1979.jpg,R,train
..\..\data\raw\asl_alphabet\train\space\space2403.jpg,space,train
..\..\data\raw\asl_alphabet\train\R\R2091.jpg,R,train
..\..\data\raw\asl_alphabet\train\R\R1093.jpg,R,train
..\..\data\raw\asl_alphabet\train\E\E97.jpg,E,train
..\..\data\raw\asl_alphabet\train\C\C1739.jpg,C,train
..\..\data\raw\asl_alphabet\train\L\L2796.jpg,L,train
..\..\data\raw\asl_alphabet\train\K\K536.jpg,K,train
..\..\data\raw\asl_alphabet\train\R\R426.jpg,R,train
..\..\data\raw\asl_alphabet\train\G\G112.jpg,G,train
..\..\data\raw\asl_alphabet\train\K\K2935.jpg,K,train
..\..\data\raw\asl_alphabet\train\A\A1247.jpg,A,train
..\..\data\raw\asl_alphabet\train\Z\Z338.jpg,Z,train
..\..\data\raw\asl_alphabet\train\Y\Y1129.jpg,Y,train
..\..\data\raw\asl_alphabet\train\R\R935.jpg,R,train
..\..\data\raw\asl_alphabet\train\K\K293.jpg,K,train
..\..\data\raw\asl_alphabet\train\Q\Q851.jpg,Q,train
..\..\data\raw\asl_alphabet\train\X\X1764.jpg,X,train
..\..\data\raw\asl_alphabet\train\U\U2361.jpg,U,train
..\..\data\raw\asl_alphabet\train\I\I188.jpg,I,train
..\..\data\raw\asl_alphabet\train\D\D499.jpg,D,train
..\..\data\raw\asl_alphabet\train\T\T1527.jpg,T,train
..\..\data\raw\asl_alphabet\train\M\M580.jpg,M,train
..\..\data\raw\asl_alphabet\train\F\F2576.jpg,F,train
..\..\data\raw\asl_alphabet\train\R\R2573.jpg,R,train
..\..\data\raw\asl_alphabet\train\C\C1478.jpg,C,train
..\..\data\raw\asl_alphabet\train\B\B2911.jpg,B,train
..\..\data\raw\asl_alphabet\train\A\A589.jpg,A,train
..\..\data\raw\asl_alphabet\train\H\H1700.jpg,H,train
..\..\data\raw\asl_alphabet\train\T\T1730.jpg,T,train
..\..\data\raw\asl_alphabet\train\R\R297.jpg,R,train
..\..\data\raw\asl_alphabet\train\space\space1523.jpg,space,train
..\..\data\raw\asl_alphabet\train\V\V96.jpg,V,train
..\..\data\raw\asl_alphabet\train\I\I162.jpg,I,train
..\..\data\raw\asl_alphabet\train\W\W543.jpg,W,train
..\..\data\raw\asl_alphabet\train\J\J791.jpg,J,train
..\..\data\raw\asl_alphabet\train\nothing\nothing1842.jpg,nothing,train
..\..\data\raw\asl_alphabet\train\K\K1043.jpg,K,train
..\..\data\raw\asl_alphabet\train\R\R1287.jpg,R,train
..\..\data\raw\asl_alphabet\train\D\D2173.jpg,D,train
..\..\data\raw\asl_alphabet\train\Y\Y2296.jpg,Y,train
..\..\data\raw\asl_alphabet\train\P\P187.jpg,P,train
..\..\data\raw\asl_alphabet\train\Y\Y569.jpg,Y,train
..\..\data\raw\asl_alphabet\train\X\X573.jpg,X,train
..\..\data\raw\asl_alphabet\train\O\O2902.jpg,O,train
..\..\data\raw\asl_alphabet\train\K\K1396.jpg,K,train
..\..\data\raw\asl_alphabet\train\L\L48.jpg,L,train
..\..\data\raw\asl_alphabet\train\U\U556.jpg,U,train
..\..\data\raw\asl_alphabet\train\P\P2206.jpg,P,train
..\..\data\raw\asl_alphabet\train\nothing\nothing2153.jpg,nothing,train
..\..\data\raw\asl_alphabet\train\G\G26.jpg,G,train
..\..\data\raw\asl_alphabet\train\T\T739.jpg,T,train
..\..\data\raw\asl_alphabet\train\N\N2834.jpg,N,train
..\..\data\raw\asl_alphabet\train\del\del1923.jpg,del,train
..\..\data\raw\asl_alphabet\train\Q\Q913.jpg,Q,train
..\..\data\raw\asl_alphabet\train\A\A651.jpg,A,train
..\..\data\raw\asl_alphabet\train\del\del406.jpg,del,train
..\..\data\raw\asl_alphabet\train\J\J2029.jpg,J,train
..\..\data\raw\asl_alphabet\train\nothing\nothing1961.jpg,nothing,train
..\..\data\raw\asl_alphabet\train\H\H609.jpg,H,train
..\..\data\raw\asl_alphabet\train\W\W467.jpg,W,train
..\..\data\raw\asl_alphabet\train\Z\Z2536.jpg,Z,train
..\..\data\raw\asl_alphabet\train\O\O1076.jpg,O,train
..\..\data\raw\asl_alphabet\train\Z\Z2489.jpg,Z,train
..\..\data\raw\asl_alphabet\train\S\S641.jpg,S,train
..\..\data\raw\asl_alphabet\train\G\G2738.jpg,G,train
..\..\data\raw\asl_alphabet\train\D\D2172.jpg,D,train
..\..\data\raw\asl_alphabet\train\O\O2437.jpg,O,train
..\..\data\raw\asl_alphabet\train\del\del575.jpg,del,train
..\..\data\raw\asl_alphabet\train\T\T1270.jpg,T,train
..\..\data\raw\asl_alphabet\train\A\A964.jpg,A,train
..\..\data\raw\asl_alphabet\train\del\del2173.jpg,del,train
..\..\data\raw\asl_alphabet\train\W\W441.jpg,W,train
..\..\data\raw\asl_alphabet\train\B\B488.jpg,B,train
..\..\data\raw\asl_alphabet\train\W\W550.jpg,W,train
..\..\data\raw\asl_alphabet\train\I\I536.jpg,I,train
..\..\data\raw\asl_alphabet\train\R\R1686.jpg,R,train
..\..\data\raw\asl_alphabet\train\L\L2589.jpg,L,train
..\..\data\raw\asl_alphabet\train\L\L1902.jpg,L,train
..\..\data\raw\asl_alphabet\train\O\O2732.jpg,O,train
..\..\data\raw\asl_alphabet\train\Q\Q460.jpg,Q,train
..\..\data\raw\asl_alphabet\train\T\T2021.jpg,T,train
..\..\data\raw\asl_alphabet\train\U\U1609.jpg,U,train
..\..\data\raw\asl_alphabet\train\Z\Z2681.jpg,Z,train
..\..\data\raw\asl_alphabet\train\Y\Y1351.jpg,Y,train
..\..\data\raw\asl_alphabet\train\I\I914.jpg,I,train
..\..\data\raw\asl_alphabet\train\W\W145.jpg,W,train
..\..\data\raw\asl_alphabet\train\R\R1542.jpg,R,train
..\..\data\raw\asl_alphabet\train\I\I796.jpg,I,train
..\..\data\raw\asl_alphabet\train\H\H1482.jpg,H,train
..\..\data\raw\asl_alphabet\train\Y\Y1764.jpg,Y,train
..\..\data\raw\asl_alphabet\train\E\E2753.jpg,E,train
..\..\data\raw\asl_alphabet\train\F\F661.jpg,F,train
..\..\data\raw\asl_alphabet\train\C\C1596.jpg,C,train
..\..\data\raw\asl_alphabet\train\E\E1341.jpg,E,train
..\..\data\raw\asl_alphabet\train\Q\Q2325.jpg,Q,train
..\..\data\raw\asl_alphabet\train\G\G1807.jpg,G,train
..\..\data\raw\asl_alphabet\train\R\R2041.jpg,R,train
..\..\data\raw\asl_alphabet\train\R\R1740.jpg,R,train
..\..\data\raw\asl_alphabet\train\R\R2153.jpg,R,train
..\..\data\raw\asl_alphabet\train\V\V169.jpg,V,train
..\..\data\raw\asl_alphabet\train\V\V1296.jpg,V,train
..\..\data\raw\asl_alphabet\train\F\F2577.jpg,F,train
..\..\data\raw\asl_alphabet\train\D\D1581.jpg,D,train
..\..\data\raw\asl_alphabet\train\J\J2402.jpg,J,train
..\..\data\raw\asl_alphabet\train\M\M2642.jpg,M,train
..\..\data\raw\asl_alphabet\train\I\I1024.jpg,I,train
..\..\data\raw\asl_alphabet\train\A\A2627.jpg,A,train
..\..\data\raw\asl_alphabet\train\space\space1894.jpg,space,train
..\..\data\raw\asl_alphabet\train\K\K2121.jpg,K,train
..\..\data\raw\asl_alphabet\train\W\W2258.jpg,W,train
..\..\data\raw\asl_alphabet\train\T\T2759.jpg,T,train
..\..\data\raw\asl_alphabet\train\K\K1069.jpg,K,train
..\..\data\raw\asl_alphabet\train\X\X909.jpg,X,train
..\..\data\raw\asl_alphabet\train\Q\Q2113.jpg,Q,train
..\..\data\raw\asl_alphabet\train\B\B2408.jpg,B,train
..\..\data\raw\asl_alphabet\train\R\R1086.jpg,R,train
..\..\data\raw\asl_alphabet\train\S\S2262.jpg,S,train
..\..\data\raw\asl_alphabet\train\N\N2252.jpg,N,train
..\..\data\raw\asl_alphabet\train\H\H885.jpg,H,train
..\..\data\raw\asl_alphabet\train\Q\Q121.jpg,Q,train
..\..\data\raw\asl_alphabet\train\F\F1761.jpg,F,train
..\..\data\raw\asl_alphabet\train\R\R2803.jpg,R,train
..\..\data\raw\asl_alphabet\train\S\S1451.jpg,S,train
..\..\data\raw\asl_alphabet\train\S\S914.jpg,S,train
..\..\data\raw\asl_alphabet\train\L\L345.jpg,L,train
..\..\data\raw\asl_alphabet\train\V\V377.jpg,V,train
..\..\data\raw\asl_alphabet\train\Y\Y940.jpg,Y,train
..\..\data\raw\asl_alphabet\train\U\U1610.jpg,U,train
..\..\data\raw\asl_alphabet\train\E\E2931.jpg,E,train
..\..\data\raw\asl_alphabet\train\A\A1699.jpg,A,train
..\..\data\raw\asl_alphabet\train\I\I275.jpg,I,train
..\..\data\raw\asl_alphabet\train\J\J2349.jpg,J,train
..\..\data\raw\asl_alphabet\train\A\A993.jpg,A,train
..\..\data\raw\asl_alphabet\train\O\O50.jpg,O,train
..\..\data\raw\asl_alphabet\train\Y\Y1695.jpg,Y,train
..\..\data\raw\asl_alphabet\train\A\A811.jpg,A,train
..\..\data\raw\asl_alphabet\train\nothing\nothing2663.jpg,nothing,train
..\..\data\raw\asl_alphabet\train\I\I666.jpg,I,train
..\..\data\raw\asl_alphabet\train\P\P884.jpg,P,train
..\..\data\raw\asl_alphabet\train\O\O522.jpg,O,train
..\..\data\raw\asl_alphabet\train\Q\Q2458.jpg,Q,train
..\..\data\raw\asl_alphabet\train\D\D2088.jpg,D,train
..\..\data\raw\asl_alphabet\train\T\T1337.jpg,T,train
..\..\data\raw\asl_alphabet\train\U\U2520.jpg,U,train
..\..\data\raw\asl_alphabet\train\space\space2440.jpg,space,train
..\..\data\raw\asl_alphabet\train\M\M2165.jpg,M,train
..\..\data\raw\asl_alphabet\train\N\N968.jpg,N,train
..\..\data\raw\asl_alphabet\train\nothing\nothing1758.jpg,nothing,train
..\..\data\raw\asl_alphabet\train\R\R1695.jpg,R,train
..\..\data\raw\asl_alphabet\train\O\O2791.jpg,O,train
..\..\data\raw\asl_alphabet\train\E\E132.jpg,E,train
..\..\data\raw\asl_alphabet\train\T\T1568.jpg,T,train
..\..\data\raw\asl_alphabet\train\del\del2401.jpg,del,train
..\..\data\raw\asl_alphabet\train\B\B2672.jpg,B,train
..\..\data\raw\asl_alphabet\train\C\C2111.jpg,C,train
..\..\data\raw\asl_alphabet\train\U\U234.jpg,U,train
..\..\data\raw\asl_alphabet\train\B\B385.jpg,B,train
..\..\data\raw\asl_alphabet\train\R\R948.jpg,R,train
..\..\data\raw\asl_alphabet\train\K\K1920.jpg,K,train
..\..\data\raw\asl_alphabet\train\U\U2548.jpg,U,train
..\..\data\raw\asl_alphabet\train\M\M88.jpg,M,train
..\..\data\raw\asl_alphabet\train\G\G1857.jpg,G,train
..\..\data\raw\asl_alphabet\train\C\C2737.jpg,C,train
..\..\data\raw\asl_alphabet\train\A\A917.jpg,A,train
..\..\data\raw\asl_alphabet\train\H\H1377.jpg,H,train
..\..\data\raw\asl_alphabet\train\U\U2283.jpg,U,train
..\..\data\raw\asl_alphabet\train\A\A793.jpg,A,train
..\..\data\raw\asl_alphabet\train\S\S2453.jpg,S,train
..\..\data\raw\asl_alphabet\train\E\E1171.jpg,E,train
..\..\data\raw\asl_alphabet\train\E\E2973.jpg,E,train
..\..\data\raw\asl_alphabet\train\C\C1876.jpg,C,train
..\..\data\raw\asl_alphabet\train\X\X1423.jpg,X,train
..\..\data\raw\asl_alphabet\train\Z\Z1143.jpg,Z,train
..\..\data\raw\asl_alphabet\train\L\L2084.jpg,L,train
..\..\data\raw\asl_alphabet\train\L\L2338.jpg,L,train
..\..\data\raw\asl_alphabet\train\I\I1742.jpg,I,train
..\..\data\raw\asl_alphabet\train\D\D2388.jpg,D,train
..\..\data\raw\asl_alphabet\train\P\P1286.jpg,P,train
..\..\data\raw\asl_alphabet\train\Z\Z928.jpg,Z,train
..\..\data\raw\asl_alphabet\train\B\B1112.jpg,B,train
..\..\data\raw\asl_alphabet\train\L\L2061.jpg,L,train
..\..\data\raw\asl_alphabet\train\P\P2029.jpg,P,train
..\..\data\raw\asl_alphabet\train\Q\Q1203.jpg,Q,train
..\..\data\raw\asl_alphabet\train\J\J364.jpg,J,train
..\..\data\raw\asl_alphabet\train\S\S1034.jpg,S,train
..\..\data\raw\asl_alphabet\train\R\R2490.jpg,R,train
..\..\data\raw\asl_alphabet\train\J\J2773.jpg,J,train
..\..\data\raw\asl_alphabet\train\X\X1366.jpg,X,train
..\..\data\raw\asl_alphabet\train\D\D754.jpg,D,train
..\..\data\raw\asl_alphabet\train\O\O1448.jpg,O,train
..\..\data\raw\asl_alphabet\train\X\X2690.jpg,X,train
..\..\data\raw\asl_alphabet\train\nothing\nothing412.jpg,nothing,train
..\..\data\raw\asl_alphabet\train\Y\Y1439.jpg,Y,train
..\..\data\raw\asl_alphabet\train\L\L2144.jpg,L,train
..\..\data\raw\asl_alphabet\train\E\E1300.jpg,E,train
..\..\data\raw\asl_alphabet\train\nothing\nothing2554.jpg,nothing,train
..\..\data\raw\asl_alphabet\train\N\N1332.jpg,N,train
..\..\data\raw\asl_alphabet\train\M\M1067.jpg,M,train
..\..\data\raw\asl_alphabet\train\Z\Z1204.jpg,Z,train
..\..\data\raw\asl_alphabet\train\R\R2309.jpg,R,train
..\..\data\raw\asl_alphabet\train\N\N2587.jpg,N,train
..\..\data\raw\asl_alphabet\train\E\E371.jpg,E,train
..\..\data\raw\asl_alphabet\train\N\N2153.jpg,N,train
..\..\data\raw\asl_alphabet\train\W\W1152.jpg,W,train
..\..\data\raw\asl_alphabet\train\Z\Z2120.jpg,Z,train
..\..\data\raw\asl_alphabet\train\T\T430.jpg,T,train
..\..\data\raw\asl_alphabet\train\D\D20.jpg,D,train
..\..\data\raw\asl_alphabet\train\del\del2697.jpg,del,train
..\..\data\raw\asl_alphabet\train\R\R2720.jpg,R,train
..\..\data\raw\asl_alphabet\train\Y\Y584.jpg,Y,train
..\..\data\raw\asl_alphabet\train\G\G2191.jpg,G,train
..\..\data\raw\asl_alphabet\train\X\X1730.jpg,X,train
..\..\data\raw\asl_alphabet\train\A\A1821.jpg,A,train
..\..\data\raw\asl_alphabet\train\H\H845.jpg,H,train
..\..\data\raw\asl_alphabet\train\X\X906.jpg,X,train
..\..\data\raw\asl_alphabet\train\B\B2087.jpg,B,train
..\..\data\raw\asl_alphabet\train\O\O457.jpg,O,train
..\..\data\raw\asl_alphabet\train\C\C1911.jpg,C,train
..\..\data\raw\asl_alphabet\train\X\X2778.jpg,X,train
..\..\data\raw\asl_alphabet\train\B\B99.jpg,B,train
..\..\data\raw\asl_alphabet\train\J\J1985.jpg,J,train
..\..\data\raw\asl_alphabet\train\space\space1193.jpg,space,train
..\..\data\raw\asl_alphabet\train\L\L2252.jpg,L,train
..\..\data\raw\asl_alphabet\train\del\del2624.jpg,del,train
..\..\data\raw\asl_alphabet\train\X\X2973.jpg,X,train
..\..\data\raw\asl_alphabet\train\Z\Z1581.jpg,Z,train
..\..\data\raw\asl_alphabet\train\D\D1586.jpg,D,train
..\..\data\raw\asl_alphabet\train\V\V2420.jpg,V,train
..\..\data\raw\asl_alphabet\train\M\M718.jpg,M,train
..\..\data\raw\asl_alphabet\train\H\H1419.jpg,H,train
..\..\data\raw\asl_alphabet\train\G\G937.jpg,G,train
..\..\data\raw\asl_alphabet\train\E\E2826.jpg,E,train
..\..\data\raw\asl_alphabet\train\A\A2236.jpg,A,train
..\..\data\raw\asl_alphabet\train\W\W1920.jpg,W,train
..\..\data\raw\asl_alphabet\train\E\E2302.jpg,E,train
..\..\data\raw\asl_alphabet\train\Z\Z1040.jpg,Z,train
..\..\data\raw\asl_alphabet\train\O\O1122.jpg,O,train
..\..\data\raw\asl_alphabet\train\U\U897.jpg,U,train
..\..\data\raw\asl_alphabet\train\J\J192.jpg,J,train
..\..\data\raw\asl_alphabet\train\C\C1181.jpg,C,train
..\..\data\raw\asl_alphabet\train\T\T683.jpg,T,train
..\..\data\raw\asl_alphabet\train\R\R517.jpg,R,train
..\..\data\raw\asl_alphabet\train\X\X2599.jpg,X,train
..\..\data\raw\asl_alphabet\train\M\M416.jpg,M,train
..\..\data\raw\asl_alphabet\train\Y\Y1145.jpg,Y,train
..\..\data\raw\asl_alphabet\train\U\U872.jpg,U,train
..\..\data\raw\asl_alphabet\train\Y\Y1782.jpg,Y,train
..\..\data\raw\asl_alphabet\train\S\S2456.jpg,S,train
..\..\data\raw\asl_alphabet\train\O\O2651.jpg,O,train
..\..\data\raw\asl_alphabet\train\H\H2476.jpg,H,train
..\..\data\raw\asl_alphabet\train\S\S1355.jpg,S,train
..\..\data\raw\asl_alphabet\train\U\U2636.jpg,U,train
..\..\data\raw\asl_alphabet\train\I\I77.jpg,I,train
..\..\data\raw\asl_alphabet\train\G\G944.jpg,G,train
..\..\data\raw\asl_alphabet\train\T\T811.jpg,T,train
..\..\data\raw\asl_alphabet\train\C\C676.jpg,C,train
..\..\data\raw\asl_alphabet\train\M\M2897.jpg,M,train
..\..\data\raw\asl_alphabet\train\del\del2172.jpg,del,train
..\..\data\raw\asl_alphabet\train\U\U965.jpg,U,train
..\..\data\raw\asl_alphabet\train\N\N506.jpg,N,train
..\..\data\raw\asl_alphabet\train\Z\Z442.jpg,Z,train
..\..\data\raw\asl_alphabet\train\Z\Z2160.jpg,Z,train
..\..\data\raw\asl_alphabet\train\T\T968.jpg,T,train
..\..\data\raw\asl_alphabet\train\T\T2029.jpg,T,train
..\..\data\raw\asl_alphabet\train\P\P1889.jpg,P,train
..\..\data\raw\asl_alphabet\train\W\W2932.jpg,W,train
..\..\data\raw\asl_alphabet\train\D\D162.jpg,D,train
..\..\data\raw\asl_alphabet\train\M\M2415.jpg,M,train
..\..\data\raw\asl_alphabet\train\C\C2629.jpg,C,train
..\..\data\raw\asl_alphabet\train\E\E1202.jpg,E,train
..\..\data\raw\asl_alphabet\train\P\P2768.jpg,P,train
..\..\data\raw\asl_alphabet\train\Z\Z2470.jpg,Z,train
..\..\data\raw\asl_alphabet\train\M\M1557.jpg,M,train
..\..\data\raw\asl_alphabet\train\K\K344.jpg,K,train
..\..\data\raw\asl_alphabet\train\C\C568.jpg,C,train
..\..\data\raw\asl_alphabet\train\E\E1623.jpg,E,train
..\..\data\raw\asl_alphabet\train\C\C2955.jpg,C,train
..\..\data\raw\asl_alphabet\train\W\W129.jpg,W,train
..\..\data\raw\asl_alphabet\train\R\R473.jpg,R,train
..\..\data\raw\asl_alphabet\train\E\E2390.jpg,E,train
..\..\data\raw\asl_alphabet\train\M\M202.jpg,M,train
..\..\data\raw\asl_alphabet\train\C\C1276.jpg,C,train
..\..\data\raw\asl_alphabet\train\S\S85.jpg,S,train
..\..\data\raw\asl_alphabet\train\X\X226.jpg,X,train
..\..\data\raw\asl_alphabet\train\E\E1560.jpg,E,train
..\..\data\raw\asl_alphabet\train\U\U2318.jpg,U,train
..\..\data\raw\asl_alphabet\train\del\del132.jpg,del,train
..\..\data\raw\asl_alphabet\train\M\M2007.jpg,M,train
..\..\data\raw\asl_alphabet\train\L\L610.jpg,L,train
..\..\data\raw\asl_alphabet\train\J\J2814.jpg,J,train
..\..\data\raw\asl_alphabet\train\M\M1981.jpg,M,train
..\..\data\raw\asl_alphabet\train\S\S991.jpg,S,train
..\..\data\raw\asl_alphabet\train\W\W996.jpg,W,train
..\..\data\raw\asl_alphabet\train\G\G1592.jpg,G,train
..\..\data\raw\asl_alphabet\train\T\T160.jpg,T,train
..\..\data\raw\asl_alphabet\train\E\E2274.jpg,E,train
..\..\data\raw\asl_alphabet\train\Q\Q2876.jpg,Q,train
..\..\data\raw\asl_alphabet\train\space\space935.jpg,space,train
..\..\data\raw\asl_alphabet\train\R\R2762.jpg,R,train
..\..\data\raw\asl_alphabet\train\G\G243.jpg,G,train
..\..\data\raw\asl_alphabet\train\Q\Q1037.jpg,Q,train
..\..\data\raw\asl_alphabet\train\Q\Q1341.jpg,Q,train
..\..\data\raw\asl_alphabet\train\P\P1906.jpg,P,train
..\..\data\raw\asl_alphabet\train\W\W342.jpg,W,train
..\..\data\raw\asl_alphabet\train\J\J1030.jpg,J,train
..\..\data\raw\asl_alphabet\train\D\D2102.jpg,D,train
..\..\data\raw\asl_alphabet\train\Y\Y1100.jpg,Y,train
..\..\data\raw\asl_alphabet\train\K\K2264.jpg,K,train
..\..\data\raw\asl_alphabet\train\R\R2812.jpg,R,train
..\..\data\raw\asl_alphabet\train\B\B2968.jpg,B,train
..\..\data\raw\asl_alphabet\train\D\D1228.jpg,D,train
..\..\data\raw\asl_alphabet\train\del\del1950.jpg,del,train
..\..\data\raw\asl_alphabet\train\P\P212.jpg,P,train
..\..\data\raw\asl_alphabet\train\J\J301.jpg,J,train
..\..\data\raw\asl_alphabet\train\W\W1208.jpg,W,train
..\..\data\raw\asl_alphabet\train\B\B2306.jpg,B,train
..\..\data\raw\asl_alphabet\train\H\H2381.jpg,H,train
..\..\data\raw\asl_alphabet\train\space\space802.jpg,space,train
..\..\data\raw\asl_alphabet\train\K\K1533.jpg,K,train
..\..\data\raw\asl_alphabet\train\B\B2825.jpg,B,train
..\..\data\raw\asl_alphabet\train\space\space246.jpg,space,train
..\..\data\raw\asl_alphabet\train\P\P316.jpg,P,train
..\..\data\raw\asl_alphabet\train\O\O2354.jpg,O,train
..\..\data\raw\asl_alphabet\train\H\H2537.jpg,H,train
..\..\data\raw\asl_alphabet\train\A\A2589.jpg,A,train
..\..\data\raw\asl_alphabet\train\I\I376.jpg,I,train
..\..\data\raw\asl_alphabet\train\W\W1485.jpg,W,train
..\..\data\raw\asl_alphabet\train\X\X2397.jpg,X,train
..\..\data\raw\asl_alphabet\train\W\W766.jpg,W,train
..\..\data\raw\asl_alphabet\train\M\M1993.jpg,M,train
..\..\data\raw\asl_alphabet\train\R\R1536.jpg,R,train
..\..\data\raw\asl_alphabet\train\R\R1489.jpg,R,train
..\..\data\raw\asl_alphabet\train\G\G1337.jpg,G,train
..\..\data\raw\asl_alphabet\train\M\M2061.jpg,M,train
..\..\data\raw\asl_alphabet\train\L\L798.jpg,L,train
..\..\data\raw\asl_alphabet\train\K\K1334.jpg,K,train
..\..\data\raw\asl_alphabet\train\Y\Y1521.jpg,Y,train
..\..\data\raw\asl_alphabet\train\nothing\nothing851.jpg,nothing,train
..\..\data\raw\asl_alphabet\train\W\W2159.jpg,W,train
..\..\data\raw\asl_alphabet\train\Q\Q2687.jpg,Q,train
..\..\data\raw\asl_alphabet\train\nothing\nothing1769.jpg,nothing,train
..\..\data\raw\asl_alphabet\train\U\U2130.jpg,U,train
..\..\data\raw\asl_alphabet\train\H\H472.jpg,H,train
..\..\data\raw\asl_alphabet\train\C\C2387.jpg,C,train
..\..\data\raw\asl_alphabet\train\S\S2348.jpg,S,train
..\..\data\raw\asl_alphabet\train\P\P1159.jpg,P,train
..\..\data\raw\asl_alphabet\train\G\G1918.jpg,G,train
..\..\data\raw\asl_alphabet\train\K\K2036.jpg,K,train
..\..\data\raw\asl_alphabet\train\Y\Y1542.jpg,Y,train
..\..\data\raw\asl_alphabet\train\del\del2113.jpg,del,train
..\..\data\raw\asl_alphabet\train\U\U2253.jpg,U,train
..\..\data\raw\asl_alphabet\train\E\E2324.jpg,E,train
..\..\data\raw\asl_alphabet\train\del\del1549.jpg,del,train
..\..\data\raw\asl_alphabet\train\E\E1536.jpg,E,train
..\..\data\raw\asl_alphabet\train\V\V2868.jpg,V,train
..\..\data\raw\asl_alphabet\train\I\I2097.jpg,I,train
..\..\data\raw\asl_alphabet\train\V\V2637.jpg,V,train
..\..\data\raw\asl_alphabet\train\J\J1926.jpg,J,train
..\..\data\raw\asl_alphabet\train\A\A327.jpg,A,train
..\..\data\raw\asl_alphabet\train\Q\Q2635.jpg,Q,train
..\..\data\raw\asl_alphabet\train\M\M1504.jpg,M,train
..\..\data\raw\asl_alphabet\train\B\B2597.jpg,B,train
..\..\data\raw\asl_alphabet\train\S\S2733.jpg,S,train
..\..\data\raw\asl_alphabet\train\N\N2703.jpg,N,train
..\..\data\raw\asl_alphabet\train\del\del1930.jpg,del,train
..\..\data\raw\asl_alphabet\train\R\R1468.jpg,R,train
..\..\data\raw\asl_alphabet\train\H\H1730.jpg,H,train
..\..\data\raw\asl_alphabet\train\G\G118.jpg,G,train
..\..\data\raw\asl_alphabet\train\space\space2956.jpg,space,train
..\..\data\raw\asl_alphabet\train\U\U2179.jpg,U,train
..\..\data\raw\asl_alphabet\train\space\space1490.jpg,space,train
..\..\data\raw\asl_alphabet\train\J\J374.jpg,J,train
..\..\data\raw\asl_alphabet\train\V\V2323.jpg,V,train
..\..\data\raw\asl_alphabet\train\B\B1239.jpg,B,train
..\..\data\raw\asl_alphabet\train\K\K1522.jpg,K,train
..\..\data\raw\asl_alphabet\train\Q\Q715.jpg,Q,train
..\..\data\raw\asl_alphabet\train\F\F987.jpg,F,train
..\..\data\raw\asl_alphabet\train\O\O2891.jpg,O,train
..\..\data\raw\asl_alphabet\train\N\N2893.jpg,N,train
..\..\data\raw\asl_alphabet\train\V\V2885.jpg,V,train
..\..\data\raw\asl_alphabet\train\K\K2941.jpg,K,train
..\..\data\raw\asl_alphabet\train\T\T1544.jpg,T,train
..\..\data\raw\asl_alphabet\train\X\X2009.jpg,X,train
..\..\data\raw\asl_alphabet\train\T\T1087.jpg,T,train
..\..\data\raw\asl_alphabet\train\G\G150.jpg,G,train
..\..\data\raw\asl_alphabet\train\Q\Q1820.jpg,Q,train
..\..\data\raw\asl_alphabet\train\A\A680.jpg,A,train
..\..\data\raw\asl_alphabet\train\nothing\nothing268.jpg,nothing,train
..\..\data\raw\asl_alphabet\train\D\D2167.jpg,D,train
..\..\data\raw\asl_alphabet\train\space\space2665.jpg,space,train
..\..\data\raw\asl_alphabet\train\space\space856.jpg,space,train
..\..\data\raw\asl_alphabet\train\Y\Y1016.jpg,Y,train
..\..\data\raw\asl_alphabet\train\F\F1503.jpg,F,train
..\..\data\raw\asl_alphabet\train\L\L1853.jpg,L,train
..\..\data\raw\asl_alphabet\train\nothing\nothing52.jpg,nothing,train
..\..\data\raw\asl_alphabet\train\A\A2981.jpg,A,train
..\..\data\raw\asl_alphabet\train\nothing\nothing1143.jpg,nothing,train
..\..\data\raw\asl_alphabet\train\U\U2805.jpg,U,train
..\..\data\raw\asl_alphabet\train\V\V1840.jpg,V,train
..\..\data\raw\asl_alphabet\train\M\M2265.jpg,M,train
..\..\data\raw\asl_alphabet\train\T\T1769.jpg,T,train
..\..\data\raw\asl_alphabet\train\O\O2429.jpg,O,train
..\..\data\raw\asl_alphabet\train\V\V125.jpg,V,train
..\..\data\raw\asl_alphabet\train\U\U1533.jpg,U,train
..\..\data\raw\asl_alphabet\train\B\B1535.jpg,B,train
..\..\data\raw\asl_alphabet\train\del\del319.jpg,del,train
..\..\data\raw\asl_alphabet\train\Q\Q1108.jpg,Q,train
..\..\data\raw\asl_alphabet\train\del\del1291.jpg,del,train
..\..\data\raw\asl_alphabet\train\I\I321.jpg,I,train
..\..\data\raw\asl_alphabet\train\del\del1738.jpg,del,train
..\..\data\raw\asl_alphabet\train\B\B820.jpg,B,train
..\..\data\raw\asl_alphabet\train\Z\Z1841.jpg,Z,train
..\..\data\raw\asl_alphabet\train\Z\Z988.jpg,Z,train
..\..\data\raw\asl_alphabet\train\N\N1244.jpg,N,train
..\..\data\raw\asl_alphabet\train\V\V2575.jpg,V,train
..\..\data\raw\asl_alphabet\train\U\U785.jpg,U,train
..\..\data\raw\asl_alphabet\train\U\U1564.jpg,U,train
..\..\data\raw\asl_alphabet\train\J\J462.jpg,J,train
..\..\data\raw\asl_alphabet\train\nothing\nothing2704.jpg,nothing,train
..\..\data\raw\asl_alphabet\train\B\B291.jpg,B,train
..\..\data\raw\asl_alphabet\train\W\W1291.jpg,W,train
..\..\data\raw\asl_alphabet\train\S\S1409.jpg,S,train
..\..\data\raw\asl_alphabet\train\nothing\nothing2765.jpg,nothing,train
..\..\data\raw\asl_alphabet\train\E\E1900.jpg,E,train
..\..\data\raw\asl_alphabet\train\del\del832.jpg,del,train
..\..\data\raw\asl_alphabet\train\L\L2002.jpg,L,train
..\..\data\raw\asl_alphabet\train\L\L1447.jpg,L,train
..\..\data\raw\asl_alphabet\train\M\M1056.jpg,M,train
..\..\data\raw\asl_alphabet\train\B\B537.jpg,B,train
..\..\data\raw\asl_alphabet\train\D\D2686.jpg,D,train
..\..\data\raw\asl_alphabet\train\C\C613.jpg,C,train
..\..\data\raw\asl_alphabet\train\G\G1789.jpg,G,train
..\..\data\raw\asl_alphabet\train\space\space1439.jpg,space,train
..\..\data\raw\asl_alphabet\train\O\O471.jpg,O,train
..\..\data\raw\asl_alphabet\train\W\W623.jpg,W,train
..\..\data\raw\asl_alphabet\train\Z\Z65.jpg,Z,train
..\..\data\raw\asl_alphabet\train\C\C1864.jpg,C,train
..\..\data\raw\asl_alphabet\train\S\S1390.jpg,S,train
..\..\data\raw\asl_alphabet\train\T\T973.jpg,T,train
..\..\data\raw\asl_alphabet\train\P\P445.jpg,P,train
..\..\data\raw\asl_alphabet\train\F\F2457.jpg,F,train
..\..\data\raw\asl_alphabet\train\A\A286.jpg,A,train
..\..\data\raw\asl_alphabet\train\I\I1537.jpg,I,train
..\..\data\raw\asl_alphabet\train\H\H35.jpg,H,train
..\..\data\raw\asl_alphabet\train\U\U1103.jpg,U,train
..\..\data\raw\asl_alphabet\train\F\F2476.jpg,F,train
..\..\data\raw\asl_alphabet\train\O\O2734.jpg,O,train
..\..\data\raw\asl_alphabet\train\H\H2404.jpg,H,train
..\..\data\raw\asl_alphabet\train\O\O2590.jpg,O,train
..\..\data\raw\asl_alphabet\train\P\P2230.jpg,P,train
..\..\data\raw\asl_alphabet\train\T\T1142.jpg,T,train
..\..\data\raw\asl_alphabet\train\W\W2545.jpg,W,train
..\..\data\raw\asl_alphabet\train\H\H277.jpg,H,train
..\..\data\raw\asl_alphabet\train\D\D1982.jpg,D,train
..\..\data\raw\asl_alphabet\train\nothing\nothing2128.jpg,nothing,train
..\..\data\raw\asl_alphabet\train\U\U954.jpg,U,train
..\..\data\raw\asl_alphabet\train\P\P985.jpg,P,train
..\..\data\raw\asl_alphabet\train\L\L1324.jpg,L,train
..\..\data\raw\asl_alphabet\train\D\D2740.jpg,D,train
..\..\data\raw\asl_alphabet\train\K\K1408.jpg,K,train
..\..\data\raw\asl_alphabet\train\D\D2270.jpg,D,train
..\..\data\raw\asl_alphabet\train\nothing\nothing484.jpg,nothing,train
..\..\data\raw\asl_alphabet\train\W\W2872.jpg,W,train
..\..\data\raw\asl_alphabet\train\P\P2004.jpg,P,train
..\..\data\raw\asl_alphabet\train\H\H1167.jpg,H,train
..\..\data\raw\asl_alphabet\train\W\W2416.jpg,W,train
..\..\data\raw\asl_alphabet\train\A\A1785.jpg,A,train
..\..\data\raw\asl_alphabet\train\U\U285.jpg,U,train
..\..\data\raw\asl_alphabet\train\U\U2067.jpg,U,train
..\..\data\raw\asl_alphabet\train\T\T488.jpg,T,train
..\..\data\raw\asl_alphabet\train\X\X2507.jpg,X,train
..\..\data\raw\asl_alphabet\train\space\space794.jpg,space,train
..\..\data\raw\asl_alphabet\train\L\L2620.jpg,L,train
..\..\data\raw\asl_alphabet\train\E\E294.jpg,E,train
..\..\data\raw\asl_alphabet\train\del\del1467.jpg,del,train
..\..\data\raw\asl_alphabet\train\T\T2503.jpg,T,train
..\..\data\raw\asl_alphabet\train\I\I1856.jpg,I,train
..\..\data\raw\asl_alphabet\train\T\T2570.jpg,T,train
..\..\data\raw\asl_alphabet\train\nothing\nothing1701.jpg,nothing,train
..\..\data\raw\asl_alphabet\train\Q\Q1029.jpg,Q,train
..\..\data\raw\asl_alphabet\train\Q\Q1549.jpg,Q,train
..\..\data\raw\asl_alphabet\train\R\R336.jpg,R,train
..\..\data\raw\asl_alphabet\train\M\M1878.jpg,M,train
..\..\data\raw\asl_alphabet\train\Q\Q201.jpg,Q,train
..\..\data\raw\asl_alphabet\train\B\B1465.jpg,B,train
..\..\data\raw\asl_alphabet\train\T\T2299.jpg,T,train
..\..\data\raw\asl_alphabet\train\W\W2570.jpg,W,train
..\..\data\raw\asl_alphabet\train\U\U925.jpg,U,train
..\..\data\raw\asl_alphabet\train\Y\Y2343.jpg,Y,train
..\..\data\raw\asl_alphabet\train\J\J388.jpg,J,train
..\..\data\raw\asl_alphabet\train\T\T2326.jpg,T,train
..\..\data\raw\asl_alphabet\train\O\O45.jpg,O,train
..\..\data\raw\asl_alphabet\train\B\B1134.jpg,B,train
..\..\data\raw\asl_alphabet\train\J\J1566.jpg,J,train
..\..\data\raw\asl_alphabet\train\del\del1635.jpg,del,train
..\..\data\raw\asl_alphabet\train\E\E741.jpg,E,train
..\..\data\raw\asl_alphabet\train\H\H3.jpg,H,train
..\..\data\raw\asl_alphabet\train\K\K2281.jpg,K,train
..\..\data\raw\asl_alphabet\train\U\U1303.jpg,U,train
..\..\data\raw\asl_alphabet\train\F\F2359.jpg,F,train
..\..\data\raw\asl_alphabet\train\del\del1838.jpg,del,train
..\..\data\raw\asl_alphabet\train\E\E2240.jpg,E,train
..\..\data\raw\asl_alphabet\train\C\C2209.jpg,C,train
..\..\data\raw\asl_alphabet\train\M\M734.jpg,M,train
..\..\data\raw\asl_alphabet\train\U\U1994.jpg,U,train
..\..\data\raw\asl_alphabet\train\Z\Z2487.jpg,Z,train
..\..\data\raw\asl_alphabet\train\W\W1092.jpg,W,train
..\..\data\raw\asl_alphabet\train\F\F1433.jpg,F,train
..\..\data\raw\asl_alphabet\train\U\U2951.jpg,U,train
..\..\data\raw\asl_alphabet\train\M\M1014.jpg,M,train
..\..\data\raw\asl_alphabet\train\W\W1609.jpg,W,train
..\..\data\raw\asl_alphabet\train\J\J324.jpg,J,train
..\..\data\raw\asl_alphabet\train\nothing\nothing200.jpg,nothing,train
..\..\data\raw\asl_alphabet\train\I\I1054.jpg,I,train
..\..\data\raw\asl_alphabet\train\K\K1652.jpg,K,train
..\..\data\raw\asl_alphabet\train\T\T2195.jpg,T,train
..\..\data\raw\asl_alphabet\train\del\del1520.jpg,del,train
..\..\data\raw\asl_alphabet\train\space\space474.jpg,space,train
..\..\data\raw\asl_alphabet\train\M\M2130.jpg,M,train
..\..\data\raw\asl_alphabet\train\K\K1799.jpg,K,train
..\..\data\raw\asl_alphabet\train\P\P2538.jpg,P,train
..\..\data\raw\asl_alphabet\train\D\D2294.jpg,D,train
..\..\data\raw\asl_alphabet\train\R\R1762.jpg,R,train
..\..\data\raw\asl_alphabet\train\I\I1667.jpg,I,train
..\..\data\raw\asl_alphabet\train\S\S2986.jpg,S,train
..\..\data\raw\asl_alphabet\train\U\U2152.jpg,U,train
..\..\data\raw\asl_alphabet\train\G\G828.jpg,G,train
..\..\data\raw\asl_alphabet\train\Q\Q2432.jpg,Q,train
..\..\data\raw\asl_alphabet\train\C\C1474.jpg,C,train
..\..\data\raw\asl_alphabet\train\X\X2291.jpg,X,train
..\..\data\raw\asl_alphabet\train\Y\Y2115.jpg,Y,train
..\..\data\raw\asl_alphabet\train\A\A1734.jpg,A,train
..\..\data\raw\asl_alphabet\train\U\U1982.jpg,U,train
..\..\data\raw\asl_alphabet\train\C\C479.jpg,C,train
..\..\data\raw\asl_alphabet\train\I\I147.jpg,I,train
..\..\data\raw\asl_alphabet\train\P\P1027.jpg,P,train
..\..\data\raw\asl_alphabet\train\space\space1855.jpg,space,train
..\..\data\raw\asl_alphabet\train\M\M2027.jpg,M,train
..\..\data\raw\asl_alphabet\train\C\C2368.jpg,C,train
..\..\data\raw\asl_alphabet\train\Z\Z2461.jpg,Z,train
..\..\data\raw\asl_alphabet\train\E\E1189.jpg,E,train
..\..\data\raw\asl_alphabet\train\L\L1262.jpg,L,train
..\..\data\raw\asl_alphabet\train\Z\Z528.jpg,Z,train
..\..\data\raw\asl_alphabet\train\L\L2531.jpg,L,train
..\..\data\raw\asl_alphabet\train\P\P501.jpg,P,train
..\..\data\raw\asl_alphabet\train\space\space1371.jpg,space,train
..\..\data\raw\asl_alphabet\train\O\O935.jpg,O,train
..\..\data\raw\asl_alphabet\train\V\V2235.jpg,V,train
..\..\data\raw\asl_alphabet\train\space\space1770.jpg,space,train
..\..\data\raw\asl_alphabet\train\T\T1546.jpg,T,train
..\..\data\raw\asl_alphabet\train\M\M1485.jpg,M,train
..\..\data\raw\asl_alphabet\train\V\V748.jpg,V,train
..\..\data\raw\asl_alphabet\train\D\D418.jpg,D,train
..\..\data\raw\asl_alphabet\train\N\N2927.jpg,N,train
..\..\data\raw\asl_alphabet\train\Z\Z2106.jpg,Z,train
..\..\data\raw\asl_alphabet\train\K\K260.jpg,K,train
..\..\data\raw\asl_alphabet\train\T\T989.jpg,T,train
..\..\data\raw\asl_alphabet\train\del\del1527.jpg,del,train
..\..\data\raw\asl_alphabet\train\N\N233.jpg,N,train
..\..\data\raw\asl_alphabet\train\H\H1548.jpg,H,train
..\..\data\raw\asl_alphabet\train\U\U406.jpg,U,train
..\..\data\raw\asl_alphabet\train\S\S264.jpg,S,train
..\..\data\raw\asl_alphabet\train\J\J1024.jpg,J,train
..\..\data\raw\asl_alphabet\train\L\L2781.jpg,L,train
..\..\data\raw\asl_alphabet\train\H\H51.jpg,H,train
..\..\data\raw\asl_alphabet\train\T\T1041.jpg,T,train
..\..\data\raw\asl_alphabet\train\S\S1442.jpg,S,train
..\..\data\raw\asl_alphabet\train\J\J184.jpg,J,train
..\..\data\raw\asl_alphabet\train\del\del2631.jpg,del,train
..\..\data\raw\asl_alphabet\train\S\S2198.jpg,S,train
..\..\data\raw\asl_alphabet\train\L\L2514.jpg,L,train
..\..\data\raw\asl_alphabet\train\B\B2872.jpg,B,train
..\..\data\raw\asl_alphabet\train\H\H2374.jpg,H,train
..\..\data\raw\asl_alphabet\train\S\S89.jpg,S,train
..\..\data\raw\asl_alphabet\train\E\E2503.jpg,E,train
..\..\data\raw\asl_alphabet\train\U\U513.jpg,U,train
..\..\data\raw\asl_alphabet\train\O\O239.jpg,O,train
..\..\data\raw\asl_alphabet\train\C\C266.jpg,C,train
..\..\data\raw\asl_alphabet\train\nothing\nothing1603.jpg,nothing,train
..\..\data\raw\asl_alphabet\train\H\H842.jpg,H,train
..\..\data\raw\asl_alphabet\train\K\K1710.jpg,K,train
..\..\data\raw\asl_alphabet\train\H\H2832.jpg,H,train
..\..\data\raw\asl_alphabet\train\S\S1761.jpg,S,train
..\..\data\raw\asl_alphabet\train\E\E2220.jpg,E,train
..\..\data\raw\asl_alphabet\train\nothing\nothing2032.jpg,nothing,train
..\..\data\raw\asl_alphabet\train\T\T2730.jpg,T,train
..\..\data\raw\asl_alphabet\train\I\I2419.jpg,I,train
..\..\data\raw\asl_alphabet\train\T\T301.jpg,T,train
..\..\data\raw\asl_alphabet\train\C\C1651.jpg,C,train
..\..\data\raw\asl_alphabet\train\O\O2535.jpg,O,train
..\..\data\raw\asl_alphabet\train\X\X2750.jpg,X,train
..\..\data\raw\asl_alphabet\train\Q\Q1606.jpg,Q,train
..\..\data\raw\asl_alphabet\train\G\G859.jpg,G,train
..\..\data\raw\asl_alphabet\train\nothing\nothing738.jpg,nothing,train
..\..\data\raw\asl_alphabet\train\K\K2066.jpg,K,train
..\..\data\raw\asl_alphabet\train\F\F253.jpg,F,train
..\..\data\raw\asl_alphabet\train\P\P975.jpg,P,train
..\..\data\raw\asl_alphabet\train\L\L2728.jpg,L,train
..\..\data\raw\asl_alphabet\train\S\S2209.jpg,S,train
..\..\data\raw\asl_alphabet\train\Z\Z1558.jpg,Z,train
..\..\data\raw\asl_alphabet\train\D\D174.jpg,D,train
..\..\data\raw\asl_alphabet\train\nothing\nothing392.jpg,nothing,train
..\..\data\raw\asl_alphabet\train\I\I2989.jpg,I,train
..\..\data\raw\asl_alphabet\train\C\C2590.jpg,C,train
..\..\data\raw\asl_alphabet\train\U\U690.jpg,U,train
..\..\data\raw\asl_alphabet\train\A\A2908.jpg,A,train
..\..\data\raw\asl_alphabet\train\T\T2546.jpg,T,train
..\..\data\raw\asl_alphabet\train\M\M2200.jpg,M,train
..\..\data\raw\asl_alphabet\train\K\K474.jpg,K,train
..\..\data\raw\asl_alphabet\train\J\J642.jpg,J,train
..\..\data\raw\asl_alphabet\train\G\G1002.jpg,G,train
..\..\data\raw\asl_alphabet\train\P\P1672.jpg,P,train
..\..\data\raw\asl_alphabet\train\H\H2320.jpg,H,train
..\..\data\raw\asl_alphabet\train\X\X1345.jpg,X,train
..\..\data\raw\asl_alphabet\train\N\N1838.jpg,N,train
..\..\data\raw\asl_alphabet\train\A\A2470.jpg,A,train
..\..\data\raw\asl_alphabet\train\P\P2922.jpg,P,train
..\..\data\raw\asl_alphabet\train\nothing\nothing579.jpg,nothing,train
..\..\data\raw\asl_alphabet\train\F\F604.jpg,F,train
..\..\data\raw\asl_alphabet\train\C\C411.jpg,C,train
..\..\data\raw\asl_alphabet\train\S\S652.jpg,S,train
..\..\data\raw\asl_alphabet\train\A\A2678.jpg,A,train
..\..\data\raw\asl_alphabet\train\O\O2735.jpg,O,train
..\..\data\raw\asl_alphabet\train\N\N753.jpg,N,train
..\..\data\raw\asl_alphabet\train\W\W1468.jpg,W,train
..\..\data\raw\asl_alphabet\train\E\E1505.jpg,E,train
..\..\data\raw\asl_alphabet\train\J\J2548.jpg,J,train
..\..\data\raw\asl_alphabet\train\Y\Y525.jpg,Y,train
..\..\data\raw\asl_alphabet\train\X\X964.jpg,X,train
..\..\data\raw\asl_alphabet\train\H\H2108.jpg,H,train
..\..\data\raw\asl_alphabet\train\del\del723.jpg,del,train
..\..\data\raw\asl_alphabet\train\D\D897.jpg,D,train
..\..\data\raw\asl_alphabet\train\D\D2804.jpg,D,train
..\..\data\raw\asl_alphabet\train\nothing\nothing2667.jpg,nothing,train
..\..\data\raw\asl_alphabet\train\Z\Z2646.jpg,Z,train
..\..\data\raw\asl_alphabet\train\H\H2054.jpg,H,train
..\..\data\raw\asl_alphabet\train\F\F2677.jpg,F,train
..\..\data\raw\asl_alphabet\train\J\J1672.jpg,J,train
..\..\data\raw\asl_alphabet\train\U\U1465.jpg,U,train
..\..\data\raw\asl_alphabet\train\Q\Q258.jpg,Q,train
..\..\data\raw\asl_alphabet\train\V\V1357.jpg,V,train
..\..\data\raw\asl_alphabet\train\C\C287.jpg,C,train
..\..\data\raw\asl_alphabet\train\V\V1201.jpg,V,train
..\..\data\raw\asl_alphabet\train\G\G2706.jpg,G,train
..\..\data\raw\asl_alphabet\train\K\K832.jpg,K,train
..\..\data\raw\asl_alphabet\train\M\M1771.jpg,M,train
..\..\data\raw\asl_alphabet\train\nothing\nothing2037.jpg,nothing,train
..\..\data\raw\asl_alphabet\train\R\R152.jpg,R,train
..\..\data\raw\asl_alphabet\train\O\O2656.jpg,O,train
..\..\data\raw\asl_alphabet\train\X\X541.jpg,X,train
..\..\data\raw\asl_alphabet\train\A\A1915.jpg,A,train
..\..\data\raw\asl_alphabet\train\J\J1405.jpg,J,train
..\..\data\raw\asl_alphabet\train\H\H356.jpg,H,train
..\..\data\raw\asl_alphabet\train\V\V1282.jpg,V,train
..\..\data\raw\asl_alphabet\train\I\I1359.jpg,I,train
..\..\data\raw\asl_alphabet\train\Q\Q1011.jpg,Q,train
..\..\data\raw\asl_alphabet\train\R\R421.jpg,R,train
..\..\data\raw\asl_alphabet\train\nothing\nothing100.jpg,nothing,train
..\..\data\raw\asl_alphabet\train\X\X2024.jpg,X,train
..\..\data\raw\asl_alphabet\train\S\S2099.jpg,S,train
..\..\data\raw\asl_alphabet\train\nothing\nothing909.jpg,nothing,train
..\..\data\raw\asl_alphabet\train\S\S2102.jpg,S,train
..\..\data\raw\asl_alphabet\train\A\A1804.jpg,A,train
..\..\data\raw\asl_alphabet\train\O\O2859.jpg,O,train
..\..\data\raw\asl_alphabet\train\C\C1104.jpg,C,train
..\..\data\raw\asl_alphabet\train\Q\Q410.jpg,Q,train
..\..\data\raw\asl_alphabet\train\nothing\nothing424.jpg,nothing,train
..\..\data\raw\asl_alphabet\train\J\J2188.jpg,J,train
..\..\data\raw\asl_alphabet\train\O\O1019.jpg,O,train
..\..\data\raw\asl_alphabet\train\T\T1531.jpg,T,train
..\..\data\raw\asl_alphabet\train\Y\Y1779.jpg,Y,train
..\..\data\raw\asl_alphabet\train\M\M1547.jpg,M,train
..\..\data\raw\asl_alphabet\train\K\K1935.jpg,K,train
..\..\data\raw\asl_alphabet\train\Q\Q2152.jpg,Q,train
..\..\data\raw\asl_alphabet\train\V\V1740.jpg,V,train
..\..\data\raw\asl_alphabet\train\W\W639.jpg,W,train
..\..\data\raw\asl_alphabet\train\M\M2517.jpg,M,train
..\..\data\raw\asl_alphabet\train\S\S1524.jpg,S,train
..\..\data\raw\asl_alphabet\train\Y\Y333.jpg,Y,train
..\..\data\raw\asl_alphabet\train\S\S2352.jpg,S,train
..\..\data\raw\asl_alphabet\train\N\N846.jpg,N,train
..\..\data\raw\asl_alphabet\train\U\U537.jpg,U,train
..\..\data\raw\asl_alphabet\train\P\P1661.jpg,P,train
..\..\data\raw\asl_alphabet\train\R\R1908.jpg,R,train
..\..\data\raw\asl_alphabet\train\U\U2700.jpg,U,train
..\..\data\raw\asl_alphabet\train\T\T1076.jpg,T,train
..\..\data\raw\asl_alphabet\train\P\P910.jpg,P,train
..\..\data\raw\asl_alphabet\train\E\E48.jpg,E,train
..\..\data\raw\asl_alphabet\train\F\F2566.jpg,F,train
..\..\data\raw\asl_alphabet\train\W\W1191.jpg,W,train
..\..\data\raw\asl_alphabet\train\A\A656.jpg,A,train
..\..\data\raw\asl_alphabet\train\space\space1928.jpg,space,train
..\..\data\raw\asl_alphabet\train\B\B1668.jpg,B,train
..\..\data\raw\asl_alphabet\train\C\C294.jpg,C,train
..\..\data\raw\asl_alphabet\train\S\S949.jpg,S,train
..\..\data\raw\asl_alphabet\train\U\U893.jpg,U,train
..\..\data\raw\asl_alphabet\train\V\V285.jpg,V,train
..\..\data\raw\asl_alphabet\train\space\space1902.jpg,space,train
..\..\data\raw\asl_alphabet\train\G\G330.jpg,G,train
..\..\data\raw\asl_alphabet\train\W\W1757.jpg,W,train
..\..\data\raw\asl_alphabet\train\N\N2749.jpg,N,train
..\..\data\raw\asl_alphabet\train\J\J1571.jpg,J,train
..\..\data\raw\asl_alphabet\train\S\S2407.jpg,S,train
..\..\data\raw\asl_alphabet\train\X\X2932.jpg,X,train
..\..\data\raw\asl_alphabet\train\R\R280.jpg,R,train
..\..\data\raw\asl_alphabet\train\B\B2112.jpg,B,train
..\..\data\raw\asl_alphabet\train\R\R1339.jpg,R,train
..\..\data\raw\asl_alphabet\train\N\N2565.jpg,N,train
..\..\data\raw\asl_alphabet\train\D\D1401.jpg,D,train
..\..\data\raw\asl_alphabet\train\B\B2131.jpg,B,train
..\..\data\raw\asl_alphabet\train\Y\Y2759.jpg,Y,train
..\..\data\raw\asl_alphabet\train\L\L1301.jpg,L,train
..\..\data\raw\asl_alphabet\train\X\X796.jpg,X,train
..\..\data\raw\asl_alphabet\train\del\del851.jpg,del,train
..\..\data\raw\asl_alphabet\train\Y\Y427.jpg,Y,train
..\..\data\raw\asl_alphabet\train\G\G2546.jpg,G,train
..\..\data\raw\asl_alphabet\train\W\W1955.jpg,W,train
..\..\data\raw\asl_alphabet\train\A\A1342.jpg,A,train
..\..\data\raw\asl_alphabet\train\W\W711.jpg,W,train
..\..\data\raw\asl_alphabet\train\H\H1211.jpg,H,train
..\..\data\raw\asl_alphabet\train\J\J1494.jpg,J,train
..\..\data\raw\asl_alphabet\train\F\F1913.jpg,F,train
..\..\data\raw\asl_alphabet\train\I\I249.jpg,I,train
..\..\data\raw\asl_alphabet\train\nothing\nothing538.jpg,nothing,train
..\..\data\raw\asl_alphabet\train\L\L679.jpg,L,train
..\..\data\raw\asl_alphabet\train\G\G2452.jpg,G,train
..\..\data\raw\asl_alphabet\train\D\D330.jpg,D,train
..\..\data\raw\asl_alphabet\train\space\space2416.jpg,space,train
..\..\data\raw\asl_alphabet\train\N\N1410.jpg,N,train
..\..\data\raw\asl_alphabet\train\nothing\nothing587.jpg,nothing,train
..\..\data\raw\asl_alphabet\train\E\E2586.jpg,E,train
..\..\data\raw\asl_alphabet\train\F\F2641.jpg,F,train
..\..\data\raw\asl_alphabet\train\V\V2754.jpg,V,train
..\..\data\raw\asl_alphabet\train\V\V599.jpg,V,train
..\..\data\raw\asl_alphabet\train\space\space2545.jpg,space,train
..\..\data\raw\asl_alphabet\train\R\R2760.jpg,R,train
..\..\data\raw\asl_alphabet\train\P\P2927.jpg,P,train
..\..\data\raw\asl_alphabet\train\Q\Q1728.jpg,Q,train
..\..\data\raw\asl_alphabet\train\K\K192.jpg,K,train
..\..\data\raw\asl_alphabet\train\B\B2238.jpg,B,train
..\..\data\raw\asl_alphabet\train\Q\Q2529.jpg,Q,train
..\..\data\raw\asl_alphabet\train\J\J32.jpg,J,train
..\..\data\raw\asl_alphabet\train\U\U1566.jpg,U,train
..\..\data\raw\asl_alphabet\train\K\K1144.jpg,K,train
..\..\data\raw\asl_alphabet\train\L\L1028.jpg,L,train
..\..\data\raw\asl_alphabet\train\G\G2177.jpg,G,train
..\..\data\raw\asl_alphabet\train\O\O2161.jpg,O,train
..\..\data\raw\asl_alphabet\train\I\I234.jpg,I,train
..\..\data\raw\asl_alphabet\train\space\space2210.jpg,space,train
..\..\data\raw\asl_alphabet\train\X\X2367.jpg,X,train
..\..\data\raw\asl_alphabet\train\L\L1197.jpg,L,train
..\..\data\raw\asl_alphabet\train\nothing\nothing172.jpg,nothing,train
..\..\data\raw\asl_alphabet\train\R\R2750.jpg,R,train
..\..\data\raw\asl_alphabet\train\W\W1484.jpg,W,train
..\..\data\raw\asl_alphabet\train\G\G2188.jpg,G,train
..\..\data\raw\asl_alphabet\train\B\B1700.jpg,B,train
..\..\data\raw\asl_alphabet\train\K\K2950.jpg,K,train
..\..\data\raw\asl_alphabet\train\space\space2202.jpg,space,train
..\..\data\raw\asl_alphabet\train\space\space1045.jpg,space,train
..\..\data\raw\asl_alphabet\train\T\T2154.jpg,T,train
..\..\data\raw\asl_alphabet\train\Z\Z474.jpg,Z,train
..\..\data\raw\asl_alphabet\train\V\V1509.jpg,V,train
..\..\data\raw\asl_alphabet\train\N\N1643.jpg,N,train
..\..\data\raw\asl_alphabet\train\T\T805.jpg,T,train
..\..\data\raw\asl_alphabet\train\U\U1456.jpg,U,train
..\..\data\raw\asl_alphabet\train\J\J2083.jpg,J,train
..\..\data\raw\asl_alphabet\train\nothing\nothing528.jpg,nothing,train
..\..\data\raw\asl_alphabet\train\K\K764.jpg,K,train
..\..\data\raw\asl_alphabet\train\K\K2655.jpg,K,train
..\..\data\raw\asl_alphabet\train\H\H398.jpg,H,train
..\..\data\raw\asl_alphabet\train\Z\Z2535.jpg,Z,train
..\..\data\raw\asl_alphabet\train\D\D1416.jpg,D,train
..\..\data\raw\asl_alphabet\train\M\M1013.jpg,M,train
..\..\data\raw\asl_alphabet\train\V\V168.jpg,V,train
..\..\data\raw\asl_alphabet\train\C\C1609.jpg,C,train
..\..\data\raw\asl_alphabet\train\K\K525.jpg,K,train
..\..\data\raw\asl_alphabet\train\N\N2155.jpg,N,train
..\..\data\raw\asl_alphabet\train\Q\Q222.jpg,Q,train
..\..\data\raw\asl_alphabet\train\Y\Y2703.jpg,Y,train
..\..\data\raw\asl_alphabet\train\S\S2949.jpg,S,train
..\..\data\raw\asl_alphabet\train\del\del2995.jpg,del,train
..\..\data\raw\asl_alphabet\train\L\L1521.jpg,L,train
..\..\data\raw\asl_alphabet\train\Z\Z2978.jpg,Z,train
..\..\data\raw\asl_alphabet\train\D\D2141.jpg,D,train
..\..\data\raw\asl_alphabet\train\F\F1688.jpg,F,train
..\..\data\raw\asl_alphabet\train\J\J1793.jpg,J,train
..\..\data\raw\asl_alphabet\train\Z\Z598.jpg,Z,train
..\..\data\raw\asl_alphabet\train\K\K2309.jpg,K,train
..\..\data\raw\asl_alphabet\train\N\N1213.jpg,N,train
..\..\data\raw\asl_alphabet\train\H\H1554.jpg,H,train
..\..\data\raw\asl_alphabet\train\del\del1407.jpg,del,train
..\..\data\raw\asl_alphabet\train\D\D2858.jpg,D,train
..\..\data\raw\asl_alphabet\train\Z\Z261.jpg,Z,train
..\..\data\raw\asl_alphabet\train\T\T802.jpg,T,train
..\..\data\raw\asl_alphabet\train\O\O1619.jpg,O,train
..\..\data\raw\asl_alphabet\train\W\W228.jpg,W,train
..\..\data\raw\asl_alphabet\train\F\F91.jpg,F,train
..\..\data\raw\asl_alphabet\train\Y\Y1347.jpg,Y,train
..\..\data\raw\asl_alphabet\train\N\N565.jpg,N,train
..\..\data\raw\asl_alphabet\train\X\X685.jpg,X,train
..\..\data\raw\asl_alphabet\train\K\K2449.jpg,K,train
..\..\data\raw\asl_alphabet\train\Y\Y2444.jpg,Y,train
..\..\data\raw\asl_alphabet\train\P\P1757.jpg,P,train
..\..\data\raw\asl_alphabet\train\del\del309.jpg,del,train
..\..\data\raw\asl_alphabet\train\Z\Z687.jpg,Z,train
..\..\data\raw\asl_alphabet\train\L\L1129.jpg,L,train
..\..\data\raw\asl_alphabet\train\P\P58.jpg,P,train
..\..\data\raw\asl_alphabet\train\P\P2963.jpg,P,train
..\..\data\raw\asl_alphabet\train\B\B2925.jpg,B,train
..\..\data\raw\asl_alphabet\train\P\P1782.jpg,P,train
..\..\data\raw\asl_alphabet\train\H\H2933.jpg,H,train
..\..\data\raw\asl_alphabet\train\Z\Z2621.jpg,Z,train
..\..\data\raw\asl_alphabet\train\I\I10.jpg,I,train
..\..\data\raw\asl_alphabet\train\O\O2619.jpg,O,train
..\..\data\raw\asl_alphabet\train\nothing\nothing1025.jpg,nothing,train
..\..\data\raw\asl_alphabet\train\C\C2025.jpg,C,train
..\..\data\raw\asl_alphabet\train\E\E1282.jpg,E,train
..\..\data\raw\asl_alphabet\train\K\K2752.jpg,K,train
..\..\data\raw\asl_alphabet\train\nothing\nothing1146.jpg,nothing,train
..\..\data\raw\asl_alphabet\train\D\D817.jpg,D,train
..\..\data\raw\asl_alphabet\train\space\space1925.jpg,space,train
..\..\data\raw\asl_alphabet\train\Y\Y2702.jpg,Y,train
..\..\data\raw\asl_alphabet\train\R\R272.jpg,R,train
..\..\data\raw\asl_alphabet\train\del\del1858.jpg,del,train
..\..\data\raw\asl_alphabet\train\D\D2351.jpg,D,train
..\..\data\raw\asl_alphabet\train\J\J2818.jpg,J,train
..\..\data\raw\asl_alphabet\train\X\X2928.jpg,X,train
..\..\data\raw\asl_alphabet\train\I\I2429.jpg,I,train
..\..\data\raw\asl_alphabet\train\Z\Z1942.jpg,Z,train
..\..\data\raw\asl_alphabet\train\J\J2930.jpg,J,train
..\..\data\raw\asl_alphabet\train\H\H2927.jpg,H,train
..\..\data\raw\asl_alphabet\train\O\O2575.jpg,O,train
..\..\data\raw\asl_alphabet\train\F\F1007.jpg,F,train
..\..\data\raw\asl_alphabet\train\del\del2183.jpg,del,train
..\..\data\raw\asl_alphabet\train\B\B1669.jpg,B,train
..\..\data\raw\asl_alphabet\train\F\F1486.jpg,F,train
..\..\data\raw\asl_alphabet\train\H\H1941.jpg,H,train
..\..\data\raw\asl_alphabet\train\O\O2533.jpg,O,train
..\..\data\raw\asl_alphabet\train\N\N1300.jpg,N,train
..\..\data\raw\asl_alphabet\train\Y\Y2608.jpg,Y,train
..\..\data\raw\asl_alphabet\train\N\N2020.jpg,N,train
..\..\data\raw\asl_alphabet\train\P\P1362.jpg,P,train
..\..\data\raw\asl_alphabet\train\H\H1885.jpg,H,train
..\..\data\raw\asl_alphabet\train\Q\Q109.jpg,Q,train
..\..\data\raw\asl_alphabet\train\nothing\nothing1004.jpg,nothing,train
..\..\data\raw\asl_alphabet\train\S\S1989.jpg,S,train
..\..\data\raw\asl_alphabet\train\M\M2490.jpg,M,train
..\..\data\raw\asl_alphabet\train\M\M1024.jpg,M,train
..\..\data\raw\asl_alphabet\train\E\E1017.jpg,E,train
..\..\data\raw\asl_alphabet\train\V\V1128.jpg,V,train
..\..\data\raw\asl_alphabet\train\F\F1499.jpg,F,train
..\..\data\raw\asl_alphabet\train\R\R1141.jpg,R,train
..\..\data\raw\asl_alphabet\train\R\R1404.jpg,R,train
..\..\data\raw\asl_alphabet\train\G\G1101.jpg,G,train
..\..\data\raw\asl_alphabet\train\del\del2430.jpg,del,train
..\..\data\raw\asl_alphabet\train\U\U2674.jpg,U,train
..\..\data\raw\asl_alphabet\train\Y\Y2848.jpg,Y,train
..\..\data\raw\asl_alphabet\train\G\G246.jpg,G,train
..\..\data\raw\asl_alphabet\train\S\S1929.jpg,S,train
..\..\data\raw\asl_alphabet\train\A\A1254.jpg,A,train
..\..\data\raw\asl_alphabet\train\J\J2928.jpg,J,train
..\..\data\raw\asl_alphabet\train\T\T601.jpg,T,train
..\..\data\raw\asl_alphabet\train\I\I439.jpg,I,train
..\..\data\raw\asl_alphabet\train\Z\Z5.jpg,Z,train
..\..\data\raw\asl_alphabet\train\Y\Y2467.jpg,Y,train
..\..\data\raw\asl_alphabet\train\O\O2870.jpg,O,train
..\..\data\raw\asl_alphabet\train\N\N1631.jpg,N,train
..\..\data\raw\asl_alphabet\train\X\X1339.jpg,X,train
..\..\data\raw\asl_alphabet\train\W\W976.jpg,W,train
..\..\data\raw\asl_alphabet\train\N\N573.jpg,N,train
..\..\data\raw\asl_alphabet\train\A\A1370.jpg,A,train
..\..\data\raw\asl_alphabet\train\O\O2598.jpg,O,train
..\..\data\raw\asl_alphabet\train\C\C2372.jpg,C,train
..\..\data\raw\asl_alphabet\train\T\T2357.jpg,T,train
..\..\data\raw\asl_alphabet\train\K\K72.jpg,K,train
..\..\data\raw\asl_alphabet\train\C\C368.jpg,C,train
..\..\data\raw\asl_alphabet\train\J\J358.jpg,J,train
..\..\data\raw\asl_alphabet\train\P\P2243.jpg,P,train
..\..\data\raw\asl_alphabet\train\X\X1031.jpg,X,train
..\..\data\raw\asl_alphabet\train\H\H1443.jpg,H,train
..\..\data\raw\asl_alphabet\train\D\D950.jpg,D,train
..\..\data\raw\asl_alphabet\train\C\C1538.jpg,C,train
..\..\data\raw\asl_alphabet\train\space\space1086.jpg,space,train
..\..\data\raw\asl_alphabet\train\nothing\nothing1047.jpg,nothing,train
..\..\data\raw\asl_alphabet\train\G\G339.jpg,G,train
..\..\data\raw\asl_alphabet\train\G\G602.jpg,G,train
..\..\data\raw\asl_alphabet\train\Q\Q2101.jpg,Q,train
..\..\data\raw\asl_alphabet\train\H\H2729.jpg,H,train
..\..\data\raw\asl_alphabet\train\N\N299.jpg,N,train
..\..\data\raw\asl_alphabet\train\nothing\nothing1728.jpg,nothing,train
..\..\data\raw\asl_alphabet\train\X\X2780.jpg,X,train
..\..\data\raw\asl_alphabet\train\F\F2143.jpg,F,train
..\..\data\raw\asl_alphabet\train\R\R2415.jpg,R,train
..\..\data\raw\asl_alphabet\train\U\U915.jpg,U,train
..\..\data\raw\asl_alphabet\train\B\B2242.jpg,B,train
..\..\data\raw\asl_alphabet\train\U\U138.jpg,U,train
..\..\data\raw\asl_alphabet\train\V\V2824.jpg,V,train
..\..\data\raw\asl_alphabet\train\S\S700.jpg,S,train
..\..\data\raw\asl_alphabet\train\J\J158.jpg,J,train
..\..\data\raw\asl_alphabet\train\nothing\nothing1864.jpg,nothing,train
..\..\data\raw\asl_alphabet\train\K\K367.jpg,K,train
..\..\data\raw\asl_alphabet\train\S\S2790.jpg,S,train
..\..\data\raw\asl_alphabet\train\Z\Z2985.jpg,Z,train
..\..\data\raw\asl_alphabet\train\V\V438.jpg,V,train
..\..\data\raw\asl_alphabet\train\space\space1494.jpg,space,train
..\..\data\raw\asl_alphabet\train\W\W2670.jpg,W,train
..\..\data\raw\asl_alphabet\train\space\space1916.jpg,space,train
..\..\data\raw\asl_alphabet\train\del\del2034.jpg,del,train
..\..\data\raw\asl_alphabet\train\T\T1985.jpg,T,train
..\..\data\raw\asl_alphabet\train\G\G2049.jpg,G,train
..\..\data\raw\asl_alphabet\train\N\N347.jpg,N,train
..\..\data\raw\asl_alphabet\train\B\B1260.jpg,B,train
..\..\data\raw\asl_alphabet\train\H\H1480.jpg,H,train
..\..\data\raw\asl_alphabet\train\G\G2288.jpg,G,train
..\..\data\raw\asl_alphabet\train\A\A1471.jpg,A,train
..\..\data\raw\asl_alphabet\train\N\N1878.jpg,N,train
..\..\data\raw\asl_alphabet\train\D\D621.jpg,D,train
..\..\data\raw\asl_alphabet\train\H\H2177.jpg,H,train
..\..\data\raw\asl_alphabet\train\O\O2402.jpg,O,train
..\..\data\raw\asl_alphabet\train\D\D564.jpg,D,train
..\..\data\raw\asl_alphabet\train\Q\Q1310.jpg,Q,train
..\..\data\raw\asl_alphabet\train\space\space1172.jpg,space,train
..\..\data\raw\asl_alphabet\train\O\O1740.jpg,O,train
..\..\data\raw\asl_alphabet\train\O\O2492.jpg,O,train
..\..\data\raw\asl_alphabet\train\Z\Z812.jpg,Z,train
..\..\data\raw\asl_alphabet\train\V\V2735.jpg,V,train
..\..\data\raw\asl_alphabet\train\F\F633.jpg,F,train
..\..\data\raw\asl_alphabet\train\W\W2022.jpg,W,train
..\..\data\raw\asl_alphabet\train\nothing\nothing2715.jpg,nothing,train
..\..\data\raw\asl_alphabet\train\D\D2609.jpg,D,train
..\..\data\raw\asl_alphabet\train\Z\Z1338.jpg,Z,train
..\..\data\raw\asl_alphabet\train\L\L264.jpg,L,train
..\..\data\raw\asl_alphabet\train\M\M650.jpg,M,train
..\..\data\raw\asl_alphabet\train\del\del2069.jpg,del,train
..\..\data\raw\asl_alphabet\train\B\B1074.jpg,B,train
..\..\data\raw\asl_alphabet\train\B\B65.jpg,B,train
..\..\data\raw\asl_alphabet\train\nothing\nothing606.jpg,nothing,train
..\..\data\raw\asl_alphabet\train\D\D2542.jpg,D,train
..\..\data\raw\asl_alphabet\train\R\R599.jpg,R,train
..\..\data\raw\asl_alphabet\train\X\X1659.jpg,X,train
..\..\data\raw\asl_alphabet\train\P\P611.jpg,P,train
..\..\data\raw\asl_alphabet\train\C\C2358.jpg,C,train
..\..\data\raw\asl_alphabet\train\P\P184.jpg,P,train
..\..\data\raw\asl_alphabet\train\G\G875.jpg,G,train
..\..\data\raw\asl_alphabet\train\G\G2699.jpg,G,train
..\..\data\raw\asl_alphabet\train\X\X1488.jpg,X,train
..\..\data\raw\asl_alphabet\train\C\C2453.jpg,C,train
..\..\data\raw\asl_alphabet\train\nothing\nothing1442.jpg,nothing,train
..\..\data\raw\asl_alphabet\train\A\A1339.jpg,A,train
..\..\data\raw\asl_alphabet\train\space\space2789.jpg,space,train
..\..\data\raw\asl_alphabet\train\N\N2843.jpg,N,train
..\..\data\raw\asl_alphabet\train\space\space1565.jpg,space,train
..\..\data\raw\asl_alphabet\train\Q\Q1107.jpg,Q,train
..\..\data\raw\asl_alphabet\train\R\R60.jpg,R,train
..\..\data\raw\asl_alphabet\train\L\L1431.jpg,L,train
..\..\data\raw\asl_alphabet\train\G\G2464.jpg,G,train
..\..\data\raw\asl_alphabet\train\U\U2295.jpg,U,train
..\..\data\raw\asl_alphabet\train\nothing\nothing2712.jpg,nothing,train
..\..\data\raw\asl_alphabet\train\U\U1585.jpg,U,train
..\..\data\raw\asl_alphabet\train\G\G1604.jpg,G,train
..\..\data\raw\asl_alphabet\train\O\O2068.jpg,O,train
..\..\data\raw\asl_alphabet\train\G\G1852.jpg,G,train
..\..\data\raw\asl_alphabet\train\G\G2134.jpg,G,train
..\..\data\raw\asl_alphabet\train\T\T231.jpg,T,train
..\..\data\raw\asl_alphabet\train\Q\Q1770.jpg,Q,train
..\..\data\raw\asl_alphabet\train\F\F1515.jpg,F,train
..\..\data\raw\asl_alphabet\train\E\E1054.jpg,E,train
..\..\data\raw\asl_alphabet\train\nothing\nothing1890.jpg,nothing,train
..\..\data\raw\asl_alphabet\train\L\L2624.jpg,L,train
..\..\data\raw\asl_alphabet\train\del\del1423.jpg,del,train
..\..\data\raw\asl_alphabet\train\L\L2064.jpg,L,train
..\..\data\raw\asl_alphabet\train\Q\Q2808.jpg,Q,train
..\..\data\raw\asl_alphabet\train\space\space2543.jpg,space,train
..\..\data\raw\asl_alphabet\train\U\U676.jpg,U,train
..\..\data\raw\asl_alphabet\train\Z\Z914.jpg,Z,train
..\..\data\raw\asl_alphabet\train\O\O238.jpg,O,train
..\..\data\raw\asl_alphabet\train\space\space2951.jpg,space,train
..\..\data\raw\asl_alphabet\train\Z\Z106.jpg,Z,train
..\..\data\raw\asl_alphabet\train\Y\Y1509.jpg,Y,train
..\..\data\raw\asl_alphabet\train\B\B2711.jpg,B,train
..\..\data\raw\asl_alphabet\train\N\N2207.jpg,N,train
..\..\data\raw\asl_alphabet\train\X\X280.jpg,X,train
..\..\data\raw\asl_alphabet\train\R\R1672.jpg,R,train
..\..\data\raw\asl_alphabet\train\N\N2963.jpg,N,train
..\..\data\raw\asl_alphabet\train\Y\Y2262.jpg,Y,train
..\..\data\raw\asl_alphabet\train\M\M1512.jpg,M,train
..\..\data\raw\asl_alphabet\train\B\B2101.jpg,B,train
..\..\data\raw\asl_alphabet\train\G\G212.jpg,G,train
..\..\data\raw\asl_alphabet\train\R\R661.jpg,R,train
..\..\data\raw\asl_alphabet\train\R\R1355.jpg,R,train
..\..\data\raw\asl_alphabet\train\R\R1047.jpg,R,train
..\..\data\raw\asl_alphabet\train\H\H979.jpg,H,train
..\..\data\raw\asl_alphabet\train\Q\Q2413.jpg,Q,train
..\..\data\raw\asl_alphabet\train\I\I2893.jpg,I,train
..\..\data\raw\asl_alphabet\train\O\O784.jpg,O,train
..\..\data\raw\asl_alphabet\train\T\T716.jpg,T,train
..\..\data\raw\asl_alphabet\train\N\N741.jpg,N,train
..\..\data\raw\asl_alphabet\train\M\M2922.jpg,M,train
..\..\data\raw\asl_alphabet\train\U\U2894.jpg,U,train
..\..\data\raw\asl_alphabet\train\W\W378.jpg,W,train
..\..\data\raw\asl_alphabet\train\I\I2193.jpg,I,train
..\..\data\raw\asl_alphabet\train\B\B1294.jpg,B,train
..\..\data\raw\asl_alphabet\train\space\space2771.jpg,space,train
..\..\data\raw\asl_alphabet\train\U\U2839.jpg,U,train
..\..\data\raw\asl_alphabet\train\D\D656.jpg,D,train
..\..\data\raw\asl_alphabet\train\D\D325.jpg,D,train
..\..\data\raw\asl_alphabet\train\J\J2743.jpg,J,train
..\..\data\raw\asl_alphabet\train\F\F914.jpg,F,train
..\..\data\raw\asl_alphabet\train\Q\Q582.jpg,Q,train
..\..\data\raw\asl_alphabet\train\V\V1468.jpg,V,train
..\..\data\raw\asl_alphabet\train\C\C2704.jpg,C,train
..\..\data\raw\asl_alphabet\train\N\N1201.jpg,N,train
..\..\data\raw\asl_alphabet\train\U\U142.jpg,U,train
..\..\data\raw\asl_alphabet\train\del\del872.jpg,del,train
..\..\data\raw\asl_alphabet\train\F\F2063.jpg,F,train
..\..\data\raw\asl_alphabet\train\W\W726.jpg,W,train
..\..\data\raw\asl_alphabet\train\K\K2414.jpg,K,train
..\..\data\raw\asl_alphabet\train\del\del170.jpg,del,train
..\..\data\raw\asl_alphabet\train\S\S1572.jpg,S,train
..\..\data\raw\asl_alphabet\train\P\P925.jpg,P,train
..\..\data\raw\asl_alphabet\train\J\J1627.jpg,J,train
..\..\data\raw\asl_alphabet\train\Y\Y287.jpg,Y,train
..\..\data\raw\asl_alphabet\train\E\E2273.jpg,E,train
..\..\data\raw\asl_alphabet\train\Z\Z124.jpg,Z,train
..\..\data\raw\asl_alphabet\train\I\I417.jpg,I,train
..\..\data\raw\asl_alphabet\train\N\N1885.jpg,N,train
..\..\data\raw\asl_alphabet\train\K\K2658.jpg,K,train
..\..\data\raw\asl_alphabet\train\nothing\nothing243.jpg,nothing,train
..\..\data\raw\asl_alphabet\train\K\K1980.jpg,K,train
..\..\data\raw\asl_alphabet\train\X\X2533.jpg,X,train
..\..\data\raw\asl_alphabet\train\Q\Q1471.jpg,Q,train
..\..\data\raw\asl_alphabet\train\Q\Q2416.jpg,Q,train
..\..\data\raw\asl_alphabet\train\R\R151.jpg,R,train
..\..\data\raw\asl_alphabet\train\U\U1782.jpg,U,train
..\..\data\raw\asl_alphabet\train\V\V690.jpg,V,train
..\..\data\raw\asl_alphabet\train\B\B2090.jpg,B,train
..\..\data\raw\asl_alphabet\train\Z\Z1441.jpg,Z,train
..\..\data\raw\asl_alphabet\train\Y\Y2399.jpg,Y,train
..\..\data\raw\asl_alphabet\train\E\E2657.jpg,E,train
..\..\data\raw\asl_alphabet\train\S\S484.jpg,S,train
..\..\data\raw\asl_alphabet\train\U\U1729.jpg,U,train
..\..\data\raw\asl_alphabet\train\N\N2525.jpg,N,train
..\..\data\raw\asl_alphabet\train\X\X461.jpg,X,train
..\..\data\raw\asl_alphabet\train\B\B2005.jpg,B,train
..\..\data\raw\asl_alphabet\train\C\C69.jpg,C,train
..\..\data\raw\asl_alphabet\train\E\E1468.jpg,E,train
..\..\data\raw\asl_alphabet\train\D\D2521.jpg,D,train
..\..\data\raw\asl_alphabet\train\A\A1420.jpg,A,train
..\..\data\raw\asl_alphabet\train\W\W9.jpg,W,train
..\..\data\raw\asl_alphabet\train\J\J2038.jpg,J,train
..\..\data\raw\asl_alphabet\train\C\C1418.jpg,C,train
..\..\data\raw\asl_alphabet\train\K\K1311.jpg,K,train
..\..\data\raw\asl_alphabet\train\del\del1553.jpg,del,train
..\..\data\raw\asl_alphabet\train\space\space912.jpg,space,train
..\..\data\raw\asl_alphabet\train\N\N2065.jpg,N,train
..\..\data\raw\asl_alphabet\train\O\O1320.jpg,O,train
..\..\data\raw\asl_alphabet\train\B\B2763.jpg,B,train
..\..\data\raw\asl_alphabet\train\nothing\nothing1298.jpg,nothing,train
..\..\data\raw\asl_alphabet\train\L\L2588.jpg,L,train
..\..\data\raw\asl_alphabet\train\L\L39.jpg,L,train
..\..\data\raw\asl_alphabet\train\B\B2094.jpg,B,train
..\..\data\raw\asl_alphabet\train\K\K2910.jpg,K,train
..\..\data\raw\asl_alphabet\train\del\del144.jpg,del,train
..\..\data\raw\asl_alphabet\train\K\K2407.jpg,K,train
..\..\data\raw\asl_alphabet\train\Y\Y2778.jpg,Y,train
..\..\data\raw\asl_alphabet\train\del\del1835.jpg,del,train
..\..\data\raw\asl_alphabet\train\G\G1185.jpg,G,train
..\..\data\raw\asl_alphabet\train\W\W185.jpg,W,train
..\..\data\raw\asl_alphabet\train\R\R1293.jpg,R,train
..\..\data\raw\asl_alphabet\train\S\S1694.jpg,S,train
..\..\data\raw\asl_alphabet\train\R\R815.jpg,R,train
..\..\data\raw\asl_alphabet\train\nothing\nothing1520.jpg,nothing,train
..\..\data\raw\asl_alphabet\train\C\C2814.jpg,C,train
..\..\data\raw\asl_alphabet\train\G\G2371.jpg,G,train
..\..\data\raw\asl_alphabet\train\K\K79.jpg,K,train
..\..\data\raw\asl_alphabet\train\E\E1329.jpg,E,train
..\..\data\raw\asl_alphabet\train\T\T2285.jpg,T,train
..\..\data\raw\asl_alphabet\train\Y\Y515.jpg,Y,train
..\..\data\raw\asl_alphabet\train\Q\Q2565.jpg,Q,train
..\..\data\raw\asl_alphabet\train\F\F292.jpg,F,train
..\..\data\raw\asl_alphabet\train\H\H2682.jpg,H,train
..\..\data\raw\asl_alphabet\train\E\E1990.jpg,E,train
..\..\data\raw\asl_alphabet\train\N\N2658.jpg,N,train
..\..\data\raw\asl_alphabet\train\I\I2052.jpg,I,train
..\..\data\raw\asl_alphabet\train\V\V419.jpg,V,train
..\..\data\raw\asl_alphabet\train\O\O1987.jpg,O,train
..\..\data\raw\asl_alphabet\train\I\I792.jpg,I,train
..\..\data\raw\asl_alphabet\train\Q\Q928.jpg,Q,train
..\..\data\raw\asl_alphabet\train\O\O37.jpg,O,train
..\..\data\raw\asl_alphabet\train\R\R1897.jpg,R,train
..\..\data\raw\asl_alphabet\train\W\W2152.jpg,W,train
..\..\data\raw\asl_alphabet\train\S\S1732.jpg,S,train
..\..\data\raw\asl_alphabet\train\G\G2370.jpg,G,train
..\..\data\raw\asl_alphabet\train\T\T1742.jpg,T,train
..\..\data\raw\asl_alphabet\train\N\N2519.jpg,N,train
..\..\data\raw\asl_alphabet\train\K\K1382.jpg,K,train
..\..\data\raw\asl_alphabet\train\P\P1298.jpg,P,train
..\..\data\raw\asl_alphabet\train\C\C507.jpg,C,train
..\..\data\raw\asl_alphabet\train\T\T1569.jpg,T,train
..\..\data\raw\asl_alphabet\train\U\U2379.jpg,U,train
..\..\data\raw\asl_alphabet\train\Z\Z916.jpg,Z,train
..\..\data\raw\asl_alphabet\train\F\F2705.jpg,F,train
..\..\data\raw\asl_alphabet\train\S\S93.jpg,S,train
..\..\data\raw\asl_alphabet\train\H\H1358.jpg,H,train
..\..\data\raw\asl_alphabet\train\H\H1069.jpg,H,train
..\..\data\raw\asl_alphabet\train\space\space2417.jpg,space,train
..\..\data\raw\asl_alphabet\train\del\del1348.jpg,del,train
..\..\data\raw\asl_alphabet\train\C\C2320.jpg,C,train
..\..\data\raw\asl_alphabet\train\T\T1524.jpg,T,train
..\..\data\raw\asl_alphabet\train\J\J2592.jpg,J,train
..\..\data\raw\asl_alphabet\train\E\E2323.jpg,E,train
..\..\data\raw\asl_alphabet\train\del\del2174.jpg,del,train
..\..\data\raw\asl_alphabet\train\G\G2447.jpg,G,train
..\..\data\raw\asl_alphabet\train\D\D262.jpg,D,train
..\..\data\raw\asl_alphabet\train\G\G1138.jpg,G,train
..\..\data\raw\asl_alphabet\train\T\T1557.jpg,T,train
..\..\data\raw\asl_alphabet\train\Z\Z2123.jpg,Z,train
..\..\data\raw\asl_alphabet\train\U\U2241.jpg,U,train
..\..\data\raw\asl_alphabet\train\I\I2603.jpg,I,train
..\..\data\raw\asl_alphabet\train\C\C349.jpg,C,train
..\..\data\raw\asl_alphabet\train\O\O1316.jpg,O,train
..\..\data\raw\asl_alphabet\train\J\J1335.jpg,J,train
..\..\data\raw\asl_alphabet\train\D\D2809.jpg,D,train
..\..\data\raw\asl_alphabet\train\C\C1417.jpg,C,train
..\..\data\raw\asl_alphabet\train\N\N726.jpg,N,train
..\..\data\raw\asl_alphabet\train\M\M1879.jpg,M,train
..\..\data\raw\asl_alphabet\train\M\M2017.jpg,M,train
..\..\data\raw\asl_alphabet\train\R\R520.jpg,R,train
..\..\data\raw\asl_alphabet\train\R\R276.jpg,R,train
..\..\data\raw\asl_alphabet\train\E\E1759.jpg,E,train
..\..\data\raw\asl_alphabet\train\E\E2734.jpg,E,train
..\..\data\raw\asl_alphabet\train\J\J2453.jpg,J,train
..\..\data\raw\asl_alphabet\train\B\B2221.jpg,B,train
..\..\data\raw\asl_alphabet\train\W\W719.jpg,W,train
..\..\data\raw\asl_alphabet\train\Q\Q190.jpg,Q,train
..\..\data\raw\asl_alphabet\train\E\E578.jpg,E,train
..\..\data\raw\asl_alphabet\train\G\G1755.jpg,G,train
..\..\data\raw\asl_alphabet\train\J\J75.jpg,J,train
..\..\data\raw\asl_alphabet\train\del\del2471.jpg,del,train
..\..\data\raw\asl_alphabet\train\V\V693.jpg,V,train
..\..\data\raw\asl_alphabet\train\V\V2915.jpg,V,train
..\..\data\raw\asl_alphabet\train\A\A2557.jpg,A,train
..\..\data\raw\asl_alphabet\train\U\U850.jpg,U,train
..\..\data\raw\asl_alphabet\train\W\W2007.jpg,W,train
..\..\data\raw\asl_alphabet\train\N\N903.jpg,N,train
..\..\data\raw\asl_alphabet\train\E\E2408.jpg,E,train
..\..\data\raw\asl_alphabet\train\E\E1196.jpg,E,train
..\..\data\raw\asl_alphabet\train\R\R1751.jpg,R,train
..\..\data\raw\asl_alphabet\train\nothing\nothing2004.jpg,nothing,train
..\..\data\raw\asl_alphabet\train\E\E63.jpg,E,train
..\..\data\raw\asl_alphabet\train\D\D2157.jpg,D,train
..\..\data\raw\asl_alphabet\train\Q\Q1720.jpg,Q,train
..\..\data\raw\asl_alphabet\train\V\V1354.jpg,V,train
..\..\data\raw\asl_alphabet\train\Y\Y2233.jpg,Y,train
..\..\data\raw\asl_alphabet\train\J\J146.jpg,J,train
..\..\data\raw\asl_alphabet\train\G\G2105.jpg,G,train
..\..\data\raw\asl_alphabet\train\W\W2169.jpg,W,train
..\..\data\raw\asl_alphabet\train\T\T1807.jpg,T,train
..\..\data\raw\asl_alphabet\train\space\space1087.jpg,space,train
..\..\data\raw\asl_alphabet\train\del\del1890.jpg,del,train
..\..\data\raw\asl_alphabet\train\nothing\nothing2755.jpg,nothing,train
..\..\data\raw\asl_alphabet\train\M\M1002.jpg,M,train
..\..\data\raw\asl_alphabet\train\X\X2071.jpg,X,train
..\..\data\raw\asl_alphabet\train\Z\Z2888.jpg,Z,train
..\..\data\raw\asl_alphabet\train\T\T85.jpg,T,train
..\..\data\raw\asl_alphabet\train\A\A2396.jpg,A,train
..\..\data\raw\asl_alphabet\train\C\C2258.jpg,C,train
..\..\data\raw\asl_alphabet\train\C\C138.jpg,C,train
..\..\data\raw\asl_alphabet\train\space\space763.jpg,space,train
..\..\data\raw\asl_alphabet\train\G\G404.jpg,G,train
..\..\data\raw\asl_alphabet\train\I\I2434.jpg,I,train
..\..\data\raw\asl_alphabet\train\F\F129.jpg,F,train
..\..\data\raw\asl_alphabet\train\I\I1199.jpg,I,train
..\..\data\raw\asl_alphabet\train\del\del676.jpg,del,train
..\..\data\raw\asl_alphabet\train\X\X2498.jpg,X,train
..\..\data\raw\asl_alphabet\train\P\P809.jpg,P,train
..\..\data\raw\asl_alphabet\train\O\O963.jpg,O,train
..\..\data\raw\asl_alphabet\train\J\J865.jpg,J,train
..\..\data\raw\asl_alphabet\train\space\space1653.jpg,space,train
..\..\data\raw\asl_alphabet\train\A\A2024.jpg,A,train
..\..\data\raw\asl_alphabet\train\O\O2165.jpg,O,train
..\..\data\raw\asl_alphabet\train\M\M248.jpg,M,train
..\..\data\raw\asl_alphabet\train\W\W2267.jpg,W,train
..\..\data\raw\asl_alphabet\train\E\E2992.jpg,E,train
..\..\data\raw\asl_alphabet\train\J\J1022.jpg,J,train
..\..\data\raw\asl_alphabet\train\B\B3000.jpg,B,train
..\..\data\raw\asl_alphabet\train\S\S2512.jpg,S,train
..\..\data\raw\asl_alphabet\train\G\G2220.jpg,G,train
..\..\data\raw\asl_alphabet\train\G\G2603.jpg,G,train
..\..\data\raw\asl_alphabet\train\space\space2451.jpg,space,train
..\..\data\raw\asl_alphabet\train\E\E151.jpg,E,train
..\..\data\raw\asl_alphabet\train\P\P2772.jpg,P,train
..\..\data\raw\asl_alphabet\train\space\space2561.jpg,space,train
..\..\data\raw\asl_alphabet\train\D\D2659.jpg,D,train
..\..\data\raw\asl_alphabet\train\M\M2480.jpg,M,train
..\..\data\raw\asl_alphabet\train\D\D167.jpg,D,train
..\..\data\raw\asl_alphabet\train\H\H401.jpg,H,train
..\..\data\raw\asl_alphabet\train\O\O1410.jpg,O,train
..\..\data\raw\asl_alphabet\train\K\K2918.jpg,K,train
..\..\data\raw\asl_alphabet\train\S\S891.jpg,S,train
..\..\data\raw\asl_alphabet\train\H\H1582.jpg,H,train
..\..\data\raw\asl_alphabet\train\W\W962.jpg,W,train
..\..\data\raw\asl_alphabet\train\G\G1310.jpg,G,train
..\..\data\raw\asl_alphabet\train\B\B2543.jpg,B,train
..\..\data\raw\asl_alphabet\train\F\F499.jpg,F,train
..\..\data\raw\asl_alphabet\train\L\L2249.jpg,L,train
..\..\data\raw\asl_alphabet\train\I\I443.jpg,I,train
..\..\data\raw\asl_alphabet\train\W\W2787.jpg,W,train
..\..\data\raw\asl_alphabet\train\E\E2072.jpg,E,train
..\..\data\raw\asl_alphabet\train\C\C2541.jpg,C,train
..\..\data\raw\asl_alphabet\train\S\S1415.jpg,S,train
..\..\data\raw\asl_alphabet\train\T\T1158.jpg,T,train
..\..\data\raw\asl_alphabet\train\V\V896.jpg,V,train
..\..\data\raw\asl_alphabet\train\L\L2522.jpg,L,train
..\..\data\raw\asl_alphabet\train\L\L1390.jpg,L,train
..\..\data\raw\asl_alphabet\train\V\V2583.jpg,V,train
..\..\data\raw\asl_alphabet\train\O\O1642.jpg,O,train
..\..\data\raw\asl_alphabet\train\O\O2045.jpg,O,train
..\..\data\raw\asl_alphabet\train\space\space2185.jpg,space,train
..\..\data\raw\asl_alphabet\train\J\J2989.jpg,J,train
..\..\data\raw\asl_alphabet\train\N\N1877.jpg,N,train
..\..\data\raw\asl_alphabet\train\F\F2525.jpg,F,train
..\..\data\raw\asl_alphabet\train\I\I353.jpg,I,train
..\..\data\raw\asl_alphabet\train\I\I867.jpg,I,train
..\..\data\raw\asl_alphabet\train\nothing\nothing274.jpg,nothing,train
..\..\data\raw\asl_alphabet\train\M\M2990.jpg,M,train
..\..\data\raw\asl_alphabet\train\N\N2173.jpg,N,train
..\..\data\raw\asl_alphabet\train\B\B1179.jpg,B,train
..\..\data\raw\asl_alphabet\train\T\T2039.jpg,T,train
..\..\data\raw\asl_alphabet\train\N\N2188.jpg,N,train
..\..\data\raw\asl_alphabet\train\space\space1498.jpg,space,train
..\..\data\raw\asl_alphabet\train\Y\Y2568.jpg,Y,train
..\..\data\raw\asl_alphabet\train\space\space1244.jpg,space,train
..\..\data\raw\asl_alphabet\train\N\N1404.jpg,N,train
..\..\data\raw\asl_alphabet\train\H\H1214.jpg,H,train
..\..\data\raw\asl_alphabet\train\A\A263.jpg,A,train
..\..\data\raw\asl_alphabet\train\Z\Z2782.jpg,Z,train
..\..\data\raw\asl_alphabet\train\F\F1968.jpg,F,train
..\..\data\raw\asl_alphabet\train\W\W1967.jpg,W,train
..\..\data\raw\asl_alphabet\train\M\M2299.jpg,M,train
..\..\data\raw\asl_alphabet\train\Z\Z1927.jpg,Z,train
..\..\data\raw\asl_alphabet\train\Y\Y2818.jpg,Y,train
..\..\data\raw\asl_alphabet\train\X\X1484.jpg,X,train
..\..\data\raw\asl_alphabet\train\E\E433.jpg,E,train
..\..\data\raw\asl_alphabet\train\P\P1404.jpg,P,train
..\..\data\raw\asl_alphabet\train\X\X626.jpg,X,train
..\..\data\raw\asl_alphabet\train\D\D1732.jpg,D,train
..\..\data\raw\asl_alphabet\train\D\D1932.jpg,D,train
..\..\data\raw\asl_alphabet\train\M\M1218.jpg,M,train
..\..\data\raw\asl_alphabet\train\U\U1064.jpg,U,train
..\..\data\raw\asl_alphabet\train\Y\Y2411.jpg,Y,train
..\..\data\raw\asl_alphabet\train\M\M12.jpg,M,train
..\..\data\raw\asl_alphabet\train\N\N128.jpg,N,train
..\..\data\raw\asl_alphabet\train\B\B725.jpg,B,train
..\..\data\raw\asl_alphabet\train\X\X1027.jpg,X,train
..\..\data\raw\asl_alphabet\train\T\T1592.jpg,T,train
..\..\data\raw\asl_alphabet\train\E\E953.jpg,E,train
..\..\data\raw\asl_alphabet\train\T\T40.jpg,T,train
..\..\data\raw\asl_alphabet\train\O\O588.jpg,O,train
..\..\data\raw\asl_alphabet\train\D\D1734.jpg,D,train
..\..\data\raw\asl_alphabet\train\E\E2458.jpg,E,train
..\..\data\raw\asl_alphabet\train\D\D1328.jpg,D,train
..\..\data\raw\asl_alphabet\train\H\H804.jpg,H,train
..\..\data\raw\asl_alphabet\train\W\W919.jpg,W,train
..\..\data\raw\asl_alphabet\train\T\T1189.jpg,T,train
..\..\data\raw\asl_alphabet\train\T\T2716.jpg,T,train
..\..\data\raw\asl_alphabet\train\P\P1813.jpg,P,train
..\..\data\raw\asl_alphabet\train\L\L732.jpg,L,train
..\..\data\raw\asl_alphabet\train\E\E2862.jpg,E,train
..\..\data\raw\asl_alphabet\train\R\R1443.jpg,R,train
..\..\data\raw\asl_alphabet\train\W\W301.jpg,W,train
..\..\data\raw\asl_alphabet\train\E\E1206.jpg,E,train
..\..\data\raw\asl_alphabet\train\J\J195.jpg,J,train
..\..\data\raw\asl_alphabet\train\nothing\nothing1588.jpg,nothing,train
..\..\data\raw\asl_alphabet\train\O\O1958.jpg,O,train
..\..\data\raw\asl_alphabet\train\M\M294.jpg,M,train
..\..\data\raw\asl_alphabet\train\B\B589.jpg,B,train
..\..\data\raw\asl_alphabet\train\J\J962.jpg,J,train
..\..\data\raw\asl_alphabet\train\U\U1275.jpg,U,train
..\..\data\raw\asl_alphabet\train\O\O2725.jpg,O,train
..\..\data\raw\asl_alphabet\train\del\del1020.jpg,del,train
..\..\data\raw\asl_alphabet\train\I\I1142.jpg,I,train
..\..\data\raw\asl_alphabet\train\R\R2201.jpg,R,train
..\..\data\raw\asl_alphabet\train\O\O891.jpg,O,train
..\..\data\raw\asl_alphabet\train\K\K2643.jpg,K,train
..\..\data\raw\asl_alphabet\train\V\V1921.jpg,V,train
..\..\data\raw\asl_alphabet\train\F\F2165.jpg,F,train
..\..\data\raw\asl_alphabet\train\R\R975.jpg,R,train
..\..\data\raw\asl_alphabet\train\E\E1854.jpg,E,train
..\..\data\raw\asl_alphabet\train\W\W2707.jpg,W,train
..\..\data\raw\asl_alphabet\train\nothing\nothing1872.jpg,nothing,train
..\..\data\raw\asl_alphabet\train\F\F2822.jpg,F,train
..\..\data\raw\asl_alphabet\train\I\I161.jpg,I,train
..\..\data\raw\asl_alphabet\train\E\E743.jpg,E,train
..\..\data\raw\asl_alphabet\train\R\R2823.jpg,R,train
..\..\data\raw\asl_alphabet\train\Z\Z1175.jpg,Z,train
..\..\data\raw\asl_alphabet\train\L\L2022.jpg,L,train
..\..\data\raw\asl_alphabet\train\X\X2157.jpg,X,train
..\..\data\raw\asl_alphabet\train\X\X2927.jpg,X,train
..\..\data\raw\asl_alphabet\train\L\L1713.jpg,L,train
..\..\data\raw\asl_alphabet\train\Q\Q1234.jpg,Q,train
..\..\data\raw\asl_alphabet\train\Z\Z286.jpg,Z,train
..\..\data\raw\asl_alphabet\train\M\M1845.jpg,M,train
..\..\data\raw\asl_alphabet\train\H\H2803.jpg,H,train
..\..\data\raw\asl_alphabet\train\Y\Y982.jpg,Y,train
..\..\data\raw\asl_alphabet\train\G\G1734.jpg,G,train
..\..\data\raw\asl_alphabet\train\Y\Y2980.jpg,Y,train
..\..\data\raw\asl_alphabet\train\W\W2086.jpg,W,train
..\..\data\raw\asl_alphabet\train\nothing\nothing2929.jpg,nothing,train
..\..\data\raw\asl_alphabet\train\L\L2714.jpg,L,train
..\..\data\raw\asl_alphabet\train\O\O2727.jpg,O,train
..\..\data\raw\asl_alphabet\train\W\W873.jpg,W,train
..\..\data\raw\asl_alphabet\train\T\T393.jpg,T,train
..\..\data\raw\asl_alphabet\train\E\E341.jpg,E,train
..\..\data\raw\asl_alphabet\train\D\D2748.jpg,D,train
..\..\data\raw\asl_alphabet\train\G\G692.jpg,G,train
..\..\data\raw\asl_alphabet\train\Z\Z952.jpg,Z,train
..\..\data\raw\asl_alphabet\train\Y\Y1408.jpg,Y,train
..\..\data\raw\asl_alphabet\train\U\U2099.jpg,U,train
..\..\data\raw\asl_alphabet\train\P\P880.jpg,P,train
..\..\data\raw\asl_alphabet\train\H\H587.jpg,H,train
..\..\data\raw\asl_alphabet\train\W\W1477.jpg,W,train
..\..\data\raw\asl_alphabet\train\Z\Z471.jpg,Z,train
..\..\data\raw\asl_alphabet\train\X\X2930.jpg,X,train
..\..\data\raw\asl_alphabet\train\G\G2524.jpg,G,train
..\..\data\raw\asl_alphabet\train\O\O2477.jpg,O,train
..\..\data\raw\asl_alphabet\train\J\J786.jpg,J,train
..\..\data\raw\asl_alphabet\train\T\T1942.jpg,T,train
..\..\data\raw\asl_alphabet\train\L\L2670.jpg,L,train
..\..\data\raw\asl_alphabet\train\F\F716.jpg,F,train
..\..\data\raw\asl_alphabet\train\del\del2164.jpg,del,train
..\..\data\raw\asl_alphabet\train\V\V1077.jpg,V,train
..\..\data\raw\asl_alphabet\train\H\H266.jpg,H,train
..\..\data\raw\asl_alphabet\train\E\E2998.jpg,E,train
..\..\data\raw\asl_alphabet\train\Z\Z798.jpg,Z,train
..\..\data\raw\asl_alphabet\train\C\C1191.jpg,C,train
..\..\data\raw\asl_alphabet\train\P\P2245.jpg,P,train
..\..\data\raw\asl_alphabet\train\H\H1015.jpg,H,train
..\..\data\raw\asl_alphabet\train\I\I47.jpg,I,train
..\..\data\raw\asl_alphabet\train\M\M97.jpg,M,train
..\..\data\raw\asl_alphabet\train\del\del2590.jpg,del,train
..\..\data\raw\asl_alphabet\train\W\W2326.jpg,W,train
..\..\data\raw\asl_alphabet\train\B\B2434.jpg,B,train
..\..\data\raw\asl_alphabet\train\Y\Y1333.jpg,Y,train
..\..\data\raw\asl_alphabet\train\S\S1628.jpg,S,train
..\..\data\raw\asl_alphabet\train\X\X1853.jpg,X,train
..\..\data\raw\asl_alphabet\train\D\D1701.jpg,D,train
..\..\data\raw\asl_alphabet\train\W\W2616.jpg,W,train
..\..\data\raw\asl_alphabet\train\K\K810.jpg,K,train
..\..\data\raw\asl_alphabet\train\H\H422.jpg,H,train
..\..\data\raw\asl_alphabet\train\O\O2569.jpg,O,train
..\..\data\raw\asl_alphabet\train\V\V1081.jpg,V,train
..\..\data\raw\asl_alphabet\train\N\N2073.jpg,N,train
..\..\data\raw\asl_alphabet\train\del\del2708.jpg,del,train
..\..\data\raw\asl_alphabet\train\D\D1159.jpg,D,train
..\..\data\raw\asl_alphabet\train\U\U419.jpg,U,train
..\..\data\raw\asl_alphabet\train\E\E1700.jpg,E,train
..\..\data\raw\asl_alphabet\train\E\E893.jpg,E,train
..\..\data\raw\asl_alphabet\train\V\V2976.jpg,V,train
..\..\data\raw\asl_alphabet\train\M\M371.jpg,M,train
..\..\data\raw\asl_alphabet\train\L\L674.jpg,L,train
..\..\data\raw\asl_alphabet\train\space\space1558.jpg,space,train
..\..\data\raw\asl_alphabet\train\F\F1426.jpg,F,train
..\..\data\raw\asl_alphabet\train\Q\Q289.jpg,Q,train
..\..\data\raw\asl_alphabet\train\P\P563.jpg,P,train
..\..\data\raw\asl_alphabet\train\D\D163.jpg,D,train
..\..\data\raw\asl_alphabet\train\R\R413.jpg,R,train
..\..\data\raw\asl_alphabet\train\M\M1534.jpg,M,train
..\..\data\raw\asl_alphabet\train\nothing\nothing2462.jpg,nothing,train
..\..\data\raw\asl_alphabet\train\Z\Z246.jpg,Z,train
..\..\data\raw\asl_alphabet\train\V\V1506.jpg,V,train
..\..\data\raw\asl_alphabet\train\P\P2672.jpg,P,train
..\..\data\raw\asl_alphabet\train\H\H1820.jpg,H,train
..\..\data\raw\asl_alphabet\train\S\S679.jpg,S,train
..\..\data\raw\asl_alphabet\train\E\E427.jpg,E,train
..\..\data\raw\asl_alphabet\train\R\R2790.jpg,R,train
..\..\data\raw\asl_alphabet\train\R\R2132.jpg,R,train
..\..\data\raw\asl_alphabet\train\R\R1783.jpg,R,train
..\..\data\raw\asl_alphabet\train\B\B942.jpg,B,train
..\..\data\raw\asl_alphabet\train\A\A2262.jpg,A,train
..\..\data\raw\asl_alphabet\train\N\N1471.jpg,N,train
..\..\data\raw\asl_alphabet\train\space\space4.jpg,space,train
..\..\data\raw\asl_alphabet\train\Z\Z1582.jpg,Z,train
..\..\data\raw\asl_alphabet\train\space\space2192.jpg,space,train
..\..\data\raw\asl_alphabet\train\del\del2571.jpg,del,train
..\..\data\raw\asl_alphabet\train\X\X1990.jpg,X,train
..\..\data\raw\asl_alphabet\train\S\S2048.jpg,S,train
..\..\data\raw\asl_alphabet\train\A\A422.jpg,A,train
..\..\data\raw\asl_alphabet\train\M\M2321.jpg,M,train
..\..\data\raw\asl_alphabet\train\W\W1503.jpg,W,train
..\..\data\raw\asl_alphabet\train\P\P2424.jpg,P,train
..\..\data\raw\asl_alphabet\train\H\H1260.jpg,H,train
..\..\data\raw\asl_alphabet\train\O\O878.jpg,O,train
..\..\data\raw\asl_alphabet\train\T\T1310.jpg,T,train
..\..\data\raw\asl_alphabet\train\M\M1925.jpg,M,train
..\..\data\raw\asl_alphabet\train\nothing\nothing553.jpg,nothing,train
..\..\data\raw\asl_alphabet\train\P\P1488.jpg,P,train
..\..\data\raw\asl_alphabet\train\A\A2156.jpg,A,train
..\..\data\raw\asl_alphabet\train\N\N34.jpg,N,train
..\..\data\raw\asl_alphabet\train\O\O1352.jpg,O,train
..\..\data\raw\asl_alphabet\train\del\del2165.jpg,del,train
..\..\data\raw\asl_alphabet\train\H\H1551.jpg,H,train
..\..\data\raw\asl_alphabet\train\B\B1998.jpg,B,train
..\..\data\raw\asl_alphabet\train\del\del1236.jpg,del,train
..\..\data\raw\asl_alphabet\train\H\H1534.jpg,H,train
..\..\data\raw\asl_alphabet\train\B\B718.jpg,B,train
..\..\data\raw\asl_alphabet\train\space\space779.jpg,space,train
..\..\data\raw\asl_alphabet\train\O\O649.jpg,O,train
..\..\data\raw\asl_alphabet\train\N\N1502.jpg,N,train
..\..\data\raw\asl_alphabet\train\D\D822.jpg,D,train
..\..\data\raw\asl_alphabet\train\space\space126.jpg,space,train
..\..\data\raw\asl_alphabet\train\L\L2357.jpg,L,train
..\..\data\raw\asl_alphabet\train\space\space1362.jpg,space,train
..\..\data\raw\asl_alphabet\train\S\S2032.jpg,S,train
..\..\data\raw\asl_alphabet\train\I\I301.jpg,I,train
..\..\data\raw\asl_alphabet\train\D\D2508.jpg,D,train
..\..\data\raw\asl_alphabet\train\S\S538.jpg,S,train
..\..\data\raw\asl_alphabet\train\P\P2654.jpg,P,train
..\..\data\raw\asl_alphabet\train\M\M2277.jpg,M,train
..\..\data\raw\asl_alphabet\train\F\F2713.jpg,F,train
..\..\data\raw\asl_alphabet\train\R\R2453.jpg,R,train
..\..\data\raw\asl_alphabet\train\space\space1824.jpg,space,train
..\..\data\raw\asl_alphabet\train\D\D970.jpg,D,train
..\..\data\raw\asl_alphabet\train\del\del350.jpg,del,train
..\..\data\raw\asl_alphabet\train\G\G648.jpg,G,train
..\..\data\raw\asl_alphabet\train\P\P1372.jpg,P,train
..\..\data\raw\asl_alphabet\train\M\M586.jpg,M,train
..\..\data\raw\asl_alphabet\train\N\N1789.jpg,N,train
..\..\data\raw\asl_alphabet\train\N\N2059.jpg,N,train
..\..\data\raw\asl_alphabet\train\D\D542.jpg,D,train
..\..\data\raw\asl_alphabet\train\U\U532.jpg,U,train
..\..\data\raw\asl_alphabet\train\C\C1483.jpg,C,train
..\..\data\raw\asl_alphabet\train\K\K848.jpg,K,train
..\..\data\raw\asl_alphabet\train\H\H2023.jpg,H,train
..\..\data\raw\asl_alphabet\train\S\S2987.jpg,S,train
..\..\data\raw\asl_alphabet\train\I\I1514.jpg,I,train
..\..\data\raw\asl_alphabet\train\F\F237.jpg,F,train
..\..\data\raw\asl_alphabet\train\I\I1595.jpg,I,train
..\..\data\raw\asl_alphabet\train\nothing\nothing1215.jpg,nothing,train
..\..\data\raw\asl_alphabet\train\Z\Z1242.jpg,Z,train
..\..\data\raw\asl_alphabet\train\I\I1523.jpg,I,train
..\..\data\raw\asl_alphabet\train\Q\Q1715.jpg,Q,train
..\..\data\raw\asl_alphabet\train\P\P85.jpg,P,train
..\..\data\raw\asl_alphabet\train\O\O2336.jpg,O,train
..\..\data\raw\asl_alphabet\train\nothing\nothing1680.jpg,nothing,train
..\..\data\raw\asl_alphabet\train\G\G510.jpg,G,train
..\..\data\raw\asl_alphabet\train\O\O1475.jpg,O,train
..\..\data\raw\asl_alphabet\train\P\P2022.jpg,P,train
..\..\data\raw\asl_alphabet\train\Q\Q1504.jpg,Q,train
..\..\data\raw\asl_alphabet\train\del\del2170.jpg,del,train
..\..\data\raw\asl_alphabet\train\J\J587.jpg,J,train
..\..\data\raw\asl_alphabet\train\Q\Q2109.jpg,Q,train
..\..\data\raw\asl_alphabet\train\E\E937.jpg,E,train
..\..\data\raw\asl_alphabet\train\N\N2628.jpg,N,train
..\..\data\raw\asl_alphabet\train\T\T159.jpg,T,train
..\..\data\raw\asl_alphabet\train\E\E571.jpg,E,train
..\..\data\raw\asl_alphabet\train\Y\Y2477.jpg,Y,train
..\..\data\raw\asl_alphabet\train\B\B2512.jpg,B,train
..\..\data\raw\asl_alphabet\train\Z\Z2762.jpg,Z,train
..\..\data\raw\asl_alphabet\train\Y\Y1898.jpg,Y,train
..\..\data\raw\asl_alphabet\train\L\L570.jpg,L,train
..\..\data\raw\asl_alphabet\train\X\X463.jpg,X,train
..\..\data\raw\asl_alphabet\train\F\F1106.jpg,F,train
..\..\data\raw\asl_alphabet\train\V\V2693.jpg,V,train
..\..\data\raw\asl_alphabet\train\G\G560.jpg,G,train
..\..\data\raw\asl_alphabet\train\F\F2350.jpg,F,train
..\..\data\raw\asl_alphabet\train\I\I2643.jpg,I,train
..\..\data\raw\asl_alphabet\train\R\R2859.jpg,R,train
..\..\data\raw\asl_alphabet\train\M\M1167.jpg,M,train
..\..\data\raw\asl_alphabet\train\Q\Q2318.jpg,Q,train
..\..\data\raw\asl_alphabet\train\U\U1920.jpg,U,train
..\..\data\raw\asl_alphabet\train\R\R2137.jpg,R,train
..\..\data\raw\asl_alphabet\train\K\K2753.jpg,K,train
..\..\data\raw\asl_alphabet\train\I\I565.jpg,I,train
..\..\data\raw\asl_alphabet\train\A\A2575.jpg,A,train
..\..\data\raw\asl_alphabet\train\P\P1224.jpg,P,train
..\..\data\raw\asl_alphabet\train\N\N1566.jpg,N,train
..\..\data\raw\asl_alphabet\train\U\U1615.jpg,U,train
..\..\data\raw\asl_alphabet\train\del\del2793.jpg,del,train
..\..\data\raw\asl_alphabet\train\M\M2995.jpg,M,train
..\..\data\raw\asl_alphabet\train\U\U1831.jpg,U,train
..\..\data\raw\asl_alphabet\train\del\del510.jpg,del,train
..\..\data\raw\asl_alphabet\train\V\V2612.jpg,V,train
..\..\data\raw\asl_alphabet\train\B\B2824.jpg,B,train
..\..\data\raw\asl_alphabet\train\W\W2041.jpg,W,train
..\..\data\raw\asl_alphabet\train\N\N2335.jpg,N,train
..\..\data\raw\asl_alphabet\train\M\M485.jpg,M,train
..\..\data\raw\asl_alphabet\train\B\B130.jpg,B,train
..\..\data\raw\asl_alphabet\train\Y\Y1653.jpg,Y,train
..\..\data\raw\asl_alphabet\train\H\H315.jpg,H,train
..\..\data\raw\asl_alphabet\train\R\R2505.jpg,R,train
..\..\data\raw\asl_alphabet\train\K\K2622.jpg,K,train
..\..\data\raw\asl_alphabet\train\C\C686.jpg,C,train
..\..\data\raw\asl_alphabet\train\T\T2587.jpg,T,train
..\..\data\raw\asl_alphabet\train\Z\Z1982.jpg,Z,train
..\..\data\raw\asl_alphabet\train\H\H1821.jpg,H,train
..\..\data\raw\asl_alphabet\train\I\I665.jpg,I,train
..\..\data\raw\asl_alphabet\train\L\L1755.jpg,L,train
..\..\data\raw\asl_alphabet\train\X\X2231.jpg,X,train
..\..\data\raw\asl_alphabet\train\E\E1867.jpg,E,train
..\..\data\raw\asl_alphabet\train\nothing\nothing1038.jpg,nothing,train
..\..\data\raw\asl_alphabet\train\D\D1588.jpg,D,train
..\..\data\raw\asl_alphabet\train\S\S2540.jpg,S,train
..\..\data\raw\asl_alphabet\train\K\K851.jpg,K,train
..\..\data\raw\asl_alphabet\train\D\D428.jpg,D,train
..\..\data\raw\asl_alphabet\train\M\M628.jpg,M,train
..\..\data\raw\asl_alphabet\train\Z\Z2108.jpg,Z,train
..\..\data\raw\asl_alphabet\train\H\H2082.jpg,H,train
..\..\data\raw\asl_alphabet\train\Z\Z2130.jpg,Z,train
..\..\data\raw\asl_alphabet\train\Q\Q2208.jpg,Q,train
..\..\data\raw\asl_alphabet\train\M\M443.jpg,M,train
..\..\data\raw\asl_alphabet\train\X\X180.jpg,X,train
..\..\data\raw\asl_alphabet\train\E\E2031.jpg,E,train
..\..\data\raw\asl_alphabet\train\M\M2452.jpg,M,train
..\..\data\raw\asl_alphabet\train\R\R2697.jpg,R,train
..\..\data\raw\asl_alphabet\train\U\U2202.jpg,U,train
..\..\data\raw\asl_alphabet\train\D\D331.jpg,D,train
..\..\data\raw\asl_alphabet\train\Y\Y523.jpg,Y,train
..\..\data\raw\asl_alphabet\train\W\W577.jpg,W,train
..\..\data\raw\asl_alphabet\train\W\W2009.jpg,W,train
..\..\data\raw\asl_alphabet\train\V\V1516.jpg,V,train
..\..\data\raw\asl_alphabet\train\E\E2524.jpg,E,train
..\..\data\raw\asl_alphabet\train\L\L2743.jpg,L,train
..\..\data\raw\asl_alphabet\train\V\V503.jpg,V,train
..\..\data\raw\asl_alphabet\train\Z\Z2155.jpg,Z,train
..\..\data\raw\asl_alphabet\train\J\J1247.jpg,J,train
..\..\data\raw\asl_alphabet\train\I\I2032.jpg,I,train
..\..\data\raw\asl_alphabet\train\H\H2650.jpg,H,train
..\..\data\raw\asl_alphabet\train\C\C2332.jpg,C,train
..\..\data\raw\asl_alphabet\train\S\S1560.jpg,S,train
..\..\data\raw\asl_alphabet\train\V\V515.jpg,V,train
..\..\data\raw\asl_alphabet\train\H\H2261.jpg,H,train
..\..\data\raw\asl_alphabet\train\W\W701.jpg,W,train
..\..\data\raw\asl_alphabet\train\U\U1375.jpg,U,train
..\..\data\raw\asl_alphabet\train\F\F2811.jpg,F,train
..\..\data\raw\asl_alphabet\train\X\X944.jpg,X,train
..\..\data\raw\asl_alphabet\train\O\O1164.jpg,O,train
..\..\data\raw\asl_alphabet\train\Z\Z1031.jpg,Z,train
..\..\data\raw\asl_alphabet\train\del\del188.jpg,del,train
..\..\data\raw\asl_alphabet\train\K\K991.jpg,K,train
..\..\data\raw\asl_alphabet\train\S\S1175.jpg,S,train
..\..\data\raw\asl_alphabet\train\M\M809.jpg,M,train
..\..\data\raw\asl_alphabet\train\H\H1333.jpg,H,train
..\..\data\raw\asl_alphabet\train\R\R2039.jpg,R,train
..\..\data\raw\asl_alphabet\train\P\P2339.jpg,P,train
..\..\data\raw\asl_alphabet\train\Y\Y871.jpg,Y,train
..\..\data\raw\asl_alphabet\train\V\V810.jpg,V,train
..\..\data\raw\asl_alphabet\train\Q\Q2591.jpg,Q,train
..\..\data\raw\asl_alphabet\train\M\M2475.jpg,M,train
..\..\data\raw\asl_alphabet\train\L\L2915.jpg,L,train
..\..\data\raw\asl_alphabet\train\J\J2529.jpg,J,train
..\..\data\raw\asl_alphabet\train\F\F18.jpg,F,train
..\..\data\raw\asl_alphabet\train\C\C2186.jpg,C,train
..\..\data\raw\asl_alphabet\train\Q\Q872.jpg,Q,train
..\..\data\raw\asl_alphabet\train\I\I157.jpg,I,train
..\..\data\raw\asl_alphabet\train\K\K1496.jpg,K,train
..\..\data\raw\asl_alphabet\train\P\P856.jpg,P,train
..\..\data\raw\asl_alphabet\train\Z\Z1099.jpg,Z,train
..\..\data\raw\asl_alphabet\train\M\M588.jpg,M,train
..\..\data\raw\asl_alphabet\train\U\U1772.jpg,U,train
..\..\data\raw\asl_alphabet\train\D\D2629.jpg,D,train
..\..\data\raw\asl_alphabet\train\Y\Y1946.jpg,Y,train
..\..\data\raw\asl_alphabet\train\J\J404.jpg,J,train
..\..\data\raw\asl_alphabet\train\C\C723.jpg,C,train
..\..\data\raw\asl_alphabet\train\H\H252.jpg,H,train
..\..\data\raw\asl_alphabet\train\R\R370.jpg,R,train
..\..\data\raw\asl_alphabet\train\K\K2062.jpg,K,train
..\..\data\raw\asl_alphabet\train\E\E2575.jpg,E,train
..\..\data\raw\asl_alphabet\train\S\S576.jpg,S,train
..\..\data\raw\asl_alphabet\train\P\P2371.jpg,P,train
..\..\data\raw\asl_alphabet\train\H\H2957.jpg,H,train
..\..\data\raw\asl_alphabet\train\A\A876.jpg,A,train
..\..\data\raw\asl_alphabet\train\V\V1852.jpg,V,train
..\..\data\raw\asl_alphabet\train\B\B2246.jpg,B,train
..\..\data\raw\asl_alphabet\train\del\del591.jpg,del,train
..\..\data\raw\asl_alphabet\train\J\J883.jpg,J,train
..\..\data\raw\asl_alphabet\train\G\G905.jpg,G,train
..\..\data\raw\asl_alphabet\train\H\H2217.jpg,H,train
..\..\data\raw\asl_alphabet\train\R\R791.jpg,R,train
..\..\data\raw\asl_alphabet\train\nothing\nothing2009.jpg,nothing,train
..\..\data\raw\asl_alphabet\train\X\X294.jpg,X,train
..\..\data\raw\asl_alphabet\train\nothing\nothing1285.jpg,nothing,train
..\..\data\raw\asl_alphabet\train\N\N1772.jpg,N,train
..\..\data\raw\asl_alphabet\train\O\O2927.jpg,O,train
..\..\data\raw\asl_alphabet\train\space\space590.jpg,space,train
..\..\data\raw\asl_alphabet\train\J\J1143.jpg,J,train
..\..\data\raw\asl_alphabet\train\S\S1326.jpg,S,train
..\..\data\raw\asl_alphabet\train\T\T965.jpg,T,train
..\..\data\raw\asl_alphabet\train\W\W2304.jpg,W,train
..\..\data\raw\asl_alphabet\train\del\del2467.jpg,del,train
..\..\data\raw\asl_alphabet\train\G\G2321.jpg,G,train
..\..\data\raw\asl_alphabet\train\F\F1029.jpg,F,train
..\..\data\raw\asl_alphabet\train\A\A1130.jpg,A,train
..\..\data\raw\asl_alphabet\train\L\L1946.jpg,L,train
..\..\data\raw\asl_alphabet\train\G\G990.jpg,G,train
..\..\data\raw\asl_alphabet\train\R\R1779.jpg,R,train
..\..\data\raw\asl_alphabet\train\del\del1802.jpg,del,train
..\..\data\raw\asl_alphabet\train\N\N19.jpg,N,train
..\..\data\raw\asl_alphabet\train\H\H1414.jpg,H,train
..\..\data\raw\asl_alphabet\train\O\O613.jpg,O,train
..\..\data\raw\asl_alphabet\train\K\K374.jpg,K,train
..\..\data\raw\asl_alphabet\train\W\W221.jpg,W,train
..\..\data\raw\asl_alphabet\train\X\X2467.jpg,X,train
..\..\data\raw\asl_alphabet\train\T\T1275.jpg,T,train
..\..\data\raw\asl_alphabet\train\space\space204.jpg,space,train
..\..\data\raw\asl_alphabet\train\P\P1862.jpg,P,train
..\..\data\raw\asl_alphabet\train\B\B588.jpg,B,train
..\..\data\raw\asl_alphabet\train\A\A898.jpg,A,train
..\..\data\raw\asl_alphabet\train\G\G413.jpg,G,train
..\..\data\raw\asl_alphabet\train\del\del1758.jpg,del,train
..\..\data\raw\asl_alphabet\train\J\J1868.jpg,J,train
..\..\data\raw\asl_alphabet\train\N\N2373.jpg,N,train
..\..\data\raw\asl_alphabet\train\P\P2944.jpg,P,train
..\..\data\raw\asl_alphabet\train\Q\Q2644.jpg,Q,train
..\..\data\raw\asl_alphabet\train\L\L202.jpg,L,train
..\..\data\raw\asl_alphabet\train\A\A2990.jpg,A,train
..\..\data\raw\asl_alphabet\train\Q\Q2071.jpg,Q,train
..\..\data\raw\asl_alphabet\train\H\H1688.jpg,H,train
..\..\data\raw\asl_alphabet\train\L\L1199.jpg,L,train
..\..\data\raw\asl_alphabet\train\N\N412.jpg,N,train
..\..\data\raw\asl_alphabet\train\nothing\nothing353.jpg,nothing,train
..\..\data\raw\asl_alphabet\train\M\M132.jpg,M,train
..\..\data\raw\asl_alphabet\train\U\U2172.jpg,U,train
..\..\data\raw\asl_alphabet\train\B\B2694.jpg,B,train
..\..\data\raw\asl_alphabet\train\space\space1396.jpg,space,train
..\..\data\raw\asl_alphabet\train\B\B874.jpg,B,train
..\..\data\raw\asl_alphabet\train\I\I1318.jpg,I,train
..\..\data\raw\asl_alphabet\train\O\O398.jpg,O,train
..\..\data\raw\asl_alphabet\train\I\I1331.jpg,I,train
..\..\data\raw\asl_alphabet\train\H\H183.jpg,H,train
..\..\data\raw\asl_alphabet\train\nothing\nothing1081.jpg,nothing,train
..\..\data\raw\asl_alphabet\train\E\E747.jpg,E,train
..\..\data\raw\asl_alphabet\train\K\K1752.jpg,K,train
..\..\data\raw\asl_alphabet\train\V\V2284.jpg,V,train
..\..\data\raw\asl_alphabet\train\space\space1459.jpg,space,train
..\..\data\raw\asl_alphabet\train\L\L899.jpg,L,train
..\..\data\raw\asl_alphabet\train\space\space923.jpg,space,train
..\..\data\raw\asl_alphabet\train\P\P682.jpg,P,train
..\..\data\raw\asl_alphabet\train\S\S1024.jpg,S,train
..\..\data\raw\asl_alphabet\train\space\space2748.jpg,space,train
..\..\data\raw\asl_alphabet\train\C\C105.jpg,C,train
..\..\data\raw\asl_alphabet\train\C\C547.jpg,C,train
..\..\data\raw\asl_alphabet\train\del\del1826.jpg,del,train
..\..\data\raw\asl_alphabet\train\space\space82.jpg,space,train
..\..\data\raw\asl_alphabet\train\S\S790.jpg,S,train
..\..\data\raw\asl_alphabet\train\B\B2605.jpg,B,train
..\..\data\raw\asl_alphabet\train\nothing\nothing21.jpg,nothing,train
..\..\data\raw\asl_alphabet\train\H\H869.jpg,H,train
..\..\data\raw\asl_alphabet\train\M\M2383.jpg,M,train
..\..\data\raw\asl_alphabet\train\del\del2169.jpg,del,train
..\..\data\raw\asl_alphabet\train\R\R1646.jpg,R,train
..\..\data\raw\asl_alphabet\train\W\W2785.jpg,W,train
..\..\data\raw\asl_alphabet\train\T\T1667.jpg,T,train
..\..\data\raw\asl_alphabet\train\C\C2770.jpg,C,train
..\..\data\raw\asl_alphabet\train\A\A2482.jpg,A,train
..\..\data\raw\asl_alphabet\train\K\K634.jpg,K,train
..\..\data\raw\asl_alphabet\train\T\T2643.jpg,T,train
..\..\data\raw\asl_alphabet\train\N\N1315.jpg,N,train
..\..\data\raw\asl_alphabet\train\R\R54.jpg,R,train
..\..\data\raw\asl_alphabet\train\S\S1372.jpg,S,train
..\..\data\raw\asl_alphabet\train\M\M171.jpg,M,train
..\..\data\raw\asl_alphabet\train\B\B2805.jpg,B,train
..\..\data\raw\asl_alphabet\train\X\X1611.jpg,X,train
..\..\data\raw\asl_alphabet\train\A\A307.jpg,A,train
..\..\data\raw\asl_alphabet\train\Q\Q2832.jpg,Q,train
..\..\data\raw\asl_alphabet\train\P\P68.jpg,P,train
..\..\data\raw\asl_alphabet\train\W\W2514.jpg,W,train
..\..\data\raw\asl_alphabet\train\I\I408.jpg,I,train
..\..\data\raw\asl_alphabet\train\Z\Z1050.jpg,Z,train
..\..\data\raw\asl_alphabet\train\R\R637.jpg,R,train
..\..\data\raw\asl_alphabet\train\V\V946.jpg,V,train
..\..\data\raw\asl_alphabet\train\T\T927.jpg,T,train
..\..\data\raw\asl_alphabet\train\T\T1882.jpg,T,train
..\..\data\raw\asl_alphabet\train\L\L163.jpg,L,train
..\..\data\raw\asl_alphabet\train\F\F2985.jpg,F,train
..\..\data\raw\asl_alphabet\train\Z\Z2902.jpg,Z,train
..\..\data\raw\asl_alphabet\train\L\L2512.jpg,L,train
..\..\data\raw\asl_alphabet\train\V\V1021.jpg,V,train
..\..\data\raw\asl_alphabet\train\B\B19.jpg,B,train
..\..\data\raw\asl_alphabet\train\G\G25.jpg,G,train
..\..\data\raw\asl_alphabet\train\X\X1527.jpg,X,train
..\..\data\raw\asl_alphabet\train\B\B1921.jpg,B,train
..\..\data\raw\asl_alphabet\train\I\I1515.jpg,I,train
..\..\data\raw\asl_alphabet\train\T\T1877.jpg,T,train
..\..\data\raw\asl_alphabet\train\P\P820.jpg,P,train
..\..\data\raw\asl_alphabet\train\S\S726.jpg,S,train
..\..\data\raw\asl_alphabet\train\K\K2712.jpg,K,train
..\..\data\raw\asl_alphabet\train\I\I1757.jpg,I,train
..\..\data\raw\asl_alphabet\train\W\W2350.jpg,W,train
..\..\data\raw\asl_alphabet\train\D\D2852.jpg,D,train
..\..\data\raw\asl_alphabet\train\T\T686.jpg,T,train
..\..\data\raw\asl_alphabet\train\K\K1858.jpg,K,train
..\..\data\raw\asl_alphabet\train\Q\Q2748.jpg,Q,train
..\..\data\raw\asl_alphabet\train\U\U486.jpg,U,train
..\..\data\raw\asl_alphabet\train\J\J2191.jpg,J,train
..\..\data\raw\asl_alphabet\train\G\G1545.jpg,G,train
..\..\data\raw\asl_alphabet\train\del\del792.jpg,del,train
..\..\data\raw\asl_alphabet\train\V\V1353.jpg,V,train
..\..\data\raw\asl_alphabet\train\O\O2008.jpg,O,train
..\..\data\raw\asl_alphabet\train\nothing\nothing354.jpg,nothing,train
..\..\data\raw\asl_alphabet\train\nothing\nothing704.jpg,nothing,train
..\..\data\raw\asl_alphabet\train\Y\Y666.jpg,Y,train
..\..\data\raw\asl_alphabet\train\X\X2674.jpg,X,train
..\..\data\raw\asl_alphabet\train\Q\Q890.jpg,Q,train
..\..\data\raw\asl_alphabet\train\D\D2652.jpg,D,train
..\..\data\raw\asl_alphabet\train\P\P351.jpg,P,train
..\..\data\raw\asl_alphabet\train\T\T610.jpg,T,train
..\..\data\raw\asl_alphabet\train\P\P2379.jpg,P,train
..\..\data\raw\asl_alphabet\train\D\D786.jpg,D,train
..\..\data\raw\asl_alphabet\train\S\S1350.jpg,S,train
..\..\data\raw\asl_alphabet\train\D\D1209.jpg,D,train
..\..\data\raw\asl_alphabet\train\Y\Y2472.jpg,Y,train
..\..\data\raw\asl_alphabet\train\D\D1313.jpg,D,train
..\..\data\raw\asl_alphabet\train\U\U2093.jpg,U,train
..\..\data\raw\asl_alphabet\train\Z\Z2801.jpg,Z,train
..\..\data\raw\asl_alphabet\train\U\U2604.jpg,U,train
..\..\data\raw\asl_alphabet\train\W\W2509.jpg,W,train
..\..\data\raw\asl_alphabet\train\L\L1393.jpg,L,train
..\..\data\raw\asl_alphabet\train\S\S2228.jpg,S,train
..\..\data\raw\asl_alphabet\train\D\D9.jpg,D,train
..\..\data\raw\asl_alphabet\train\M\M2787.jpg,M,train
..\..\data\raw\asl_alphabet\train\space\space2915.jpg,space,train
..\..\data\raw\asl_alphabet\train\V\V383.jpg,V,train
..\..\data\raw\asl_alphabet\train\X\X2145.jpg,X,train
..\..\data\raw\asl_alphabet\train\X\X2307.jpg,X,train
..\..\data\raw\asl_alphabet\train\F\F1492.jpg,F,train
..\..\data\raw\asl_alphabet\train\X\X999.jpg,X,train
..\..\data\raw\asl_alphabet\train\A\A1925.jpg,A,train
..\..\data\raw\asl_alphabet\train\A\A1974.jpg,A,train
..\..\data\raw\asl_alphabet\train\J\J1979.jpg,J,train
..\..\data\raw\asl_alphabet\train\D\D1538.jpg,D,train
..\..\data\raw\asl_alphabet\train\C\C780.jpg,C,train
..\..\data\raw\asl_alphabet\train\S\S1842.jpg,S,train
..\..\data\raw\asl_alphabet\train\U\U803.jpg,U,train
..\..\data\raw\asl_alphabet\train\E\E1131.jpg,E,train
..\..\data\raw\asl_alphabet\train\S\S1589.jpg,S,train
..\..\data\raw\asl_alphabet\train\C\C843.jpg,C,train
..\..\data\raw\asl_alphabet\train\R\R2400.jpg,R,train
..\..\data\raw\asl_alphabet\train\Z\Z953.jpg,Z,train
..\..\data\raw\asl_alphabet\train\W\W450.jpg,W,train
..\..\data\raw\asl_alphabet\train\A\A1865.jpg,A,train
..\..\data\raw\asl_alphabet\train\G\G2181.jpg,G,train
..\..\data\raw\asl_alphabet\train\V\V1948.jpg,V,train
..\..\data\raw\asl_alphabet\train\J\J2241.jpg,J,train
..\..\data\raw\asl_alphabet\train\R\R1936.jpg,R,train
..\..\data\raw\asl_alphabet\train\del\del2131.jpg,del,train
..\..\data\raw\asl_alphabet\train\Q\Q1879.jpg,Q,train
..\..\data\raw\asl_alphabet\train\D\D1432.jpg,D,train
..\..\data\raw\asl_alphabet\train\nothing\nothing2095.jpg,nothing,train
..\..\data\raw\asl_alphabet\train\Y\Y285.jpg,Y,train
..\..\data\raw\asl_alphabet\train\del\del1480.jpg,del,train
..\..\data\raw\asl_alphabet\train\T\T1834.jpg,T,train
..\..\data\raw\asl_alphabet\train\L\L361.jpg,L,train
..\..\data\raw\asl_alphabet\train\D\D146.jpg,D,train
..\..\data\raw\asl_alphabet\train\U\U128.jpg,U,train
..\..\data\raw\asl_alphabet\train\I\I2181.jpg,I,train
..\..\data\raw\asl_alphabet\train\N\N985.jpg,N,train
..\..\data\raw\asl_alphabet\train\S\S1873.jpg,S,train
..\..\data\raw\asl_alphabet\train\R\R2242.jpg,R,train
..\..\data\raw\asl_alphabet\train\L\L2699.jpg,L,train
..\..\data\raw\asl_alphabet\train\P\P1432.jpg,P,train
..\..\data\raw\asl_alphabet\train\G\G2461.jpg,G,train
..\..\data\raw\asl_alphabet\train\C\C249.jpg,C,train
..\..\data\raw\asl_alphabet\train\L\L915.jpg,L,train
..\..\data\raw\asl_alphabet\train\L\L1484.jpg,L,train
..\..\data\raw\asl_alphabet\train\X\X87.jpg,X,train
..\..\data\raw\asl_alphabet\train\K\K327.jpg,K,train
..\..\data\raw\asl_alphabet\train\Y\Y931.jpg,Y,train
..\..\data\raw\asl_alphabet\train\E\E76.jpg,E,train
..\..\data\raw\asl_alphabet\train\H\H1739.jpg,H,train
..\..\data\raw\asl_alphabet\train\Z\Z1300.jpg,Z,train
..\..\data\raw\asl_alphabet\train\I\I2471.jpg,I,train
..\..\data\raw\asl_alphabet\train\A\A1204.jpg,A,train
..\..\data\raw\asl_alphabet\train\J\J1462.jpg,J,train
..\..\data\raw\asl_alphabet\train\X\X2227.jpg,X,train
..\..\data\raw\asl_alphabet\train\A\A2915.jpg,A,train
..\..\data\raw\asl_alphabet\train\L\L469.jpg,L,train
..\..\data\raw\asl_alphabet\train\V\V2718.jpg,V,train
..\..\data\raw\asl_alphabet\train\H\H1432.jpg,H,train
..\..\data\raw\asl_alphabet\train\O\O26.jpg,O,train
..\..\data\raw\asl_alphabet\train\R\R2625.jpg,R,train
..\..\data\raw\asl_alphabet\train\M\M1543.jpg,M,train
..\..\data\raw\asl_alphabet\train\W\W434.jpg,W,train
..\..\data\raw\asl_alphabet\train\space\space179.jpg,space,train
..\..\data\raw\asl_alphabet\train\del\del856.jpg,del,train
..\..\data\raw\asl_alphabet\train\N\N1255.jpg,N,train
..\..\data\raw\asl_alphabet\train\U\U877.jpg,U,train
..\..\data\raw\asl_alphabet\train\V\V2111.jpg,V,train
..\..\data\raw\asl_alphabet\train\V\V2935.jpg,V,train
..\..\data\raw\asl_alphabet\train\Q\Q436.jpg,Q,train
..\..\data\raw\asl_alphabet\train\D\D417.jpg,D,train
..\..\data\raw\asl_alphabet\train\nothing\nothing283.jpg,nothing,train
..\..\data\raw\asl_alphabet\train\del\del275.jpg,del,train
..\..\data\raw\asl_alphabet\train\F\F1504.jpg,F,train
..\..\data\raw\asl_alphabet\train\space\space622.jpg,space,train
..\..\data\raw\asl_alphabet\train\D\D2978.jpg,D,train
..\..\data\raw\asl_alphabet\train\M\M584.jpg,M,train
..\..\data\raw\asl_alphabet\train\Y\Y1484.jpg,Y,train
..\..\data\raw\asl_alphabet\train\space\space1654.jpg,space,train
..\..\data\raw\asl_alphabet\train\M\M2801.jpg,M,train
..\..\data\raw\asl_alphabet\train\D\D2374.jpg,D,train
..\..\data\raw\asl_alphabet\train\C\C2288.jpg,C,train
..\..\data\raw\asl_alphabet\train\nothing\nothing2374.jpg,nothing,train
..\..\data\raw\asl_alphabet\train\K\K822.jpg,K,train
..\..\data\raw\asl_alphabet\train\C\C668.jpg,C,train
..\..\data\raw\asl_alphabet\train\S\S278.jpg,S,train
..\..\data\raw\asl_alphabet\train\P\P1902.jpg,P,train
..\..\data\raw\asl_alphabet\train\M\M1466.jpg,M,train
..\..\data\raw\asl_alphabet\train\nothing\nothing784.jpg,nothing,train
..\..\data\raw\asl_alphabet\train\L\L1104.jpg,L,train
..\..\data\raw\asl_alphabet\train\space\space501.jpg,space,train
..\..\data\raw\asl_alphabet\train\A\A1393.jpg,A,train
..\..\data\raw\asl_alphabet\train\Q\Q8.jpg,Q,train
..\..\data\raw\asl_alphabet\train\O\O1479.jpg,O,train
..\..\data\raw\asl_alphabet\train\del\del1186.jpg,del,train
..\..\data\raw\asl_alphabet\train\Q\Q2771.jpg,Q,train
..\..\data\raw\asl_alphabet\train\U\U701.jpg,U,train
..\..\data\raw\asl_alphabet\train\N\N2806.jpg,N,train
..\..\data\raw\asl_alphabet\train\S\S775.jpg,S,train
..\..\data\raw\asl_alphabet\train\I\I2895.jpg,I,train
..\..\data\raw\asl_alphabet\train\L\L2149.jpg,L,train
..\..\data\raw\asl_alphabet\train\Z\Z2725.jpg,Z,train
..\..\data\raw\asl_alphabet\train\Z\Z1272.jpg,Z,train
..\..\data\raw\asl_alphabet\train\P\P1118.jpg,P,train
..\..\data\raw\asl_alphabet\train\O\O1976.jpg,O,train
..\..\data\raw\asl_alphabet\train\Y\Y1915.jpg,Y,train
..\..\data\raw\asl_alphabet\train\A\A2773.jpg,A,train
..\..\data\raw\asl_alphabet\train\J\J2755.jpg,J,train
..\..\data\raw\asl_alphabet\train\Y\Y1488.jpg,Y,train
..\..\data\raw\asl_alphabet\train\J\J1957.jpg,J,train
..\..\data\raw\asl_alphabet\train\T\T1209.jpg,T,train
..\..\data\raw\asl_alphabet\train\V\V2052.jpg,V,train
..\..\data\raw\asl_alphabet\train\W\W1679.jpg,W,train
..\..\data\raw\asl_alphabet\train\E\E18.jpg,E,train
..\..\data\raw\asl_alphabet\train\E\E2534.jpg,E,train
..\..\data\raw\asl_alphabet\train\J\J2736.jpg,J,train
..\..\data\raw\asl_alphabet\train\del\del2514.jpg,del,train
..\..\data\raw\asl_alphabet\train\X\X601.jpg,X,train
..\..\data\raw\asl_alphabet\train\J\J827.jpg,J,train
..\..\data\raw\asl_alphabet\train\nothing\nothing2910.jpg,nothing,train
..\..\data\raw\asl_alphabet\train\W\W801.jpg,W,train
..\..\data\raw\asl_alphabet\train\A\A2549.jpg,A,train
..\..\data\raw\asl_alphabet\train\S\S1163.jpg,S,train
..\..\data\raw\asl_alphabet\train\N\N1528.jpg,N,train
..\..\data\raw\asl_alphabet\train\L\L2709.jpg,L,train
..\..\data\raw\asl_alphabet\train\L\L1684.jpg,L,train
..\..\data\raw\asl_alphabet\train\Y\Y1531.jpg,Y,train
..\..\data\raw\asl_alphabet\train\X\X566.jpg,X,train
..\..\data\raw\asl_alphabet\train\G\G2709.jpg,G,train
..\..\data\raw\asl_alphabet\train\O\O2835.jpg,O,train
..\..\data\raw\asl_alphabet\train\C\C996.jpg,C,train
..\..\data\raw\asl_alphabet\train\D\D2052.jpg,D,train
..\..\data\raw\asl_alphabet\train\A\A1624.jpg,A,train
..\..\data\raw\asl_alphabet\train\M\M1310.jpg,M,train
..\..\data\raw\asl_alphabet\train\X\X1048.jpg,X,train
..\..\data\raw\asl_alphabet\train\M\M1500.jpg,M,train
..\..\data\raw\asl_alphabet\train\nothing\nothing2294.jpg,nothing,train
..\..\data\raw\asl_alphabet\train\E\E1391.jpg,E,train
..\..\data\raw\asl_alphabet\train\D\D595.jpg,D,train
..\..\data\raw\asl_alphabet\train\Y\Y759.jpg,Y,train
..\..\data\raw\asl_alphabet\train\K\K530.jpg,K,train
..\..\data\raw\asl_alphabet\train\M\M1077.jpg,M,train
..\..\data\raw\asl_alphabet\train\P\P2028.jpg,P,train
..\..\data\raw\asl_alphabet\train\O\O1490.jpg,O,train
..\..\data\raw\asl_alphabet\train\F\F1349.jpg,F,train
..\..\data\raw\asl_alphabet\train\G\G773.jpg,G,train
..\..\data\raw\asl_alphabet\train\R\R2356.jpg,R,train
..\..\data\raw\asl_alphabet\train\del\del1113.jpg,del,train
..\..\data\raw\asl_alphabet\train\B\B1035.jpg,B,train
..\..\data\raw\asl_alphabet\train\T\T2418.jpg,T,train
..\..\data\raw\asl_alphabet\train\R\R2601.jpg,R,train
..\..\data\raw\asl_alphabet\train\X\X1332.jpg,X,train
..\..\data\raw\asl_alphabet\train\D\D2828.jpg,D,train
..\..\data\raw\asl_alphabet\train\X\X1284.jpg,X,train
..\..\data\raw\asl_alphabet\train\I\I2926.jpg,I,train
..\..\data\raw\asl_alphabet\train\J\J2519.jpg,J,train
..\..\data\raw\asl_alphabet\train\Z\Z192.jpg,Z,train
..\..\data\raw\asl_alphabet\train\I\I2461.jpg,I,train
..\..\data\raw\asl_alphabet\train\B\B2464.jpg,B,train
..\..\data\raw\asl_alphabet\train\N\N1073.jpg,N,train
..\..\data\raw\asl_alphabet\train\F\F1456.jpg,F,train
..\..\data\raw\asl_alphabet\train\N\N2149.jpg,N,train
..\..\data\raw\asl_alphabet\train\X\X2722.jpg,X,train
..\..\data\raw\asl_alphabet\train\del\del2184.jpg,del,train
..\..\data\raw\asl_alphabet\train\E\E1885.jpg,E,train
..\..\data\raw\asl_alphabet\train\N\N1590.jpg,N,train
..\..\data\raw\asl_alphabet\train\L\L229.jpg,L,train
..\..\data\raw\asl_alphabet\train\H\H423.jpg,H,train
..\..\data\raw\asl_alphabet\train\A\A2131.jpg,A,train
..\..\data\raw\asl_alphabet\train\U\U973.jpg,U,train
..\..\data\raw\asl_alphabet\train\D\D1716.jpg,D,train
..\..\data\raw\asl_alphabet\train\H\H2826.jpg,H,train
..\..\data\raw\asl_alphabet\train\O\O1867.jpg,O,train
..\..\data\raw\asl_alphabet\train\space\space1232.jpg,space,train
..\..\data\raw\asl_alphabet\train\E\E3000.jpg,E,train
..\..\data\raw\asl_alphabet\train\S\S808.jpg,S,train
..\..\data\raw\asl_alphabet\train\O\O1347.jpg,O,train
..\..\data\raw\asl_alphabet\train\O\O1692.jpg,O,train
..\..\data\raw\asl_alphabet\train\Y\Y1514.jpg,Y,train
..\..\data\raw\asl_alphabet\train\J\J2982.jpg,J,train
..\..\data\raw\asl_alphabet\train\K\K1166.jpg,K,train
..\..\data\raw\asl_alphabet\train\P\P344.jpg,P,train
..\..\data\raw\asl_alphabet\train\Y\Y614.jpg,Y,train
..\..\data\raw\asl_alphabet\train\O\O2312.jpg,O,train
..\..\data\raw\asl_alphabet\train\I\I70.jpg,I,train
..\..\data\raw\asl_alphabet\train\E\E870.jpg,E,train
..\..\data\raw\asl_alphabet\train\L\L2827.jpg,L,train
..\..\data\raw\asl_alphabet\train\N\N1206.jpg,N,train
